frequency_hz,receiver_dbfs_per_bin
222500048.828,-67.185490
222500195.312,-68.513022
222500341.797,-70.377831
222500488.281,-72.574334
222500634.766,-74.379538
222500781.250,-74.365676
222500927.734,-73.774668
222501074.219,-73.800653
222501220.703,-73.750822
222501367.188,-73.926516
222501513.672,-74.033050
222501660.156,-73.930947
222501806.641,-74.188920
222501953.125,-73.977798
222502099.609,-74.372901
222502246.094,-75.023223
222502392.578,-75.041946
222502539.062,-74.736829
222502685.547,-74.565437
222502832.031,-74.869484
222502978.516,-75.329271
222503125.000,-75.376231
222503271.484,-75.348844
222503417.969,-75.561981
222503564.453,-75.248586
222503710.938,-75.202329
222503857.422,-75.238356
222504003.906,-75.121496
222504150.391,-74.824515
222504296.875,-74.650248
222504443.359,-74.574883
222504589.844,-74.759910
222504736.328,-74.864509
222504882.812,-74.869961
222505029.297,-75.258635
222505175.781,-75.074950
222505322.266,-75.070678
222505468.750,-75.205171
222505615.234,-75.245910
222505761.719,-75.246450
222505908.203,-74.984529
222506054.688,-75.003752
222506201.172,-75.226337
222506347.656,-75.005837
222506494.141,-75.138131
222506640.625,-75.576217
222506787.109,-75.837202
222506933.594,-75.770268
222507080.078,-75.703906
222507226.562,-75.593879
222507373.047,-75.740531
222507519.531,-75.788550
222507666.016,-75.980077
222507812.500,-75.784947
222507958.984,-75.489488
222508105.469,-75.493156
222508251.953,-75.939177
222508398.438,-76.092737
222508544.922,-75.955332
222508691.406,-75.941205
222508837.891,-75.989748
222508984.375,-76.171990
222509130.859,-76.108634
222509277.344,-76.331460
222509423.828,-76.425409
222509570.312,-76.446818
222509716.797,-76.494083
222509863.281,-76.225827
222510009.766,-76.184315
222510156.250,-76.525445
222510302.734,-76.583735
222510449.219,-76.361182
222510595.703,-76.507130
222510742.188,-76.363171
222510888.672,-76.409059
222511035.156,-76.556133
222511181.641,-76.484921
222511328.125,-75.950278
222511474.609,-75.721898
222511621.094,-75.686268
222511767.578,-75.839403
222511914.062,-76.018391
222512060.547,-76.330164
222512207.031,-76.170530
222512353.516,-76.447884
222512500.000,-76.528100
222512646.484,-76.607736
222512792.969,-76.602418
222512939.453,-76.677546
222513085.938,-76.671637
222513232.422,-76.606847
222513378.906,-76.662309
222513525.391,-76.456218
222513671.875,-76.295530
222513818.359,-76.279426
222513964.844,-76.493338
222514111.328,-76.231367
222514257.812,-76.144927
222514404.297,-76.563979
222514550.781,-76.527605
222514697.266,-76.425681
222514843.750,-76.244272
222514990.234,-76.168676
222515136.719,-76.331986
222515283.203,-76.110467
222515429.688,-76.415700
222515576.172,-76.586597
222515722.656,-76.567614
222515869.141,-76.439904
222516015.625,-76.382146
222516162.109,-76.419279
222516308.594,-76.479363
222516455.078,-76.476865
222516601.562,-76.514440
222516748.047,-76.222579
222516894.531,-75.873441
222517041.016,-76.088441
222517187.500,-76.310898
222517333.984,-76.165731
222517480.469,-76.441978
222517626.953,-76.541794
222517773.438,-76.491810
222517919.922,-76.325466
222518066.406,-76.254156
222518212.891,-76.181652
222518359.375,-76.343022
222518505.859,-76.228022
222518652.344,-76.296106
222518798.828,-76.281675
222518945.312,-76.293990
222519091.797,-76.506937
222519238.281,-76.573830
222519384.766,-76.490829
222519531.250,-76.436287
222519677.734,-76.313569
222519824.219,-75.873846
222519970.703,-76.062017
222520117.188,-76.222336
222520263.672,-76.212666
222520410.156,-75.835500
222520556.641,-75.683953
222520703.125,-75.352428
222520849.609,-75.383311
222520996.094,-75.821852
222521142.578,-76.186153
222521289.062,-76.022756
222521435.547,-76.020104
222521582.031,-75.981430
222521728.516,-76.066771
222521875.000,-75.734206
222522021.484,-75.761073
222522167.969,-75.861173
222522314.453,-75.761402
222522460.938,-76.097754
222522607.422,-76.418812
222522753.906,-75.993680
222522900.391,-75.841336
222523046.875,-75.996491
222523193.359,-75.896935
222523339.844,-75.981851
222523486.328,-75.937565
222523632.812,-75.591419
222523779.297,-75.445653
222523925.781,-75.728323
222524072.266,-75.868689
222524218.750,-75.876683
222524365.234,-75.943151
222524511.719,-75.928516
222524658.203,-75.937294
222524804.688,-76.150593
222524951.172,-75.886088
222525097.656,-75.822668
222525244.141,-76.245245
222525390.625,-76.219005
222525537.109,-76.072917
222525683.594,-76.008052
222525830.078,-75.920128
222525976.562,-75.975426
222526123.047,-76.410924
222526269.531,-76.342851
222526416.016,-76.009432
222526562.500,-75.834912
222526708.984,-75.629296
222526855.469,-75.725911
222527001.953,-75.891836
222527148.438,-76.021045
222527294.922,-76.107142
222527441.406,-75.890339
222527587.891,-75.835447
222527734.375,-75.722167
222527880.859,-75.560348
222528027.344,-75.606945
222528173.828,-75.902082
222528320.312,-76.265094
222528466.797,-76.197364
222528613.281,-76.120617
222528759.766,-76.172338
222528906.250,-76.263562
222529052.734,-76.320363
222529199.219,-76.208793
222529345.703,-75.898909
222529492.188,-75.921611
222529638.672,-76.143435
222529785.156,-76.042042
222529931.641,-76.082301
222530078.125,-76.364361
222530224.609,-76.484004
222530371.094,-76.242170
222530517.578,-76.271402
222530664.062,-76.345347
222530810.547,-76.316352
222530957.031,-76.395687
222531103.516,-76.064530
222531250.000,-76.040666
222531396.484,-75.998870
222531542.969,-76.075825
222531689.453,-76.212838
222531835.938,-76.099591
222531982.422,-76.039738
222532128.906,-75.955734
222532275.391,-75.785841
222532421.875,-75.828879
222532568.359,-75.986290
222532714.844,-75.843041
222532861.328,-75.729004
222533007.812,-76.219902
222533154.297,-76.237505
222533300.781,-76.037086
222533447.266,-75.789386
222533593.750,-75.708599
222533740.234,-75.480988
222533886.719,-75.452003
222534033.203,-75.623611
222534179.688,-75.425116
222534326.172,-75.481814
222534472.656,-75.750104
222534619.141,-75.468368
222534765.625,-75.536971
222534912.109,-75.760318
222535058.594,-75.845304
222535205.078,-75.801938
222535351.562,-75.864312
222535498.047,-76.140011
222535644.531,-76.007129
222535791.016,-76.052486
222535937.500,-76.026139
222536083.984,-75.906893
222536230.469,-75.890362
222536376.953,-76.207196
222536523.438,-76.010691
222536669.922,-75.865701
222536816.406,-75.571840
222536962.891,-75.429246
222537109.375,-75.442276
222537255.859,-75.456349
222537402.344,-75.426554
222537548.828,-75.315692
222537695.312,-75.302456
222537841.797,-75.380502
222537988.281,-75.388098
222538134.766,-75.791751
222538281.250,-75.860990
222538427.734,-75.760132
222538574.219,-75.636146
222538720.703,-75.468951
222538867.188,-75.145651
222539013.672,-75.193246
222539160.156,-75.227417
222539306.641,-75.478260
222539453.125,-75.383582
222539599.609,-75.496620
222539746.094,-75.356289
222539892.578,-75.383449
222540039.062,-75.448685
222540185.547,-75.142064
222540332.031,-74.941833
222540478.516,-75.407830
222540625.000,-75.518743
222540771.484,-75.517794
222540917.969,-75.842287
222541064.453,-75.546555
222541210.938,-74.916738
222541357.422,-74.517294
222541503.906,-74.828690
222541650.391,-74.850099
222541796.875,-75.066730
222541943.359,-75.062196
222542089.844,-75.245314
222542236.328,-75.346482
222542382.812,-75.082664
222542529.297,-75.341273
222542675.781,-75.364426
222542822.266,-75.411570
222542968.750,-75.339168
222543115.234,-75.667530
222543261.719,-75.727072
222543408.203,-75.671958
222543554.688,-75.687313
222543701.172,-75.562644
222543847.656,-75.512158
222543994.141,-75.377200
222544140.625,-75.297960
222544287.109,-75.206514
222544433.594,-75.451214
222544580.078,-75.415606
222544726.562,-75.327015
222544873.047,-75.660120
222545019.531,-75.578293
222545166.016,-75.301352
222545312.500,-75.215604
222545458.984,-75.500954
222545605.469,-75.417107
222545751.953,-75.447464
222545898.438,-75.686152
222546044.922,-75.889484
222546191.406,-75.467890
222546337.891,-75.213734
222546484.375,-75.330490
222546630.859,-75.499828
222546777.344,-75.164304
222546923.828,-75.194829
222547070.312,-75.404655
222547216.797,-75.617737
222547363.281,-75.510778
222547509.766,-75.552510
222547656.250,-75.311114
222547802.734,-75.358695
222547949.219,-75.589351
222548095.703,-75.536068
222548242.188,-75.526209
222548388.672,-75.308202
222548535.156,-75.371772
222548681.641,-75.375829
222548828.125,-75.513914
222548974.609,-75.527718
222549121.094,-75.477571
222549267.578,-75.546190
222549414.062,-75.162414
222549560.547,-75.508446
222549707.031,-75.594810
222549853.516,-75.427526
222550000.000,-75.234214
222550146.484,-75.226499
222550292.969,-75.151216
222550439.453,-75.324913
222550585.938,-75.092329
222550732.422,-75.148608
222550878.906,-75.158669
222551025.391,-75.679351
222551171.875,-75.815872
222551318.359,-75.167479
222551464.844,-75.167805
222551611.328,-75.238379
222551757.812,-74.960131
222551904.297,-75.434878
222552050.781,-75.236662
222552197.266,-75.160927
222552343.750,-75.380460
222552490.234,-75.492066
222552636.719,-75.315857
222552783.203,-75.253936
222552929.688,-75.209135
222553076.172,-75.324747
222553222.656,-74.916763
222553369.141,-74.926922
222553515.625,-75.006357
222553662.109,-75.084891
222553808.594,-75.283073
222553955.078,-75.074972
222554101.562,-74.998960
222554248.047,-74.867180
222554394.531,-75.013350
222554541.016,-75.013928
222554687.500,-74.919334
222554833.984,-74.953145
222554980.469,-74.971780
222555126.953,-75.201361
222555273.438,-74.864198
222555419.922,-74.550053
222555566.406,-74.540780
222555712.891,-74.630414
222555859.375,-74.482116
222556005.859,-74.222197
222556152.344,-74.054269
222556298.828,-74.128957
222556445.312,-74.217236
222556591.797,-73.882121
222556738.281,-74.001894
222556884.766,-73.926006
222557031.250,-73.625358
222557177.734,-73.673626
222557324.219,-73.548342
222557470.703,-73.797072
222557617.188,-73.684173
222557763.672,-73.436805
222557910.156,-73.519586
222558056.641,-73.166634
222558203.125,-73.001120
222558349.609,-72.710712
222558496.094,-72.970811
222558642.578,-72.896799
222558789.062,-72.750713
222558935.547,-72.776929
222559082.031,-72.755817
222559228.516,-73.099585
222559375.000,-73.501850
222559521.484,-73.679789
222559667.969,-73.612754
222559814.453,-73.467923
222559960.938,-73.304044
222560107.422,-73.276272
222560253.906,-73.428701
222560400.391,-73.454920
222560546.875,-73.178358
222560693.359,-73.052734
222560839.844,-72.845830
222560986.328,-72.964204
222561132.812,-73.144226
222561279.297,-73.101952
222561425.781,-73.099642
222561572.266,-72.966171
222561718.750,-72.969801
222561865.234,-72.758056
222562011.719,-72.729657
222562158.203,-72.732162
222562304.688,-72.725172
222562451.172,-72.895931
222562597.656,-72.902166
222562744.141,-72.966265
222562890.625,-73.396693
222563037.109,-73.710349
222563183.594,-74.001684
222563330.078,-74.046526
222563476.562,-73.958205
222563623.047,-73.552974
222563769.531,-73.413579
222563916.016,-73.657351
222564062.500,-74.119207
222564208.984,-73.783612
222564355.469,-73.516208
222564501.953,-73.903814
222564648.438,-74.002789
222564794.922,-74.008394
222564941.406,-73.847548
222565087.891,-73.721686
222565234.375,-73.811520
222565380.859,-74.004066
222565527.344,-74.341765
222565673.828,-74.546988
222565820.312,-74.339167
222565966.797,-74.351404
222566113.281,-74.533041
222566259.766,-74.288875
222566406.250,-73.822967
222566552.734,-73.457994
222566699.219,-73.552971
222566845.703,-73.960822
222566992.188,-73.852171
222567138.672,-73.753917
222567285.156,-73.577358
222567431.641,-73.621453
222567578.125,-73.997846
222567724.609,-74.272748
222567871.094,-74.247395
222568017.578,-74.297093
222568164.062,-74.380837
222568310.547,-74.354108
222568457.031,-74.527373
222568603.516,-74.477907
222568750.000,-74.562632
222568896.484,-74.618360
222569042.969,-74.523308
222569189.453,-74.593337
222569335.938,-74.595292
222569482.422,-74.066331
222569628.906,-73.834505
222569775.391,-74.316348
222569921.875,-74.352902
222570068.359,-74.407178
222570214.844,-74.534529
222570361.328,-74.778905
222570507.812,-74.689109
222570654.297,-74.658150
222570800.781,-74.842621
222570947.266,-74.741753
222571093.750,-75.004174
222571240.234,-75.254799
222571386.719,-74.981332
222571533.203,-74.876221
222571679.688,-75.080848
222571826.172,-75.245609
222571972.656,-75.368150
222572119.141,-75.247437
222572265.625,-75.048046
222572412.109,-75.232765
222572558.594,-75.186253
222572705.078,-75.187039
222572851.562,-75.523418
222572998.047,-75.477370
222573144.531,-75.183578
222573291.016,-75.171486
222573437.500,-75.308594
222573583.984,-75.150860
222573730.469,-75.416180
222573876.953,-75.522485
222574023.438,-75.265281
222574169.922,-75.273552
222574316.406,-75.462193
222574462.891,-75.335937
222574609.375,-75.239130
222574755.859,-75.281588
222574902.344,-75.678819
222575048.828,-75.359024
222575195.312,-75.093410
222575341.797,-75.067944
222575488.281,-75.106976
222575634.766,-75.259978
222575781.250,-75.035136
222575927.734,-75.328322
222576074.219,-75.309104
222576220.703,-75.380742
222576367.188,-75.627151
222576513.672,-75.679295
222576660.156,-75.687476
222576806.641,-75.415139
222576953.125,-75.404400
222577099.609,-75.365008
222577246.094,-75.399566
222577392.578,-75.334182
222577539.062,-75.511860
222577685.547,-75.633050
222577832.031,-75.688885
222577978.516,-75.860430
222578125.000,-75.577737
222578271.484,-75.263940
222578417.969,-75.200083
222578564.453,-75.234876
222578710.938,-75.249865
222578857.422,-75.447019
222579003.906,-75.181990
222579150.391,-75.053096
222579296.875,-75.624262
222579443.359,-75.869482
222579589.844,-75.876575
222579736.328,-75.995523
222579882.812,-75.756492
222580029.297,-75.658713
222580175.781,-75.663087
222580322.266,-75.539915
222580468.750,-75.405478
222580615.234,-75.149823
222580761.719,-75.026570
222580908.203,-75.119873
222581054.688,-75.316457
222581201.172,-75.330951
222581347.656,-75.085836
222581494.141,-75.349033
222581640.625,-75.539502
222581787.109,-75.467790
222581933.594,-75.473063
222582080.078,-75.608540
222582226.562,-75.891017
222582373.047,-75.901294
222582519.531,-75.485519
222582666.016,-75.363217
222582812.500,-75.041953
222582958.984,-74.902954
222583105.469,-74.952708
222583251.953,-74.804397
222583398.438,-75.097526
222583544.922,-75.193030
222583691.406,-75.239094
222583837.891,-75.286132
222583984.375,-75.753753
222584130.859,-75.656106
222584277.344,-75.454119
222584423.828,-75.575756
222584570.312,-75.384889
222584716.797,-75.227445
222584863.281,-75.625826
222585009.766,-75.788449
222585156.250,-75.855943
222585302.734,-75.816393
222585449.219,-75.392022
222585595.703,-75.664983
222585742.188,-75.870593
222585888.672,-75.720339
222586035.156,-75.358323
222586181.641,-75.474987
222586328.125,-75.507988
222586474.609,-75.444297
222586621.094,-75.521343
222586767.578,-75.518379
222586914.062,-75.643576
222587060.547,-75.808293
222587207.031,-75.762047
222587353.516,-75.699100
222587500.000,-75.612107
222587646.484,-75.680140
222587792.969,-75.795462
222587939.453,-75.639749
222588085.938,-75.355086
222588232.422,-75.523952
222588378.906,-75.657187
222588525.391,-75.739391
222588671.875,-75.988349
222588818.359,-76.002106
222588964.844,-75.953348
222589111.328,-75.869192
222589257.812,-75.584160
222589404.297,-75.551252
222589550.781,-75.868444
222589697.266,-75.898098
222589843.750,-76.069913
222589990.234,-75.950356
222590136.719,-75.753553
222590283.203,-75.689277
222590429.688,-75.595839
222590576.172,-75.668426
222590722.656,-75.603433
222590869.141,-75.783257
222591015.625,-75.983298
222591162.109,-76.085001
222591308.594,-76.092011
222591455.078,-76.014736
222591601.562,-75.971956
222591748.047,-76.191571
222591894.531,-76.115865
222592041.016,-76.154512
222592187.500,-75.860264
222592333.984,-76.038023
222592480.469,-76.047044
222592626.953,-75.830585
222592773.438,-75.625065
222592919.922,-75.768709
222593066.406,-75.666959
222593212.891,-75.754824
222593359.375,-75.786941
222593505.859,-75.899201
222593652.344,-75.704580
222593798.828,-75.762397
222593945.312,-76.014146
222594091.797,-76.203842
222594238.281,-76.116202
222594384.766,-75.924426
222594531.250,-76.022626
222594677.734,-75.940300
222594824.219,-75.912412
222594970.703,-75.976064
222595117.188,-75.996538
222595263.672,-76.026282
222595410.156,-75.970924
222595556.641,-75.727889
222595703.125,-75.660691
222595849.609,-75.655140
222595996.094,-75.666460
222596142.578,-75.711710
222596289.062,-75.699840
222596435.547,-75.613663
222596582.031,-75.604336
222596728.516,-75.567962
222596875.000,-75.484451
222597021.484,-75.481944
222597167.969,-75.621530
222597314.453,-75.929633
222597460.938,-76.125647
222597607.422,-75.702708
222597753.906,-75.723206
222597900.391,-75.739435
222598046.875,-75.382085
222598193.359,-75.438274
222598339.844,-75.752519
222598486.328,-75.893303
222598632.812,-75.604185
222598779.297,-75.403089
222598925.781,-75.425482
222599072.266,-75.486323
222599218.750,-75.338159
222599365.234,-75.509071
222599511.719,-75.523713
222599658.203,-75.285280
222599804.688,-75.433596
222599951.172,-75.412872
222600097.656,-75.190726
222600244.141,-74.917467
222600390.625,-74.914657
222600537.109,-75.208664
222600683.594,-75.197694
222600830.078,-75.293763
222600976.562,-75.283348
222601123.047,-75.121094
222601269.531,-74.973404
222601416.016,-75.176660
222601562.500,-75.412277
222601708.984,-75.033209
222601855.469,-74.638561
222602001.953,-74.523793
222602148.438,-74.606530
222602294.922,-75.050445
222602441.406,-74.966274
222602587.891,-74.373056
222602734.375,-74.022639
222602880.859,-73.813204
222603027.344,-74.106409
222603173.828,-74.872680
222603320.312,-74.316805
222603466.797,-72.202068
222603613.281,-69.610012
222603759.766,-67.441020
222603906.250,-66.183325
222604052.734,-65.915856
222604199.219,-66.163291
222604345.703,-67.215155
222604492.188,-69.196754
222604638.672,-71.821831
222604785.156,-74.147273
222604931.641,-74.755261
222605078.125,-73.976442
222605224.609,-73.487688
222605371.094,-73.887291
222605517.578,-74.605875
222605664.062,-74.910933
222605810.547,-74.897523
222605957.031,-74.771873
222606103.516,-75.028346
222606250.000,-75.212889
222606396.484,-75.140156
222606542.969,-75.604212
222606689.453,-75.123430
222606835.938,-74.876375
222606982.422,-74.880252
222607128.906,-74.874179
222607275.391,-75.245403
222607421.875,-75.276135
222607568.359,-75.008673
222607714.844,-75.074892
222607861.328,-75.121718
222608007.812,-74.862257
222608154.297,-74.900214
222608300.781,-75.073665
222608447.266,-75.057526
222608593.750,-74.854920
222608740.234,-75.030235
222608886.719,-75.073373
222609033.203,-74.981788
222609179.688,-75.267870
222609326.172,-75.356361
222609472.656,-75.230494
222609619.141,-75.275519
222609765.625,-75.365698
222609912.109,-75.136665
222610058.594,-74.912356
222610205.078,-75.116637
222610351.562,-75.429644
222610498.047,-75.238373
222610644.531,-74.982137
222610791.016,-75.385369
222610937.500,-75.365180
222611083.984,-75.851707
222611230.469,-75.836075
222611376.953,-75.533040
222611523.438,-75.299144
222611669.922,-75.045161
222611816.406,-74.977225
222611962.891,-75.103126
222612109.375,-75.271808
222612255.859,-75.391197
222612402.344,-75.658239
222612548.828,-75.743521
222612695.312,-75.595783
222612841.797,-75.227833
222612988.281,-75.236602
222613134.766,-75.374140
222613281.250,-75.399448
222613427.734,-75.230840
222613574.219,-75.089841
222613720.703,-75.007193
222613867.188,-75.117207
222614013.672,-75.031484
222614160.156,-74.903691
222614306.641,-74.842603
222614453.125,-74.943793
222614599.609,-74.961228
222614746.094,-74.952521
222614892.578,-74.918930
222615039.062,-74.750325
222615185.547,-74.754586
222615332.031,-74.930126
222615478.516,-75.014482
222615625.000,-74.983971
222615771.484,-74.745753
222615917.969,-74.629910
222616064.453,-74.614733
222616210.938,-74.777520
222616357.422,-74.971139
222616503.906,-74.962732
222616650.391,-74.947858
222616796.875,-74.938454
222616943.359,-75.025829
222617089.844,-75.099369
222617236.328,-75.187497
222617382.812,-75.277359
222617529.297,-74.920738
222617675.781,-74.813050
222617822.266,-74.743955
222617968.750,-74.564315
222618115.234,-74.566779
222618261.719,-74.560770
222618408.203,-74.545330
222618554.688,-74.372404
222618701.172,-74.546299
222618847.656,-74.389282
222618994.141,-73.970059
222619140.625,-73.570343
222619287.109,-73.374697
222619433.594,-73.199204
222619580.078,-73.475178
222619726.562,-73.413660
222619873.047,-73.300398
222620019.531,-73.469134
222620166.016,-73.161837
222620312.500,-73.212525
222620458.984,-73.669027
222620605.469,-73.852440
222620751.953,-73.516764
222620898.438,-73.373980
222621044.922,-73.170884
222621191.406,-73.013720
222621337.891,-73.163166
222621484.375,-73.236967
222621630.859,-73.435181
222621777.344,-73.569552
222621923.828,-73.468807
222622070.312,-73.494066
222622216.797,-73.419016
222622363.281,-73.676124
222622509.766,-73.515364
222622656.250,-73.470837
222622802.734,-73.389114
222622949.219,-73.528796
222623095.703,-73.646096
222623242.188,-73.408459
222623388.672,-73.350640
222623535.156,-73.108180
222623681.641,-73.086965
222623828.125,-73.460529
222623974.609,-73.722844
222624121.094,-73.940845
222624267.578,-73.810596
222624414.062,-73.566980
222624560.547,-73.303759
222624707.031,-73.145001
222624853.516,-73.190070
222625000.000,-72.970849
222625146.484,-72.961886
222625292.969,-72.952777
222625439.453,-73.285513
222625585.938,-73.541831
222625732.422,-73.664747
222625878.906,-73.737310
222626025.391,-73.649844
222626171.875,-73.368156
222626318.359,-73.327801
222626464.844,-72.975160
222626611.328,-73.017118
222626757.812,-73.513937
222626904.297,-73.610815
222627050.781,-73.295444
222627197.266,-73.336095
222627343.750,-73.533618
222627490.234,-74.162182
222627636.719,-74.422479
222627783.203,-74.224478
222627929.688,-74.102747
222628076.172,-73.972328
222628222.656,-73.839572
222628369.141,-73.986192
222628515.625,-73.999429
222628662.109,-74.025795
222628808.594,-73.978343
222628955.078,-74.050511
222629101.562,-73.863671
222629248.047,-73.934343
222629394.531,-73.726682
222629541.016,-73.802782
222629687.500,-73.783771
222629833.984,-74.238550
222629980.469,-73.800613
222630126.953,-73.302099
222630273.438,-73.294411
222630419.922,-73.430093
222630566.406,-73.422707
222630712.891,-73.288182
222630859.375,-73.476698
222631005.859,-73.313767
222631152.344,-73.780801
222631298.828,-74.205902
222631445.312,-74.001688
222631591.797,-73.831986
222631738.281,-74.066179
222631884.766,-74.287217
222632031.250,-74.302528
222632177.734,-74.068083
222632324.219,-73.906887
222632470.703,-73.973774
222632617.188,-74.168730
222632763.672,-73.977019
222632910.156,-74.148445
222633056.641,-74.137428
222633203.125,-74.274560
222633349.609,-74.477925
222633496.094,-74.605131
222633642.578,-74.876866
222633789.062,-74.900830
222633935.547,-74.903957
222634082.031,-74.705266
222634228.516,-74.688145
222634375.000,-74.638275
222634521.484,-74.465515
222634667.969,-74.645078
222634814.453,-74.557659
222634960.938,-74.591016
222635107.422,-74.539075
222635253.906,-74.732187
222635400.391,-74.952054
222635546.875,-74.505849
222635693.359,-74.283747
222635839.844,-74.188061
222635986.328,-74.564373
222636132.812,-74.979168
222636279.297,-74.856861
222636425.781,-74.729209
222636572.266,-74.570759
222636718.750,-74.711050
222636865.234,-75.069491
222637011.719,-75.151272
222637158.203,-74.781627
222637304.688,-74.345464
222637451.172,-74.573978
222637597.656,-74.806563
222637744.141,-75.055608
222637890.625,-74.863383
222638037.109,-74.579803
222638183.594,-74.447653
222638330.078,-74.462523
222638476.562,-74.621059
222638623.047,-74.445920
222638769.531,-74.089401
222638916.016,-74.350849
222639062.500,-74.497278
222639208.984,-74.629334
222639355.469,-74.500611
222639501.953,-74.517130
222639648.438,-74.401685
222639794.922,-74.316100
222639941.406,-74.370205
222640087.891,-74.508134
222640234.375,-74.505357
222640380.859,-74.362144
222640527.344,-74.555488
222640673.828,-74.572327
222640820.312,-74.497931
222640966.797,-74.664647
222641113.281,-74.759676
222641259.766,-75.055371
222641406.250,-74.905379
222641552.734,-74.879606
222641699.219,-74.640404
222641845.703,-74.449404
222641992.188,-74.478442
222642138.672,-74.462803
222642285.156,-74.551250
222642431.641,-74.292048
222642578.125,-74.502276
222642724.609,-74.347852
222642871.094,-74.537459
222643017.578,-74.919790
222643164.062,-74.717486
222643310.547,-74.591558
222643457.031,-74.797648
222643603.516,-74.954061
222643750.000,-74.749280
222643896.484,-74.591104
222644042.969,-74.711447
222644189.453,-74.651479
222644335.938,-74.532506
222644482.422,-74.201382
222644628.906,-74.318624
222644775.391,-74.518409
222644921.875,-74.558041
222645068.359,-74.434908
222645214.844,-74.440869
222645361.328,-74.602351
222645507.812,-74.404387
222645654.297,-74.156539
222645800.781,-74.172119
222645947.266,-73.983708
222646093.750,-74.125232
222646240.234,-74.454186
222646386.719,-74.592842
222646533.203,-74.490285
222646679.688,-74.264996
222646826.172,-74.594584
222646972.656,-74.581616
222647119.141,-74.510825
222647265.625,-74.425987
222647412.109,-74.431523
222647558.594,-74.695304
222647705.078,-74.863014
222647851.562,-74.872968
222647998.047,-74.702565
222648144.531,-74.492317
222648291.016,-74.610849
222648437.500,-74.334775
222648583.984,-74.310370
222648730.469,-74.512979
222648876.953,-74.347897
222649023.438,-74.469970
222649169.922,-74.353808
222649316.406,-74.656587
222649462.891,-74.910994
222649609.375,-75.031022
222649755.859,-74.998738
222649902.344,-74.692276
222650048.828,-74.790541
222650195.312,-75.037978
222650341.797,-74.956214
222650488.281,-75.046959
222650634.766,-75.102017
222650781.250,-74.541001
222650927.734,-74.093918
222651074.219,-74.158132
222651220.703,-74.137227
222651367.188,-74.271822
222651513.672,-74.718741
222651660.156,-74.995335
222651806.641,-74.766480
222651953.125,-74.655561
222652099.609,-74.888150
222652246.094,-74.756037
222652392.578,-74.385918
222652539.062,-74.693029
222652685.547,-74.821229
222652832.031,-74.623386
222652978.516,-74.623297
222653125.000,-74.518577
222653271.484,-74.546799
222653417.969,-74.778370
222653564.453,-74.574646
222653710.938,-74.445166
222653857.422,-74.584433
222654003.906,-74.726200
222654150.391,-74.742842
222654296.875,-74.745816
222654443.359,-74.671069
222654589.844,-74.719511
222654736.328,-74.480826
222654882.812,-74.830585
222655029.297,-74.901972
222655175.781,-74.564794
222655322.266,-74.803506
222655468.750,-74.884968
222655615.234,-74.949807
222655761.719,-75.025434
222655908.203,-74.902058
222656054.688,-74.734343
222656201.172,-74.834739
222656347.656,-75.187706
222656494.141,-75.057451
222656640.625,-75.075536
222656787.109,-74.983095
222656933.594,-75.007182
222657080.078,-75.009244
222657226.562,-74.822711
222657373.047,-74.939052
222657519.531,-74.832289
222657666.016,-74.813340
222657812.500,-74.970244
222657958.984,-75.207106
222658105.469,-75.050848
222658251.953,-75.084037
222658398.438,-74.949575
222658544.922,-74.669629
222658691.406,-74.540120
222658837.891,-74.580042
222658984.375,-74.648643
222659130.859,-74.615171
222659277.344,-74.590409
222659423.828,-74.603322
222659570.312,-74.504225
222659716.797,-74.844586
222659863.281,-74.894630
222660009.766,-74.667484
222660156.250,-74.503236
222660302.734,-74.305828
222660449.219,-74.807212
222660595.703,-74.839787
222660742.188,-74.699277
222660888.672,-74.832741
222661035.156,-74.812649
222661181.641,-74.787449
222661328.125,-74.940911
222661474.609,-75.001481
222661621.094,-74.763601
222661767.578,-74.847949
222661914.062,-75.213837
222662060.547,-75.223135
222662207.031,-75.109787
222662353.516,-75.074115
222662500.000,-74.933584
222662646.484,-74.817636
222662792.969,-74.681933
222662939.453,-74.694528
222663085.938,-74.641371
222663232.422,-74.471553
222663378.906,-74.422763
222663525.391,-74.479082
222663671.875,-74.603547
222663818.359,-74.526193
222663964.844,-74.382753
222664111.328,-74.525887
222664257.812,-74.492483
222664404.297,-74.320738
222664550.781,-74.350466
222664697.266,-74.426290
222664843.750,-74.472666
222664990.234,-74.732607
222665136.719,-74.985221
222665283.203,-74.662271
222665429.688,-74.505838
222665576.172,-74.258089
222665722.656,-74.501230
222665869.141,-74.638085
222666015.625,-74.697610
222666162.109,-74.670422
222666308.594,-74.515833
222666455.078,-74.242970
222666601.562,-74.322981
222666748.047,-74.209158
222666894.531,-74.198699
222667041.016,-74.377439
222667187.500,-74.595331
222667333.984,-74.726095
222667480.469,-74.717528
222667626.953,-74.741797
222667773.438,-75.025407
222667919.922,-74.889524
222668066.406,-74.619555
222668212.891,-74.774146
222668359.375,-74.729719
222668505.859,-74.765418
222668652.344,-74.694198
222668798.828,-74.403447
222668945.312,-74.361479
222669091.797,-74.606108
222669238.281,-74.778314
222669384.766,-75.085729
222669531.250,-75.059506
222669677.734,-74.949020
222669824.219,-75.067442
222669970.703,-74.821924
222670117.188,-74.937896
222670263.672,-74.834875
222670410.156,-75.015025
222670556.641,-74.743603
222670703.125,-74.515238
222670849.609,-74.722433
222670996.094,-74.806517
222671142.578,-74.885266
222671289.062,-74.764093
222671435.547,-74.625606
222671582.031,-74.541171
222671728.516,-74.761713
222671875.000,-74.583346
222672021.484,-74.465459
222672167.969,-74.632202
222672314.453,-74.761675
222672460.938,-74.885056
222672607.422,-74.669579
222672753.906,-74.879779
222672900.391,-74.752713
222673046.875,-74.607514
222673193.359,-74.789262
222673339.844,-74.651989
222673486.328,-74.563279
222673632.812,-74.986472
222673779.297,-74.962293
222673925.781,-74.977031
222674072.266,-74.807112
222674218.750,-74.662187
222674365.234,-75.027573
222674511.719,-74.469412
222674658.203,-74.215673
222674804.688,-74.424368
222674951.172,-74.542309
222675097.656,-74.175672
222675244.141,-74.446095
222675390.625,-74.869039
222675537.109,-74.509632
222675683.594,-74.518985
222675830.078,-74.257018
222675976.562,-74.718662
222676123.047,-74.753411
222676269.531,-74.327664
222676416.016,-73.984509
222676562.500,-73.893211
222676708.984,-73.945375
222676855.469,-74.074073
222677001.953,-73.957635
222677148.438,-73.909508
222677294.922,-74.009795
222677441.406,-74.003188
222677587.891,-74.173384
222677734.375,-74.443001
222677880.859,-74.669627
222678027.344,-74.533738
222678173.828,-74.579708
222678320.312,-74.401424
222678466.797,-74.509626
222678613.281,-74.216465
222678759.766,-74.254172
222678906.250,-73.949167
222679052.734,-73.744216
222679199.219,-73.649945
222679345.703,-73.867231
222679492.188,-73.916303
222679638.672,-73.841774
222679785.156,-73.844798
222679931.641,-74.011455
222680078.125,-74.069926
222680224.609,-73.828822
222680371.094,-73.995019
222680517.578,-74.082052
222680664.062,-73.888588
222680810.547,-73.894959
222680957.031,-74.007965
222681103.516,-73.822789
222681250.000,-73.243469
222681396.484,-73.305936
222681542.969,-73.362978
222681689.453,-73.277427
222681835.938,-73.140448
222681982.422,-72.886390
222682128.906,-72.733859
222682275.391,-72.876284
222682421.875,-72.760139
222682568.359,-72.430735
222682714.844,-72.457458
222682861.328,-72.538184
222683007.812,-72.518272
222683154.297,-72.400256
222683300.781,-72.029302
222683447.266,-71.886657
222683593.750,-71.905613
222683740.234,-72.126461
222683886.719,-72.017889
222684033.203,-72.139438
222684179.688,-72.524400
222684326.172,-72.729976
222684472.656,-72.253553
222684619.141,-72.221752
222684765.625,-72.315429
222684912.109,-72.164258
222685058.594,-72.241485
222685205.078,-72.178956
222685351.562,-72.041006
222685498.047,-71.714981
222685644.531,-71.696043
222685791.016,-71.912255
222685937.500,-72.178606
222686083.984,-72.290192
222686230.469,-72.289911
222686376.953,-72.445151
222686523.438,-72.376026
222686669.922,-72.251595
222686816.406,-72.126960
222686962.891,-72.149197
222687109.375,-71.915912
222687255.859,-71.765751
222687402.344,-71.627268
222687548.828,-71.654080
222687695.312,-71.866846
222687841.797,-72.134468
222687988.281,-72.644490
222688134.766,-72.471600
222688281.250,-72.344658
222688427.734,-72.503222
222688574.219,-72.602391
222688720.703,-72.841555
222688867.188,-72.708020
222689013.672,-72.600921
222689160.156,-72.820499
222689306.641,-72.517077
222689453.125,-72.584193
222689599.609,-72.775236
222689746.094,-73.053349
222689892.578,-72.956316
222690039.062,-72.629417
222690185.547,-72.726121
222690332.031,-72.524382
222690478.516,-72.499175
222690625.000,-72.343348
222690771.484,-72.493241
222690917.969,-72.645701
222691064.453,-72.633839
222691210.938,-72.793082
222691357.422,-72.920779
222691503.906,-72.968365
222691650.391,-72.909659
222691796.875,-72.629080
222691943.359,-72.660686
222692089.844,-72.675764
222692236.328,-72.558510
222692382.812,-72.766440
222692529.297,-72.680063
222692675.781,-72.489650
222692822.266,-72.593891
222692968.750,-72.093700
222693115.234,-72.337972
222693261.719,-72.347340
222693408.203,-72.190030
222693554.688,-72.506774
222693701.172,-72.660775
222693847.656,-72.539035
222693994.141,-72.472664
222694140.625,-72.363760
222694287.109,-72.611413
222694433.594,-72.770709
222694580.078,-72.723222
222694726.562,-72.672095
222694873.047,-73.053597
222695019.531,-72.836231
222695166.016,-73.072101
222695312.500,-73.379940
222695458.984,-73.567105
222695605.469,-73.070651
222695751.953,-72.948231
222695898.438,-72.817950
222696044.922,-73.203623
222696191.406,-73.344217
222696337.891,-73.352074
222696484.375,-73.116667
222696630.859,-73.576610
222696777.344,-73.781110
222696923.828,-73.354732
222697070.312,-73.387629
222697216.797,-73.707708
222697363.281,-73.634622
222697509.766,-73.833785
222697656.250,-73.474801
222697802.734,-73.219292
222697949.219,-73.368680
222698095.703,-73.530323
222698242.188,-73.701094
222698388.672,-73.573159
222698535.156,-73.431361
222698681.641,-73.209415
222698828.125,-73.404455
222698974.609,-73.192089
222699121.094,-73.179694
222699267.578,-73.374975
222699414.062,-73.650377
222699560.547,-73.785660
222699707.031,-73.681764
222699853.516,-74.114633
222700000.000,-73.896705
222700146.484,-73.577190
222700292.969,-73.613407
222700439.453,-73.473250
222700585.938,-73.624932
222700732.422,-73.377696
222700878.906,-73.183998
222701025.391,-73.092616
222701171.875,-73.157608
222701318.359,-73.150361
222701464.844,-73.345972
222701611.328,-73.563207
222701757.812,-73.341722
222701904.297,-73.296391
222702050.781,-73.102495
222702197.266,-73.293037
222702343.750,-73.391482
222702490.234,-73.680706
222702636.719,-73.649388
222702783.203,-73.773124
222702929.688,-73.600532
222703076.172,-73.657559
222703222.656,-73.758928
222703369.141,-73.517180
222703515.625,-73.350289
222703662.109,-73.216446
222703808.594,-73.395349
222703955.078,-73.397754
222704101.562,-73.239205
222704248.047,-73.445216
222704394.531,-73.646530
222704541.016,-73.608759
222704687.500,-73.788031
222704833.984,-73.606685
222704980.469,-73.421561
222705126.953,-73.473124
222705273.438,-73.675682
222705419.922,-73.422262
222705566.406,-73.515842
222705712.891,-73.833818
222705859.375,-73.999789
222706005.859,-73.804209
222706152.344,-73.738139
222706298.828,-73.343950
222706445.312,-73.357985
222706591.797,-73.386789
222706738.281,-73.399226
222706884.766,-72.957187
222707031.250,-72.912274
222707177.734,-73.492669
222707324.219,-73.633907
222707470.703,-73.537395
222707617.188,-71.857341
222707763.672,-69.932080
222707910.156,-67.923126
222708056.641,-66.613986
222708203.125,-66.131075
222708349.609,-66.522441
222708496.094,-67.339723
222708642.578,-68.777233
222708789.062,-70.923538
222708935.547,-72.877846
222709082.031,-73.604669
222709228.516,-72.977806
222709375.000,-72.501996
222709521.484,-72.738342
222709667.969,-73.111219
222709814.453,-73.336343
222709960.938,-73.623597
222710107.422,-73.596512
222710253.906,-73.738687
222710400.391,-74.010159
222710546.875,-73.792744
222710693.359,-73.621777
222710839.844,-73.895780
222710986.328,-74.220491
222711132.812,-74.324178
222711279.297,-74.549697
222711425.781,-74.266511
222711572.266,-74.139030
222711718.750,-74.439089
222711865.234,-74.450374
222712011.719,-74.253424
222712158.203,-74.111748
222712304.688,-74.529274
222712451.172,-74.495406
222712597.656,-74.193817
222712744.141,-74.343477
222712890.625,-74.516005
222713037.109,-74.413468
222713183.594,-74.527874
222713330.078,-74.187834
222713476.562,-73.901096
222713623.047,-73.983329
222713769.531,-74.209676
222713916.016,-74.287167
222714062.500,-74.647598
222714208.984,-74.595494
222714355.469,-74.138771
222714501.953,-74.028788
222714648.438,-74.345183
222714794.922,-74.456302
222714941.406,-74.512520
222715087.891,-74.595831
222715234.375,-74.369930
222715380.859,-74.444584
222715527.344,-74.785048
222715673.828,-74.837815
222715820.312,-74.645379
222715966.797,-74.548216
222716113.281,-74.556979
222716259.766,-74.671000
222716406.250,-74.597265
222716552.734,-74.324290
222716699.219,-74.655623
222716845.703,-74.716104
222716992.188,-74.302899
222717138.672,-74.513830
222717285.156,-74.762013
222717431.641,-74.487930
222717578.125,-74.706084
222717724.609,-74.791491
222717871.094,-75.007989
222718017.578,-75.011203
222718164.062,-74.474622
222718310.547,-74.585470
222718457.031,-74.810729
222718603.516,-74.470285
222718750.000,-74.475303
222718896.484,-74.707468
222719042.969,-74.988842
222719189.453,-74.885125
222719335.938,-74.846033
222719482.422,-74.793229
222719628.906,-74.676274
222719775.391,-74.901505
222719921.875,-74.887533
222720068.359,-74.805139
222720214.844,-74.883657
222720361.328,-74.684306
222720507.812,-74.711236
222720654.297,-75.012691
222720800.781,-74.873194
222720947.266,-74.798362
222721093.750,-74.631296
222721240.234,-74.478791
222721386.719,-74.347743
222721533.203,-74.472459
222721679.688,-74.504698
222721826.172,-74.478049
222721972.656,-74.656295
222722119.141,-74.803238
222722265.625,-74.749656
222722412.109,-74.658776
222722558.594,-74.498432
222722705.078,-74.355393
222722851.562,-74.434517
222722998.047,-74.355250
222723144.531,-74.203107
222723291.016,-74.177932
222723437.500,-74.372063
222723583.984,-74.402542
222723730.469,-74.644945
222723876.953,-74.452329
222724023.438,-74.416195
222724169.922,-74.683750
222724316.406,-74.110223
222724462.891,-74.080727
222724609.375,-74.011951
222724755.859,-74.061873
222724902.344,-73.932317
222725048.828,-74.001719
222725195.312,-73.833691
222725341.797,-74.002530
222725488.281,-74.002781
222725634.766,-74.202335
222725781.250,-74.096557
222725927.734,-74.132021
222726074.219,-73.833408
222726220.703,-73.934741
222726367.188,-74.018170
222726513.672,-74.089450
222726660.156,-74.373894
222726806.641,-74.488815
222726953.125,-74.640403
222727099.609,-74.196426
222727246.094,-74.171810
222727392.578,-74.213640
222727539.062,-74.406073
222727685.547,-74.441183
222727832.031,-74.273279
222727978.516,-73.973937
222728125.000,-74.028325
222728271.484,-74.276726
222728417.969,-74.403797
222728564.453,-74.284445
222728710.938,-73.846021
222728857.422,-73.639425
222729003.906,-73.653345
222729150.391,-73.669352
222729296.875,-73.666765
222729443.359,-73.823596
222729589.844,-73.929427
222729736.328,-73.746024
222729882.812,-73.755049
222730029.297,-74.039284
222730175.781,-74.034378
222730322.266,-74.241890
222730468.750,-74.556035
222730615.234,-74.435796
222730761.719,-74.318823
222730908.203,-74.251141
222731054.688,-74.497016
222731201.172,-74.625318
222731347.656,-74.580396
222731494.141,-74.634273
222731640.625,-74.492855
222731787.109,-74.381245
222731933.594,-74.234498
222732080.078,-74.295613
222732226.562,-74.385661
222732373.047,-74.386267
222732519.531,-74.512754
222732666.016,-74.256454
222732812.500,-74.226798
222732958.984,-74.494835
222733105.469,-74.626748
222733251.953,-74.417423
222733398.438,-74.365829
222733544.922,-74.350541
222733691.406,-74.602347
222733837.891,-74.747165
222733984.375,-74.319240
222734130.859,-74.245380
222734277.344,-74.196427
222734423.828,-74.169357
222734570.312,-74.487688
222734716.797,-74.420794
222734863.281,-74.189515
222735009.766,-74.384611
222735156.250,-74.442538
222735302.734,-74.334188
222735449.219,-74.752699
222735595.703,-74.764091
222735742.188,-74.796431
222735888.672,-74.804341
222736035.156,-74.163404
222736181.641,-74.111523
222736328.125,-74.211232
222736474.609,-74.152285
222736621.094,-73.966043
222736767.578,-74.020463
222736914.062,-74.060337
222737060.547,-74.162791
222737207.031,-74.402680
222737353.516,-74.532202
222737500.000,-74.325831
222737646.484,-74.180094
222737792.969,-74.440347
222737939.453,-74.478169
222738085.938,-74.420052
222738232.422,-74.178411
222738378.906,-73.848034
222738525.391,-73.802481
222738671.875,-74.021307
222738818.359,-74.174231
222738964.844,-74.374358
222739111.328,-74.230860
222739257.812,-74.204300
222739404.297,-73.896958
222739550.781,-74.004320
222739697.266,-74.273457
222739843.750,-74.095028
222739990.234,-74.128382
222740136.719,-74.089143
222740283.203,-74.186641
222740429.688,-74.019354
222740576.172,-74.144194
222740722.656,-74.107278
222740869.141,-74.058961
222741015.625,-74.216733
222741162.109,-74.246349
222741308.594,-74.252614
222741455.078,-74.235114
222741601.562,-74.377342
222741748.047,-74.295917
222741894.531,-74.080659
222742041.016,-73.667302
222742187.500,-73.351833
222742333.984,-73.258931
222742480.469,-73.205022
222742626.953,-73.575181
222742773.438,-73.755808
222742919.922,-73.814094
222743066.406,-73.753711
222743212.891,-73.731205
222743359.375,-73.844316
222743505.859,-73.477997
222743652.344,-73.582825
222743798.828,-73.704709
222743945.312,-73.639144
222744091.797,-73.584517
222744238.281,-73.697101
222744384.766,-73.057440
222744531.250,-72.854022
222744677.734,-72.579159
222744824.219,-72.564754
222744970.703,-72.583308
222745117.188,-72.465056
222745263.672,-72.108784
222745410.156,-72.217026
222745556.641,-72.578375
222745703.125,-72.724846
222745849.609,-72.745463
222745996.094,-72.868390
222746142.578,-73.151911
222746289.062,-72.774711
222746435.547,-72.537969
222746582.031,-72.897271
222746728.516,-72.551930
222746875.000,-72.311721
222747021.484,-72.301995
222747167.969,-72.563556
222747314.453,-72.217970
222747460.938,-72.361595
222747607.422,-72.432361
222747753.906,-72.540820
222747900.391,-72.276409
222748046.875,-72.166392
222748193.359,-72.484158
222748339.844,-72.686111
222748486.328,-72.509560
222748632.812,-72.002032
222748779.297,-71.883783
222748925.781,-72.189571
222749072.266,-72.510953
222749218.750,-72.077570
222749365.234,-71.811809
222749511.719,-71.808536
222749658.203,-71.707040
222749804.688,-71.691916
222749951.172,-72.233399
222750097.656,-72.743737
222750244.141,-72.293109
222750390.625,-72.535891
222750537.109,-72.450967
222750683.594,-72.378090
222750830.078,-72.426736
222750976.562,-72.565587
222751123.047,-72.686062
222751269.531,-72.636131
222751416.016,-72.567430
222751562.500,-72.349650
222751708.984,-72.371594
222751855.469,-72.501795
222752001.953,-72.241938
222752148.438,-72.507859
222752294.922,-72.929964
222752441.406,-73.164678
222752587.891,-72.775242
222752734.375,-72.854742
222752880.859,-72.797081
222753027.344,-72.887070
222753173.828,-73.216962
222753320.312,-73.424038
222753466.797,-73.504628
222753613.281,-73.337492
222753759.766,-73.423649
222753906.250,-73.090358
222754052.734,-72.782195
222754199.219,-72.428941
222754345.703,-72.606420
222754492.188,-72.660788
222754638.672,-72.365925
222754785.156,-72.156886
222754931.641,-72.631920
222755078.125,-72.739655
222755224.609,-72.780834
222755371.094,-73.224330
222755517.578,-73.179088
222755664.062,-72.916031
222755810.547,-72.900662
222755957.031,-72.794868
222756103.516,-72.877024
222756250.000,-72.827279
222756396.484,-73.148680
222756542.969,-72.973195
222756689.453,-72.654620
222756835.938,-72.809656
222756982.422,-72.595183
222757128.906,-72.493395
222757275.391,-72.679619
222757421.875,-72.931175
222757568.359,-73.208794
222757714.844,-73.146077
222757861.328,-72.665335
222758007.812,-72.955940
222758154.297,-73.035773
222758300.781,-72.988016
222758447.266,-73.237051
222758593.750,-73.144072
222758740.234,-72.905457
222758886.719,-72.984369
222759033.203,-73.444340
222759179.688,-73.642079
222759326.172,-73.366458
222759472.656,-73.457164
222759619.141,-73.557812
222759765.625,-73.503341
222759912.109,-73.486097
222760058.594,-73.347458
222760205.078,-73.342768
222760351.562,-73.469173
222760498.047,-73.349388
222760644.531,-73.358327
222760791.016,-73.357157
222760937.500,-73.253267
222761083.984,-73.127720
222761230.469,-73.464598
222761376.953,-73.366811
222761523.438,-73.203665
222761669.922,-73.207949
222761816.406,-73.045254
222761962.891,-73.043930
222762109.375,-73.192672
222762255.859,-72.899798
222762402.344,-73.017738
222762548.828,-73.142701
222762695.312,-73.323758
222762841.797,-73.107846
222762988.281,-73.054446
222763134.766,-73.407305
222763281.250,-73.290712
222763427.734,-73.596147
222763574.219,-73.496865
222763720.703,-73.386020
222763867.188,-73.858152
222764013.672,-73.667502
222764160.156,-73.355798
222764306.641,-72.987977
222764453.125,-73.064655
222764599.609,-73.025700
222764746.094,-72.867965
222764892.578,-72.607101
222765039.062,-72.637158
222765185.547,-72.536424
222765332.031,-72.835212
222765478.516,-73.167707
222765625.000,-73.276768
222765771.484,-73.425538
222765917.969,-73.538640
222766064.453,-73.431723
222766210.938,-73.369236
222766357.422,-73.446103
222766503.906,-73.442438
222766650.391,-73.476097
222766796.875,-73.377521
222766943.359,-73.560459
222767089.844,-73.584312
222767236.328,-73.124462
222767382.812,-73.122208
222767529.297,-73.531891
222767675.781,-73.526006
222767822.266,-73.457478
222767968.750,-73.834648
222768115.234,-73.688770
222768261.719,-73.377805
222768408.203,-73.745265
222768554.688,-73.755659
222768701.172,-73.815613
222768847.656,-73.782314
222768994.141,-73.623846
222769140.625,-73.450955
222769287.109,-73.325166
222769433.594,-73.244350
222769580.078,-73.600863
222769726.562,-73.812621
222769873.047,-73.656896
222770019.531,-73.867328
222770166.016,-74.036079
222770312.500,-73.882210
222770458.984,-73.516682
222770605.469,-73.402306
222770751.953,-73.487988
222770898.438,-73.440252
222771044.922,-73.742157
222771191.406,-73.831365
222771337.891,-73.777683
222771484.375,-73.788256
222771630.859,-73.856326
222771777.344,-73.853043
222771923.828,-73.975790
222772070.312,-73.888274
222772216.797,-73.806430
222772363.281,-74.111224
222772509.766,-74.005210
222772656.250,-73.952908
222772802.734,-73.994660
222772949.219,-74.015238
222773095.703,-74.149119
222773242.188,-73.848004
222773388.672,-73.911914
222773535.156,-74.044475
222773681.641,-74.336956
222773828.125,-74.209114
222773974.609,-74.389387
222774121.094,-74.178228
222774267.578,-74.081790
222774414.062,-74.057400
222774560.547,-73.929670
222774707.031,-73.873265
222774853.516,-73.869265
222775000.000,-74.045718
222775146.484,-74.261911
222775292.969,-74.431451
222775439.453,-74.350604
222775585.938,-74.528016
222775732.422,-74.559836
222775878.906,-74.661284
222776025.391,-74.626743
222776171.875,-74.504975
222776318.359,-74.293510
222776464.844,-74.126059
222776611.328,-74.099217
222776757.812,-74.408139
222776904.297,-74.567518
222777050.781,-74.600555
222777197.266,-74.590964
222777343.750,-74.434000
222777490.234,-74.280239
222777636.719,-74.413395
222777783.203,-74.398929
222777929.688,-74.093757
222778076.172,-74.135962
222778222.656,-74.347234
222778369.141,-74.439689
222778515.625,-74.614635
222778662.109,-74.458188
222778808.594,-74.628302
222778955.078,-74.713100
222779101.562,-74.492257
222779248.047,-74.658540
222779394.531,-74.931800
222779541.016,-74.861803
222779687.500,-74.823170
222779833.984,-74.590913
222779980.469,-74.782604
222780126.953,-74.974552
222780273.438,-74.925362
222780419.922,-75.005127
222780566.406,-74.940514
222780712.891,-74.919739
222780859.375,-74.704710
222781005.859,-74.789751
222781152.344,-74.945762
222781298.828,-74.616752
222781445.312,-74.604528
222781591.797,-74.614803
222781738.281,-74.718061
222781884.766,-74.910317
222782031.250,-74.938205
222782177.734,-74.901041
222782324.219,-75.048967
222782470.703,-75.198083
222782617.188,-74.921828
222782763.672,-74.907960
222782910.156,-74.971504
222783056.641,-75.112343
222783203.125,-75.033924
222783349.609,-74.978966
222783496.094,-74.799651
222783642.578,-74.787558
222783789.062,-74.927604
222783935.547,-74.998693
222784082.031,-74.954251
222784228.516,-74.851156
222784375.000,-74.710702
222784521.484,-74.530525
222784667.969,-74.615214
222784814.453,-74.613963
222784960.938,-75.006934
222785107.422,-74.999557
222785253.906,-74.976345
222785400.391,-74.903553
222785546.875,-75.023125
222785693.359,-75.011504
222785839.844,-75.041388
222785986.328,-74.615249
222786132.812,-74.652166
222786279.297,-74.882444
222786425.781,-75.035495
222786572.266,-75.022866
222786718.750,-74.737928
222786865.234,-74.851564
222787011.719,-74.872059
222787158.203,-74.828472
222787304.688,-75.127129
222787451.172,-74.928968
222787597.656,-74.415635
222787744.141,-74.612973
222787890.625,-74.967856
222788037.109,-74.962951
222788183.594,-74.768877
222788330.078,-74.916474
222788476.562,-74.789164
222788623.047,-74.679439
222788769.531,-74.694559
222788916.016,-74.761135
222789062.500,-74.660549
222789208.984,-74.683441
222789355.469,-74.676689
222789501.953,-74.720230
222789648.438,-74.708172
222789794.922,-74.833979
222789941.406,-74.914586
222790087.891,-74.765687
222790234.375,-74.378472
222790380.859,-74.411325
222790527.344,-74.812343
222790673.828,-74.873642
222790820.312,-74.894407
222790966.797,-74.722604
222791113.281,-74.562680
222791259.766,-74.693862
222791406.250,-74.583904
222791552.734,-74.382835
222791699.219,-74.308989
222791845.703,-74.529430
222791992.188,-74.391932
222792138.672,-74.329026
222792285.156,-74.275369
222792431.641,-74.303066
222792578.125,-74.549505
222792724.609,-74.395852
222792871.094,-74.374482
222793017.578,-74.622867
222793164.062,-74.923043
222793310.547,-74.673039
222793457.031,-74.677571
222793603.516,-74.575204
222793750.000,-74.506114
222793896.484,-74.599939
222794042.969,-74.757394
222794189.453,-74.607345
222794335.938,-74.689667
222794482.422,-74.523813
222794628.906,-74.407234
222794775.391,-74.531207
222794921.875,-74.518090
222795068.359,-74.509950
222795214.844,-74.549919
222795361.328,-74.591974
222795507.812,-74.554145
222795654.297,-74.434565
222795800.781,-74.391886
222795947.266,-74.544756
222796093.750,-74.524922
222796240.234,-74.603424
222796386.719,-74.702196
222796533.203,-74.611308
222796679.688,-74.397845
222796826.172,-74.205570
222796972.656,-74.272641
222797119.141,-74.297206
222797265.625,-74.480278
222797412.109,-74.568262
222797558.594,-74.520989
222797705.078,-74.781942
222797851.562,-74.724237
222797998.047,-74.298585
222798144.531,-74.163932
222798291.016,-74.318283
222798437.500,-74.292136
222798583.984,-74.338454
222798730.469,-74.212709
222798876.953,-74.324722
222799023.438,-74.340659
222799169.922,-74.390279
222799316.406,-74.338145
222799462.891,-74.542125
222799609.375,-74.220757
222799755.859,-74.099369
222799902.344,-74.148300
222800048.828,-73.870822
222800195.312,-73.972639
222800341.797,-73.947965
222800488.281,-74.028918
222800634.766,-74.021100
222800781.250,-73.871213
222800927.734,-73.903039
222801074.219,-74.146491
222801220.703,-74.136160
222801367.188,-74.194664
222801513.672,-74.329091
222801660.156,-74.341013
222801806.641,-74.213931
222801953.125,-73.977915
222802099.609,-73.975348
222802246.094,-74.168228
222802392.578,-74.500599
222802539.062,-74.536443
222802685.547,-74.109790
222802832.031,-73.943534
222802978.516,-73.681344
222803125.000,-73.899434
222803271.484,-74.208267
222803417.969,-74.090359
222803564.453,-74.466949
222803710.938,-74.460769
222803857.422,-74.259247
222804003.906,-74.316122
222804150.391,-74.124569
222804296.875,-74.081619
222804443.359,-74.102668
222804589.844,-73.943753
222804736.328,-73.792816
222804882.812,-74.213718
222805029.297,-74.302780
222805175.781,-74.243550
222805322.266,-74.122900
222805468.750,-73.978826
222805615.234,-73.784795
222805761.719,-73.873771
222805908.203,-73.809007
222806054.688,-73.602247
222806201.172,-73.470223
222806347.656,-73.485040
222806494.141,-73.489627
222806640.625,-73.411732
222806787.109,-73.316226
222806933.594,-73.554682
222807080.078,-73.362131
222807226.562,-73.190971
222807373.047,-73.234586
222807519.531,-73.660144
222807666.016,-73.413812
222807812.500,-73.099166
222807958.984,-73.092345
222808105.469,-73.091386
222808251.953,-73.280398
222808398.438,-73.282983
222808544.922,-72.875802
222808691.406,-72.861187
222808837.891,-72.860605
222808984.375,-72.662396
222809130.859,-72.881534
222809277.344,-72.903495
222809423.828,-72.813134
222809570.312,-73.249820
222809716.797,-72.894996
222809863.281,-73.127211
222810009.766,-73.495151
222810156.250,-73.042216
222810302.734,-72.756714
222810449.219,-72.891299
222810595.703,-72.868451
222810742.188,-72.905199
222810888.672,-72.430070
222811035.156,-72.381450
222811181.641,-72.520305
222811328.125,-72.539125
222811474.609,-72.788749
222811621.094,-72.577990
222811767.578,-71.520356
222811914.062,-69.981765
222812060.547,-68.390177
222812207.031,-67.287482
222812353.516,-66.843424
222812500.000,-66.753710
222812646.484,-67.565642
222812792.969,-69.053660
222812939.453,-70.827293
222813085.938,-72.186021
222813232.422,-72.993606
222813378.906,-72.892765
222813525.391,-72.391556
222813671.875,-72.525288
222813818.359,-72.481535
222813964.844,-72.808066
222814111.328,-73.248463
222814257.812,-73.178721
222814404.297,-72.911354
222814550.781,-72.984879
222814697.266,-72.739068
222814843.750,-73.097614
222814990.234,-73.404576
222815136.719,-73.470808
222815283.203,-73.352485
222815429.688,-73.417508
222815576.172,-73.528847
222815722.656,-73.921832
222815869.141,-73.830090
222816015.625,-73.530728
222816162.109,-73.405944
222816308.594,-73.214887
222816455.078,-73.062747
222816601.562,-73.098141
222816748.047,-73.472620
222816894.531,-73.663749
222817041.016,-73.233162
222817187.500,-72.977912
222817333.984,-73.321840
222817480.469,-73.294502
222817626.953,-73.347041
222817773.438,-73.753834
222817919.922,-73.391704
222818066.406,-73.352174
222818212.891,-73.502695
222818359.375,-73.465725
222818505.859,-73.236903
222818652.344,-73.503539
222818798.828,-73.670567
222818945.312,-73.653606
222819091.797,-73.708158
222819238.281,-73.956369
222819384.766,-73.724930
222819531.250,-73.548981
222819677.734,-73.881315
222819824.219,-73.713466
222819970.703,-73.495530
222820117.188,-73.496324
222820263.672,-73.401025
222820410.156,-73.534976
222820556.641,-73.706426
222820703.125,-73.448306
222820849.609,-73.482336
222820996.094,-73.468169
222821142.578,-73.506189
222821289.062,-73.738887
222821435.547,-73.676969
222821582.031,-73.559927
222821728.516,-74.110630
222821875.000,-74.275921
222822021.484,-74.020366
222822167.969,-73.765579
222822314.453,-73.661699
222822460.938,-73.565392
222822607.422,-73.507694
222822753.906,-73.538741
222822900.391,-73.574573
222823046.875,-73.522863
222823193.359,-73.510621
222823339.844,-73.871541
222823486.328,-74.122739
222823632.812,-73.895748
222823779.297,-74.208713
222823925.781,-73.824407
222824072.266,-73.576657
222824218.750,-73.491314
222824365.234,-73.426847
222824511.719,-73.649803
222824658.203,-73.650585
222824804.688,-73.932465
222824951.172,-74.235075
222825097.656,-73.967933
222825244.141,-73.770739
222825390.625,-74.185386
222825537.109,-73.833309
222825683.594,-73.807306
222825830.078,-73.771136
222825976.562,-73.931878
222826123.047,-73.959443
222826269.531,-73.765358
222826416.016,-73.767167
222826562.500,-73.955204
222826708.984,-73.967597
222826855.469,-74.045092
222827001.953,-73.822477
222827148.438,-73.319326
222827294.922,-73.428863
222827441.406,-73.585900
222827587.891,-73.464359
222827734.375,-73.369950
222827880.859,-73.501151
222828027.344,-73.406045
222828173.828,-73.333953
222828320.312,-73.560894
222828466.797,-73.311592
222828613.281,-73.207625
222828759.766,-73.328443
222828906.250,-73.195178
222829052.734,-73.493226
222829199.219,-73.752558
222829345.703,-73.544806
222829492.188,-73.790799
222829638.672,-73.937788
222829785.156,-73.992976
222829931.641,-74.348929
222830078.125,-73.837058
222830224.609,-73.594385
222830371.094,-73.749301
222830517.578,-73.496914
222830664.062,-73.144112
222830810.547,-73.385341
222830957.031,-73.611143
222831103.516,-73.802177
222831250.000,-74.018781
222831396.484,-74.234633
222831542.969,-74.380014
222831689.453,-74.135792
222831835.938,-73.988557
222831982.422,-74.229246
222832128.906,-73.898285
222832275.391,-73.686269
222832421.875,-73.648970
222832568.359,-73.334881
222832714.844,-73.370031
222832861.328,-73.507168
222833007.812,-73.376839
222833154.297,-73.370635
222833300.781,-73.283925
222833447.266,-73.260937
222833593.750,-73.507801
222833740.234,-73.572531
222833886.719,-73.578450
222834033.203,-73.779202
222834179.688,-73.944900
222834326.172,-73.800704
222834472.656,-73.947259
222834619.141,-73.817210
222834765.625,-73.625780
222834912.109,-73.848356
222835058.594,-74.183927
222835205.078,-74.002353
222835351.562,-73.985086
222835498.047,-73.964440
222835644.531,-73.874209
222835791.016,-73.827215
222835937.500,-73.788550
222836083.984,-74.047408
222836230.469,-74.025269
222836376.953,-73.873728
222836523.438,-74.152624
222836669.922,-74.047416
222836816.406,-74.125514
222836962.891,-74.200500
222837109.375,-74.078833
222837255.859,-74.115276
222837402.344,-74.297398
222837548.828,-74.258971
222837695.312,-74.136628
222837841.797,-73.960825
222837988.281,-73.824200
222838134.766,-74.010969
222838281.250,-74.041734
222838427.734,-74.120887
222838574.219,-73.741750
222838720.703,-73.740222
222838867.188,-74.106962
222839013.672,-73.772376
222839160.156,-73.696424
222839306.641,-73.934693
222839453.125,-74.233675
222839599.609,-74.158368
222839746.094,-74.053697
222839892.578,-74.141713
222840039.062,-73.881578
222840185.547,-73.984248
222840332.031,-73.786826
222840478.516,-73.822620
222840625.000,-73.977120
222840771.484,-74.125931
222840917.969,-74.000354
222841064.453,-73.789252
222841210.938,-74.172874
222841357.422,-74.431868
222841503.906,-74.312252
222841650.391,-74.267726
222841796.875,-74.369762
222841943.359,-74.215729
222842089.844,-74.141660
222842236.328,-74.332926
222842382.812,-74.598152
222842529.297,-74.632565
222842675.781,-74.449419
222842822.266,-74.390114
222842968.750,-74.528061
222843115.234,-74.425751
222843261.719,-74.370493
222843408.203,-74.663079
222843554.688,-74.483977
222843701.172,-74.422175
222843847.656,-74.257406
222843994.141,-74.206149
222844140.625,-74.283058
222844287.109,-74.596992
222844433.594,-74.578748
222844580.078,-74.495364
222844726.562,-74.234293
222844873.047,-74.196348
222845019.531,-74.384069
222845166.016,-74.449972
222845312.500,-74.465306
222845458.984,-74.648269
222845605.469,-74.646567
222845751.953,-74.143382
222845898.438,-73.951128
222846044.922,-73.899959
222846191.406,-74.138037
222846337.891,-74.415623
222846484.375,-74.490399
222846630.859,-74.374340
222846777.344,-74.305745
222846923.828,-74.322574
222847070.312,-74.397440
222847216.797,-74.712132
222847363.281,-74.529687
222847509.766,-74.336028
222847656.250,-74.109790
222847802.734,-74.319973
222847949.219,-74.596895
222848095.703,-74.449016
222848242.188,-74.431555
222848388.672,-74.340938
222848535.156,-74.647952
222848681.641,-74.416522
222848828.125,-74.552363
222848974.609,-74.636258
222849121.094,-74.262798
222849267.578,-74.027731
222849414.062,-74.139374
222849560.547,-74.304340
222849707.031,-74.183777
222849853.516,-74.138832
222850000.000,-73.645368
222850146.484,-73.658426
222850292.969,-73.612479
222850439.453,-73.455579
222850585.938,-73.811279
222850732.422,-74.024569
222850878.906,-74.196731
222851025.391,-74.306578
222851171.875,-74.287385
222851318.359,-74.073857
222851464.844,-74.273260
222851611.328,-74.163707
222851757.812,-73.952721
222851904.297,-73.894615
222852050.781,-74.212044
222852197.266,-74.450531
222852343.750,-74.399598
222852490.234,-74.430991
222852636.719,-74.104432
222852783.203,-74.446513
222852929.688,-74.655993
222853076.172,-74.195451
222853222.656,-74.445381
222853369.141,-74.441159
222853515.625,-73.864688
222853662.109,-73.571334
222853808.594,-73.232305
222853955.078,-73.058362
222854101.562,-72.888342
222854248.047,-73.214499
222854394.531,-73.378703
222854541.016,-73.394818
222854687.500,-73.806098
222854833.984,-73.829094
222854980.469,-73.995364
222855126.953,-74.381117
222855273.438,-74.323204
222855419.922,-74.304830
222855566.406,-74.567326
222855712.891,-74.389813
222855859.375,-74.009293
222856005.859,-74.105679
222856152.344,-74.251756
222856298.828,-74.158916
222856445.312,-74.048888
222856591.797,-74.107445
222856738.281,-74.291498
222856884.766,-74.183895
222857031.250,-74.233007
222857177.734,-74.172492
222857324.219,-74.170423
222857470.703,-74.026686
222857617.188,-74.008271
222857763.672,-74.105290
222857910.156,-74.194585
222858056.641,-74.078420
222858203.125,-73.641369
222858349.609,-73.792767
222858496.094,-73.605037
222858642.578,-73.355128
222858789.062,-73.473851
222858935.547,-73.682809
222859082.031,-73.788099
222859228.516,-73.693361
222859375.000,-73.721823
222859521.484,-73.697233
222859667.969,-73.846338
222859814.453,-74.203953
222859960.938,-73.849958
222860107.422,-73.618737
222860253.906,-74.089339
222860400.391,-74.032085
222860546.875,-73.778725
222860693.359,-73.611974
222860839.844,-73.896861
222860986.328,-74.051008
222861132.812,-74.238637
222861279.297,-74.004689
222861425.781,-73.817641
222861572.266,-73.959679
222861718.750,-73.847050
222861865.234,-73.348181
222862011.719,-73.245243
222862158.203,-73.476450
222862304.688,-73.477302
222862451.172,-73.694703
222862597.656,-73.914228
222862744.141,-73.996248
222862890.625,-74.106676
222863037.109,-74.229585
222863183.594,-74.197575
222863330.078,-74.146393
222863476.562,-73.912189
222863623.047,-73.544908
222863769.531,-73.465849
222863916.016,-73.721672
222864062.500,-73.751088
222864208.984,-73.963255
222864355.469,-74.031791
222864501.953,-73.701730
222864648.438,-74.146678
222864794.922,-74.213356
222864941.406,-74.061649
222865087.891,-73.988657
222865234.375,-73.916422
222865380.859,-73.995281
222865527.344,-73.627252
222865673.828,-73.854017
222865820.312,-73.989868
222865966.797,-73.516571
222866113.281,-73.466956
222866259.766,-73.734172
222866406.250,-73.882355
222866552.734,-73.774002
222866699.219,-73.570156
222866845.703,-73.495661
222866992.188,-73.651294
222867138.672,-73.762476
222867285.156,-73.908893
222867431.641,-73.881838
222867578.125,-74.102246
222867724.609,-74.027583
222867871.094,-73.606652
222868017.578,-73.464802
222868164.062,-73.362922
222868310.547,-73.228209
222868457.031,-73.309138
222868603.516,-73.270835
222868750.000,-73.296539
222868896.484,-73.103239
222869042.969,-73.063353
222869189.453,-73.107565
222869335.938,-73.266782
222869482.422,-72.814833
222869628.906,-72.868719
222869775.391,-72.969182
222869921.875,-72.953003
222870068.359,-73.094110
222870214.844,-72.776627
222870361.328,-72.535563
222870507.812,-72.350726
222870654.297,-72.641930
222870800.781,-72.736274
222870947.266,-72.459792
222871093.750,-72.555979
222871240.234,-72.517001
222871386.719,-72.387477
222871533.203,-72.610224
222871679.688,-72.537731
222871826.172,-72.657199
222871972.656,-72.909469
222872119.141,-72.953677
222872265.625,-73.065137
222872412.109,-72.913738
222872558.594,-72.611215
222872705.078,-72.488466
222872851.562,-72.505943
222872998.047,-72.575352
222873144.531,-72.634850
222873291.016,-72.553456
222873437.500,-72.693939
222873583.984,-72.745198
222873730.469,-72.713257
222873876.953,-72.880575
222874023.438,-72.741460
222874169.922,-72.374000
222874316.406,-72.245328
222874462.891,-72.331916
222874609.375,-72.387092
222874755.859,-72.290157
222874902.344,-72.075886
222875048.828,-71.990053
222875195.312,-72.266099
222875341.797,-72.424283
222875488.281,-72.638721
222875634.766,-72.830433
222875781.250,-73.120371
222875927.734,-73.463301
222876074.219,-73.197866
222876220.703,-73.115071
222876367.188,-72.989314
222876513.672,-72.504627
222876660.156,-72.360806
222876806.641,-72.610509
222876953.125,-72.780218
222877099.609,-72.698280
222877246.094,-72.724790
222877392.578,-72.660867
222877539.062,-73.060276
222877685.547,-73.468155
222877832.031,-73.411276
222877978.516,-72.971644
222878125.000,-72.926913
222878271.484,-72.979532
222878417.969,-72.682924
222878564.453,-72.513693
222878710.938,-72.707339
222878857.422,-72.954817
222879003.906,-73.283783
222879150.391,-73.146575
222879296.875,-73.441622
222879443.359,-73.657745
222879589.844,-73.340014
222879736.328,-73.244566
222879882.812,-73.168215
222880029.297,-72.958577
222880175.781,-72.971783
222880322.266,-73.146884
222880468.750,-72.924907
222880615.234,-72.652608
222880761.719,-72.853771
222880908.203,-73.035028
222881054.688,-73.028610
222881201.172,-73.049812
222881347.656,-72.903456
222881494.141,-73.047898
222881640.625,-73.376817
222881787.109,-73.457786
222881933.594,-73.302894
222882080.078,-73.214799
222882226.562,-73.368974
222882373.047,-73.307708
222882519.531,-73.512030
222882666.016,-73.776718
222882812.500,-73.478203
222882958.984,-73.428849
222883105.469,-73.321701
222883251.953,-73.177819
222883398.438,-73.338658
222883544.922,-73.575296
222883691.406,-73.755365
222883837.891,-73.688119
222883984.375,-73.581255
222884130.859,-73.802668
222884277.344,-73.555906
222884423.828,-73.609712
222884570.312,-73.612339
222884716.797,-73.682613
222884863.281,-73.700829
222885009.766,-73.613076
222885156.250,-73.507494
222885302.734,-73.581317
222885449.219,-73.398839
222885595.703,-73.374093
222885742.188,-73.597891
222885888.672,-73.940282
222886035.156,-74.053633
222886181.641,-74.052249
222886328.125,-73.955831
222886474.609,-73.930550
222886621.094,-74.031400
222886767.578,-73.702138
222886914.062,-73.777882
222887060.547,-73.783267
222887207.031,-73.891458
222887353.516,-73.739232
222887500.000,-73.689316
222887646.484,-73.796096
222887792.969,-73.839999
222887939.453,-73.650850
222888085.938,-73.447097
222888232.422,-73.604327
222888378.906,-73.461942
222888525.391,-73.199674
222888671.875,-73.104949
222888818.359,-73.075378
222888964.844,-73.269346
222889111.328,-73.556546
222889257.812,-73.768331
222889404.297,-73.506451
222889550.781,-73.613376
222889697.266,-73.519397
222889843.750,-73.574297
222889990.234,-73.618650
222890136.719,-73.649329
222890283.203,-73.160410
222890429.688,-73.395352
222890576.172,-73.344022
222890722.656,-73.211679
222890869.141,-73.227800
222891015.625,-73.298290
222891162.109,-73.141175
222891308.594,-73.703904
222891455.078,-73.877406
222891601.562,-73.674675
222891748.047,-73.586185
222891894.531,-73.621199
222892041.016,-74.043833
222892187.500,-73.785493
222892333.984,-73.520992
222892480.469,-73.693774
222892626.953,-73.884216
222892773.438,-74.046811
222892919.922,-73.815998
222893066.406,-73.961204
222893212.891,-73.978577
222893359.375,-74.021866
222893505.859,-74.127460
222893652.344,-74.229583
222893798.828,-74.157041
222893945.312,-74.017825
222894091.797,-74.257503
222894238.281,-74.478328
222894384.766,-73.975170
222894531.250,-73.621676
222894677.734,-73.860677
222894824.219,-73.998197
222894970.703,-74.178338
222895117.188,-73.922756
222895263.672,-73.659057
222895410.156,-73.926730
222895556.641,-74.134526
222895703.125,-74.130770
222895849.609,-74.147295
222895996.094,-74.108529
222896142.578,-74.376914
222896289.062,-74.441396
222896435.547,-74.452307
222896582.031,-74.540861
222896728.516,-74.332631
222896875.000,-74.416517
222897021.484,-74.360176
222897167.969,-74.136550
222897314.453,-74.416689
222897460.938,-74.738286
222897607.422,-74.338707
222897753.906,-74.322273
222897900.391,-74.392428
222898046.875,-74.356418
222898193.359,-74.465031
222898339.844,-74.722352
222898486.328,-74.632866
222898632.812,-74.589834
222898779.297,-74.444615
222898925.781,-74.279503
222899072.266,-74.590307
222899218.750,-74.463612
222899365.234,-74.689818
222899511.719,-74.864066
222899658.203,-74.907772
222899804.688,-75.052369
222899951.172,-75.047542
222900097.656,-75.102027
222900244.141,-75.444839
222900390.625,-75.151141
222900537.109,-74.811870
222900683.594,-74.897950
222900830.078,-74.734380
222900976.562,-74.577975
222901123.047,-74.565336
222901269.531,-74.638990
222901416.016,-74.787925
222901562.500,-74.919772
222901708.984,-74.892937
222901855.469,-74.853694
222902001.953,-75.174096
222902148.438,-75.154531
222902294.922,-75.037773
222902441.406,-74.991366
222902587.891,-75.002049
222902734.375,-75.091001
222902880.859,-75.106634
222903027.344,-74.935073
222903173.828,-74.912119
222903320.312,-74.979864
222903466.797,-74.763085
222903613.281,-75.054908
222903759.766,-75.283132
222903906.250,-75.461783
222904052.734,-75.135089
222904199.219,-74.987049
222904345.703,-75.036559
222904492.188,-75.049803
222904638.672,-75.259873
222904785.156,-75.488009
222904931.641,-75.760630
222905078.125,-75.629767
222905224.609,-75.493172
222905371.094,-75.353646
222905517.578,-75.325187
222905664.062,-75.215958
222905810.547,-75.308509
222905957.031,-75.479549
222906103.516,-75.524496
222906250.000,-75.659047
222906396.484,-75.211629
222906542.969,-74.963329
222906689.453,-75.133557
222906835.938,-75.420655
222906982.422,-75.242277
222907128.906,-75.205841
222907275.391,-75.161823
222907421.875,-75.083898
222907568.359,-75.347295
222907714.844,-75.128134
222907861.328,-75.072584
222908007.812,-75.275149
222908154.297,-75.081121
222908300.781,-75.064586
222908447.266,-74.922706
222908593.750,-74.893547
222908740.234,-74.785501
222908886.719,-74.717918
222909033.203,-74.912784
222909179.688,-75.065538
222909326.172,-75.429564
222909472.656,-75.294585
222909619.141,-75.095244
222909765.625,-75.053897
222909912.109,-74.778573
222910058.594,-74.958814
222910205.078,-75.178461
222910351.562,-75.123348
222910498.047,-74.954312
222910644.531,-75.095952
222910791.016,-75.087756
222910937.500,-75.141453
222911083.984,-75.428768
222911230.469,-75.025605
222911376.953,-75.072993
222911523.438,-74.827866
222911669.922,-75.036570
222911816.406,-74.913329
222911962.891,-74.874975
222912109.375,-74.883757
222912255.859,-74.709860
222912402.344,-74.701023
222912548.828,-74.759856
222912695.312,-74.491674
222912841.797,-74.390984
222912988.281,-74.523782
222913134.766,-74.260663
222913281.250,-74.568781
222913427.734,-74.876178
222913574.219,-74.800184
222913720.703,-74.683615
222913867.188,-74.483798
222914013.672,-74.378445
222914160.156,-74.282649
222914306.641,-74.467600
222914453.125,-74.623353
222914599.609,-74.624247
222914746.094,-74.725008
222914892.578,-74.483201
222915039.062,-74.490461
222915185.547,-74.762020
222915332.031,-74.263513
222915478.516,-74.086512
222915625.000,-74.466518
222915771.484,-74.834439
222915917.969,-73.969938
222916064.453,-72.996110
222916210.938,-71.755873
222916357.422,-70.868698
222916503.906,-70.403583
222916650.391,-70.448157
222916796.875,-70.773321
222916943.359,-71.773932
222917089.844,-73.003167
222917236.328,-73.480037
222917382.812,-73.928322
222917529.297,-74.029780
222917675.781,-73.903170
222917822.266,-73.886763
222917968.750,-74.178887
222918115.234,-74.105987
222918261.719,-74.054610
222918408.203,-73.971011
222918554.688,-73.978869
222918701.172,-74.049513
222918847.656,-74.275833
222918994.141,-74.523916
222919140.625,-74.482296
222919287.109,-74.518160
222919433.594,-74.671704
222919580.078,-74.921383
222919726.562,-74.815957
222919873.047,-74.507751
222920019.531,-74.643819
222920166.016,-74.472806
222920312.500,-74.160455
222920458.984,-73.687038
222920605.469,-73.470061
222920751.953,-73.430406
222920898.438,-73.781460
222921044.922,-73.770649
222921191.406,-73.724414
222921337.891,-73.856392
222921484.375,-73.964931
222921630.859,-73.762276
222921777.344,-73.863903
222921923.828,-73.667647
222922070.312,-74.077503
222922216.797,-73.878338
222922363.281,-73.962436
222922509.766,-73.973628
222922656.250,-74.182856
222922802.734,-74.400192
222922949.219,-74.404843
222923095.703,-74.164117
222923242.188,-74.043618
222923388.672,-74.174996
222923535.156,-74.116903
222923681.641,-74.170964
222923828.125,-74.174407
222923974.609,-73.969930
222924121.094,-73.925537
222924267.578,-74.082476
222924414.062,-73.992522
222924560.547,-74.218736
222924707.031,-74.103780
222924853.516,-74.247224
222925000.000,-74.199943
222925146.484,-74.056303
222925292.969,-74.040652
222925439.453,-74.530308
222925585.938,-74.538206
222925732.422,-74.567328
222925878.906,-74.495046
222926025.391,-74.460832
222926171.875,-74.578888
222926318.359,-74.176232
222926464.844,-73.331500
222926611.328,-73.266345
222926757.812,-73.519682
222926904.297,-73.594788
222927050.781,-73.491291
222927197.266,-73.909019
222927343.750,-74.150000
222927490.234,-74.374163
222927636.719,-74.391344
222927783.203,-74.269354
222927929.688,-74.294829
222928076.172,-74.189206
222928222.656,-73.909634
222928369.141,-73.715928
222928515.625,-73.811190
222928662.109,-73.843404
222928808.594,-73.617592
222928955.078,-73.779139
222929101.562,-74.149342
222929248.047,-73.934656
222929394.531,-73.906734
222929541.016,-74.237908
222929687.500,-74.331592
222929833.984,-74.404432
222929980.469,-74.610491
222930126.953,-74.445585
222930273.438,-74.008754
222930419.922,-73.957745
222930566.406,-74.030267
222930712.891,-73.994336
222930859.375,-74.051945
222931005.859,-74.012909
222931152.344,-74.080657
222931298.828,-74.057052
222931445.312,-74.112012
222931591.797,-74.111828
222931738.281,-73.748339
222931884.766,-73.889803
222932031.250,-73.783320
222932177.734,-73.721100
222932324.219,-73.447600
222932470.703,-73.257486
222932617.188,-73.202946
222932763.672,-73.217200
222932910.156,-73.434096
222933056.641,-73.440347
222933203.125,-73.318438
222933349.609,-73.006758
222933496.094,-72.931645
222933642.578,-73.301718
222933789.062,-73.509868
222933935.547,-73.525963
222934082.031,-73.623812
222934228.516,-73.679434
222934375.000,-73.421464
222934521.484,-73.235411
222934667.969,-73.245151
222934814.453,-73.075298
222934960.938,-73.068773
222935107.422,-73.078408
222935253.906,-72.755783
222935400.391,-73.056212
222935546.875,-73.364973
222935693.359,-73.045176
222935839.844,-73.137144
222935986.328,-73.024122
222936132.812,-72.977128
222936279.297,-73.273633
222936425.781,-73.487307
222936572.266,-73.193450
222936718.750,-73.266006
222936865.234,-73.320007
222937011.719,-73.326569
222937158.203,-73.235613
222937304.688,-73.201886
222937451.172,-73.178953
222937597.656,-73.396609
222937744.141,-73.414692
222937890.625,-73.363905
222938037.109,-73.312895
222938183.594,-73.293502
222938330.078,-73.521537
222938476.562,-73.385014
222938623.047,-73.363316
222938769.531,-73.619672
222938916.016,-73.606068
222939062.500,-73.735869
222939208.984,-73.941578
222939355.469,-73.914279
222939501.953,-73.697846
222939648.438,-73.850833
222939794.922,-73.877697
222939941.406,-73.537462
222940087.891,-73.586118
222940234.375,-73.869753
222940380.859,-73.852031
222940527.344,-73.901523
222940673.828,-73.865940
222940820.312,-73.868044
222940966.797,-73.849361
222941113.281,-74.011375
222941259.766,-74.189877
222941406.250,-74.279581
222941552.734,-74.115589
222941699.219,-74.278021
222941845.703,-74.259992
222941992.188,-74.462440
222942138.672,-74.207667
222942285.156,-74.177561
222942431.641,-74.095780
222942578.125,-74.193668
222942724.609,-74.140594
222942871.094,-74.161702
222943017.578,-74.006644
222943164.062,-74.194799
222943310.547,-74.090535
222943457.031,-73.986740
222943603.516,-74.065402
222943750.000,-74.470998
222943896.484,-74.199623
222944042.969,-73.893445
222944189.453,-73.910818
222944335.938,-74.142120
222944482.422,-74.022992
222944628.906,-74.395743
222944775.391,-74.331086
222944921.875,-74.388296
222945068.359,-74.292022
222945214.844,-74.572514
222945361.328,-74.798595
222945507.812,-74.742702
222945654.297,-74.489314
222945800.781,-74.468415
222945947.266,-74.215042
222946093.750,-74.183710
222946240.234,-74.585522
222946386.719,-74.440304
222946533.203,-74.370263
222946679.688,-74.632672
222946826.172,-74.555283
222946972.656,-74.656243
222947119.141,-74.637434
222947265.625,-74.515781
222947412.109,-74.746463
222947558.594,-75.059030
222947705.078,-75.254490
222947851.562,-75.012886
222947998.047,-75.087360
222948144.531,-74.964760
222948291.016,-74.886980
222948437.500,-74.726645
222948583.984,-74.644030
222948730.469,-74.679177
222948876.953,-74.566687
222949023.438,-74.513970
222949169.922,-74.610607
222949316.406,-74.680911
222949462.891,-74.936130
222949609.375,-74.734836
222949755.859,-74.740573
222949902.344,-74.602197
222950048.828,-74.773898
222950195.312,-74.553950
222950341.797,-74.199389
222950488.281,-74.301426
222950634.766,-74.534893
222950781.250,-74.691813
222950927.734,-74.539291
222951074.219,-74.494724
222951220.703,-74.691781
222951367.188,-74.531697
222951513.672,-74.509427
222951660.156,-74.557833
222951806.641,-74.219731
222951953.125,-74.231615
222952099.609,-74.467140
222952246.094,-74.300596
222952392.578,-74.270473
222952539.062,-74.255966
222952685.547,-74.399441
222952832.031,-74.341890
222952978.516,-74.002609
222953125.000,-73.990249
222953271.484,-73.996623
222953417.969,-74.387940
222953564.453,-74.488726
222953710.938,-74.679529
222953857.422,-74.482136
222954003.906,-74.515512
222954150.391,-74.031990
222954296.875,-73.856385
222954443.359,-74.258581
222954589.844,-74.194501
222954736.328,-74.203314
222954882.812,-74.232404
222955029.297,-74.027550
222955175.781,-74.189630
222955322.266,-74.235907
222955468.750,-74.197118
222955615.234,-74.217853
222955761.719,-74.721574
222955908.203,-74.829738
222956054.688,-74.869000
222956201.172,-74.879628
222956347.656,-74.867252
222956494.141,-74.919341
222956640.625,-74.723716
222956787.109,-74.266355
222956933.594,-74.456830
222957080.078,-74.708125
222957226.562,-74.469839
222957373.047,-74.195789
222957519.531,-74.494028
222957666.016,-74.754862
222957812.500,-74.706145
222957958.984,-74.821302
222958105.469,-74.652830
222958251.953,-74.399130
222958398.438,-74.590390
222958544.922,-74.480038
222958691.406,-74.649855
222958837.891,-74.952398
222958984.375,-74.521491
222959130.859,-74.306694
222959277.344,-74.355206
222959423.828,-74.192731
222959570.312,-74.557366
222959716.797,-74.809266
222959863.281,-74.682386
222960009.766,-74.612078
222960156.250,-74.700118
222960302.734,-74.685743
222960449.219,-74.426582
222960595.703,-74.430190
222960742.188,-74.797199
222960888.672,-74.718569
222961035.156,-74.803665
222961181.641,-74.594738
222961328.125,-74.944391
222961474.609,-74.907200
222961621.094,-74.492640
222961767.578,-74.474192
222961914.062,-74.666726
222962060.547,-74.569085
222962207.031,-74.598996
222962353.516,-74.778351
222962500.000,-74.376735
222962646.484,-74.566621
222962792.969,-74.888488
222962939.453,-74.950488
222963085.938,-75.174374
222963232.422,-75.083625
222963378.906,-74.914779
222963525.391,-75.089896
222963671.875,-74.846702
222963818.359,-74.961968
222963964.844,-74.899009
222964111.328,-74.758331
222964257.812,-74.977856
222964404.297,-75.090497
222964550.781,-75.162366
222964697.266,-75.003088
222964843.750,-75.025188
222964990.234,-74.986198
222965136.719,-75.323301
222965283.203,-75.033141
222965429.688,-74.814543
222965576.172,-74.607902
222965722.656,-74.588138
222965869.141,-74.617474
222966015.625,-74.849781
222966162.109,-74.815196
222966308.594,-75.065793
222966455.078,-74.890589
222966601.562,-75.102886
222966748.047,-74.993416
222966894.531,-74.786804
222967041.016,-75.015181
222967187.500,-75.329393
222967333.984,-75.325975
222967480.469,-75.357136
222967626.953,-75.270886
222967773.438,-74.832499
222967919.922,-75.070331
222968066.406,-75.136917
222968212.891,-75.049899
222968359.375,-75.157966
222968505.859,-75.312821
222968652.344,-75.206936
222968798.828,-75.139305
222968945.312,-75.037643
222969091.797,-75.082293
222969238.281,-75.073214
222969384.766,-74.970558
222969531.250,-75.138732
222969677.734,-75.025607
222969824.219,-75.170504
222969970.703,-75.056890
222970117.188,-75.011568
222970263.672,-75.171431
222970410.156,-75.158126
222970556.641,-74.993759
222970703.125,-74.812349
222970849.609,-74.858737
222970996.094,-75.046802
222971142.578,-75.071616
222971289.062,-74.669946
222971435.547,-74.529578
222971582.031,-74.448967
222971728.516,-74.549507
222971875.000,-74.634801
222972021.484,-74.936355
222972167.969,-75.326480
222972314.453,-75.263374
222972460.938,-74.997013
222972607.422,-74.906006
222972753.906,-74.997422
222972900.391,-74.884468
222973046.875,-74.962110
222973193.359,-74.843362
222973339.844,-74.884039
222973486.328,-74.948564
222973632.812,-74.673370
222973779.297,-74.457357
222973925.781,-74.610768
222974072.266,-74.834944
222974218.750,-75.148616
222974365.234,-75.069021
222974511.719,-74.911777
222974658.203,-74.758294
222974804.688,-74.827107
222974951.172,-74.776317
222975097.656,-74.435530
222975244.141,-74.346593
222975390.625,-74.803260
222975537.109,-74.643106
222975683.594,-74.452205
222975830.078,-74.457796
222975976.562,-74.436244
222976123.047,-74.448881
222976269.531,-74.399964
222976416.016,-74.481910
222976562.500,-74.745651
222976708.984,-74.941247
222976855.469,-74.892809
222977001.953,-75.014246
222977148.438,-75.085561
222977294.922,-74.756116
222977441.406,-74.619867
222977587.891,-74.581353
222977734.375,-74.691820
222977880.859,-74.694178
222978027.344,-74.425917
222978173.828,-74.225835
222978320.312,-74.422103
222978466.797,-74.446213
222978613.281,-74.685662
222978759.766,-74.287231
222978906.250,-74.208494
222979052.734,-74.165010
222979199.219,-74.036887
222979345.703,-74.011048
222979492.188,-74.163912
222979638.672,-74.117221
222979785.156,-73.932839
222979931.641,-74.204618
222980078.125,-73.948610
222980224.609,-73.927533
222980371.094,-74.450653
222980517.578,-74.358578
222980664.062,-74.565015
222980810.547,-74.426943
222980957.031,-74.088482
222981103.516,-74.668795
222981250.000,-75.001436
222981396.484,-74.901632
222981542.969,-74.713371
222981689.453,-74.533783
222981835.938,-74.361183
222981982.422,-74.158135
222982128.906,-74.189721
222982275.391,-74.177017
222982421.875,-74.232977
222982568.359,-74.248000
222982714.844,-74.318419
222982861.328,-74.660530
222983007.812,-74.391001
222983154.297,-74.026938
222983300.781,-74.106584
222983447.266,-73.823428
222983593.750,-73.959994
222983740.234,-73.817599
222983886.719,-73.525795
222984033.203,-73.294115
222984179.688,-73.496989
222984326.172,-73.441420
222984472.656,-73.511415
222984619.141,-73.762266
222984765.625,-74.016894
222984912.109,-73.929638
222985058.594,-73.906470
222985205.078,-74.227085
222985351.562,-74.278964
222985498.047,-74.458928
222985644.531,-74.409915
222985791.016,-74.409422
222985937.500,-74.132060
222986083.984,-73.958430
222986230.469,-73.849078
222986376.953,-74.001932
222986523.438,-74.197118
222986669.922,-74.271909
222986816.406,-74.129110
222986962.891,-74.384766
222987109.375,-74.311558
222987255.859,-74.409347
222987402.344,-74.545078
222987548.828,-74.411696
222987695.312,-74.382936
222987841.797,-74.374507
222987988.281,-74.393385
222988134.766,-74.431987
222988281.250,-74.025277
222988427.734,-73.921506
222988574.219,-74.000462
222988720.703,-74.171702
222988867.188,-74.199014
222989013.672,-74.358527
222989160.156,-74.406118
222989306.641,-74.511558
222989453.125,-74.493335
222989599.609,-74.392213
222989746.094,-74.376729
222989892.578,-74.404203
222990039.062,-74.500120
222990185.547,-74.527072
222990332.031,-74.422652
222990478.516,-74.064568
222990625.000,-74.238101
222990771.484,-74.510756
222990917.969,-74.442219
222991064.453,-74.470213
222991210.938,-74.302868
222991357.422,-74.396934
222991503.906,-74.650435
222991650.391,-74.415440
222991796.875,-74.050832
222991943.359,-74.148748
222992089.844,-74.473166
222992236.328,-74.110526
222992382.812,-73.744835
222992529.297,-73.847507
222992675.781,-73.937370
222992822.266,-74.294517
222992968.750,-74.296165
222993115.234,-74.222702
222993261.719,-73.832111
222993408.203,-73.614081
222993554.688,-74.174295
222993701.172,-74.438533
222993847.656,-74.210692
222993994.141,-74.310683
222994140.625,-74.219774
222994287.109,-74.181904
222994433.594,-73.964881
222994580.078,-73.733544
222994726.562,-73.527790
222994873.047,-73.710875
222995019.531,-73.648468
222995166.016,-73.592517
222995312.500,-73.197423
222995458.984,-73.395640
222995605.469,-73.492932
222995751.953,-73.698689
222995898.438,-73.872328
222996044.922,-73.775622
222996191.406,-73.653931
222996337.891,-73.619120
222996484.375,-73.491350
222996630.859,-73.218772
222996777.344,-73.475495
222996923.828,-73.652416
222997070.312,-73.710339
222997216.797,-73.819505
222997363.281,-73.673807
222997509.766,-73.705668
222997656.250,-73.736866
222997802.734,-73.606050
222997949.219,-74.009470
222998095.703,-74.219940
222998242.188,-73.804707
222998388.672,-73.779639
222998535.156,-73.824086
222998681.641,-73.994369
222998828.125,-73.371947
222998974.609,-73.303728
222999121.094,-73.435641
222999267.578,-73.351912
222999414.062,-73.100046
222999560.547,-72.816959
222999707.031,-72.760996
222999853.516,-72.742642
223000000.000,-73.222595
223000146.484,-73.561268
223000292.969,-73.548745
223000439.453,-73.504784
223000585.938,-73.775421
223000732.422,-74.273094
223000878.906,-74.278380
223001025.391,-74.098686
223001171.875,-74.241790
223001318.359,-74.073612
223001464.844,-73.950947
223001611.328,-74.260955
223001757.812,-74.019480
223001904.297,-74.025668
223002050.781,-74.155031
223002197.266,-74.319345
223002343.750,-74.176634
223002490.234,-74.115622
223002636.719,-74.249767
223002783.203,-74.386530
223002929.688,-74.525072
223003076.172,-74.678065
223003222.656,-74.639769
223003369.141,-74.644522
223003515.625,-74.468320
223003662.109,-74.517739
223003808.594,-74.636121
223003955.078,-74.420927
223004101.562,-74.436708
223004248.047,-74.386129
223004394.531,-74.433121
223004541.016,-74.812925
223004687.500,-74.807408
223004833.984,-74.599219
223004980.469,-74.669020
223005126.953,-74.983339
223005273.438,-74.651381
223005419.922,-74.885733
223005566.406,-74.840081
223005712.891,-74.810099
223005859.375,-74.785401
223006005.859,-74.608411
223006152.344,-74.903911
223006298.828,-74.761247
223006445.312,-74.707351
223006591.797,-74.911523
223006738.281,-74.518780
223006884.766,-74.464096
223007031.250,-74.629282
223007177.734,-74.524005
223007324.219,-74.703774
223007470.703,-75.105100
223007617.188,-75.080632
223007763.672,-74.996672
223007910.156,-74.849392
223008056.641,-74.924517
223008203.125,-74.976612
223008349.609,-75.116645
223008496.094,-74.999626
223008642.578,-75.088798
223008789.062,-74.995975
223008935.547,-75.023267
223009082.031,-74.988679
223009228.516,-75.095477
223009375.000,-75.023973
223009521.484,-74.959964
223009667.969,-75.102776
223009814.453,-75.108339
223009960.938,-75.369000
223010107.422,-75.350629
223010253.906,-75.013152
223010400.391,-74.989050
223010546.875,-75.428562
223010693.359,-75.487591
223010839.844,-74.793619
223010986.328,-74.859224
223011132.812,-75.232373
223011279.297,-75.333638
223011425.781,-75.526989
223011572.266,-75.506564
223011718.750,-75.726447
223011865.234,-75.411038
223012011.719,-75.370816
223012158.203,-75.211826
223012304.688,-75.167233
223012451.172,-75.258794
223012597.656,-75.151766
223012744.141,-75.168771
223012890.625,-75.402204
223013037.109,-75.180798
223013183.594,-75.011690
223013330.078,-75.210708
223013476.562,-75.354906
223013623.047,-75.314327
223013769.531,-75.242354
223013916.016,-75.480587
223014062.500,-75.231312
223014208.984,-75.071587
223014355.469,-75.166792
223014501.953,-75.317914
223014648.438,-75.154265
223014794.922,-75.096937
223014941.406,-74.878008
223015087.891,-74.722079
223015234.375,-74.723952
223015380.859,-74.532732
223015527.344,-74.543218
223015673.828,-74.860653
223015820.312,-74.778806
223015966.797,-74.709076
223016113.281,-74.957011
223016259.766,-75.057885
223016406.250,-74.856805
223016552.734,-74.909129
223016699.219,-74.889035
223016845.703,-75.043478
223016992.188,-75.035564
223017138.672,-75.085253
223017285.156,-74.980905
223017431.641,-75.232859
223017578.125,-75.278350
223017724.609,-74.833342
223017871.094,-74.844668
223018017.578,-75.161125
223018164.062,-75.136589
223018310.547,-74.932089
223018457.031,-74.941106
223018603.516,-75.161729
223018750.000,-75.118321
223018896.484,-74.666033
223019042.969,-74.555481
223019189.453,-74.213466
223019335.938,-74.181271
223019482.422,-74.531450
223019628.906,-74.706885
223019775.391,-75.081226
223019921.875,-75.179027
223020068.359,-74.759170
223020214.844,-73.859956
223020361.328,-73.027171
223020507.812,-72.343253
223020654.297,-71.807483
223020800.781,-71.555817
223020947.266,-72.077499
223021093.750,-73.069898
223021240.234,-73.905799
223021386.719,-74.759860
223021533.203,-75.056132
223021679.688,-75.193940
223021826.172,-74.948877
223021972.656,-74.743011
223022119.141,-74.684403
223022265.625,-75.012353
223022412.109,-75.244629
223022558.594,-74.976614
223022705.078,-75.097467
223022851.562,-75.282355
223022998.047,-75.154716
223023144.531,-75.228369
223023291.016,-75.113599
223023437.500,-74.929704
223023583.984,-74.776758
223023730.469,-74.873503
223023876.953,-74.903125
223024023.438,-74.822443
223024169.922,-75.041074
223024316.406,-74.839052
223024462.891,-74.811598
223024609.375,-75.101891
223024755.859,-75.081636
223024902.344,-75.233086
223025048.828,-75.273908
223025195.312,-75.000936
223025341.797,-75.450167
223025488.281,-75.524825
223025634.766,-75.397168
223025781.250,-75.509227
223025927.734,-75.465807
223026074.219,-75.659825
223026220.703,-75.367486
223026367.188,-75.163075
223026513.672,-75.134870
223026660.156,-75.060801
223026806.641,-75.408526
223026953.125,-75.281727
223027099.609,-75.372350
223027246.094,-75.052887
223027392.578,-74.871890
223027539.062,-75.173430
223027685.547,-75.396847
223027832.031,-75.320752
223027978.516,-75.062895
223028125.000,-74.909473
223028271.484,-75.086171
223028417.969,-75.079580
223028564.453,-75.147466
223028710.938,-75.370699
223028857.422,-75.037516
223029003.906,-75.181020
223029150.391,-75.315521
223029296.875,-75.332383
223029443.359,-75.238591
223029589.844,-75.183238
223029736.328,-75.175801
223029882.812,-75.420714
223030029.297,-75.454604
223030175.781,-75.587536
223030322.266,-75.226448
223030468.750,-75.249673
223030615.234,-75.381797
223030761.719,-75.278148
223030908.203,-75.402279
223031054.688,-75.189813
223031201.172,-75.423222
223031347.656,-75.164633
223031494.141,-74.898694
223031640.625,-75.134079
223031787.109,-74.899915
223031933.594,-74.806726
223032080.078,-74.965182
223032226.562,-75.152687
223032373.047,-74.909763
223032519.531,-74.563790
223032666.016,-75.036552
223032812.500,-74.841036
223032958.984,-74.541970
223033105.469,-74.750860
223033251.953,-74.968478
223033398.438,-74.705614
223033544.922,-74.661187
223033691.406,-74.807354
223033837.891,-74.702867
223033984.375,-74.674402
223034130.859,-74.824590
223034277.344,-74.405313
223034423.828,-74.741067
223034570.312,-74.990423
223034716.797,-74.987995
223034863.281,-74.907776
223035009.766,-74.750652
223035156.250,-74.876959
223035302.734,-74.770034
223035449.219,-74.511874
223035595.703,-74.561857
223035742.188,-74.641935
223035888.672,-74.902587
223036035.156,-74.501797
223036181.641,-74.457191
223036328.125,-74.764108
223036474.609,-74.852201
223036621.094,-74.828122
223036767.578,-74.770007
223036914.062,-74.393644
223037060.547,-74.206080
223037207.031,-74.299847
223037353.516,-74.233940
223037500.000,-74.673504
223037646.484,-74.534189
223037792.969,-74.433101
223037939.453,-74.458373
223038085.938,-74.731406
223038232.422,-74.716287
223038378.906,-74.604920
223038525.391,-74.608894
223038671.875,-74.451430
223038818.359,-74.831482
223038964.844,-74.849208
223039111.328,-74.425693
223039257.812,-74.434802
223039404.297,-74.699700
223039550.781,-74.503172
223039697.266,-74.806073
223039843.750,-74.787486
223039990.234,-74.732092
223040136.719,-74.771615
223040283.203,-74.335769
223040429.688,-74.421516
223040576.172,-74.446239
223040722.656,-74.793422
223040869.141,-74.963222
223041015.625,-74.433885
223041162.109,-74.631049
223041308.594,-74.529778
223041455.078,-74.396474
223041601.562,-74.190332
223041748.047,-74.216258
223041894.531,-74.246104
223042041.016,-74.351723
223042187.500,-74.330870
223042333.984,-73.937714
223042480.469,-74.290944
223042626.953,-74.368879
223042773.438,-74.017526
223042919.922,-74.291912
223043066.406,-74.415366
223043212.891,-74.578605
223043359.375,-74.751356
223043505.859,-74.786735
223043652.344,-74.663139
223043798.828,-74.415723
223043945.312,-74.191673
223044091.797,-74.081073
223044238.281,-74.021803
223044384.766,-74.075300
223044531.250,-74.155238
223044677.734,-74.368080
223044824.219,-74.750464
223044970.703,-74.920127
223045117.188,-74.641804
223045263.672,-74.408532
223045410.156,-74.708406
223045556.641,-74.873982
223045703.125,-74.703005
223045849.609,-74.616186
223045996.094,-74.447539
223046142.578,-74.606179
223046289.062,-74.770011
223046435.547,-74.357388
223046582.031,-74.202517
223046728.516,-74.180447
223046875.000,-74.107954
223047021.484,-74.275855
223047167.969,-74.312711
223047314.453,-74.186085
223047460.938,-74.377674
223047607.422,-74.784838
223047753.906,-74.666199
223047900.391,-74.307160
223048046.875,-74.225059
223048193.359,-74.696130
223048339.844,-75.024927
223048486.328,-74.834817
223048632.812,-74.552322
223048779.297,-74.516793
223048925.781,-74.587123
223049072.266,-74.640850
223049218.750,-74.456632
223049365.234,-74.232702
223049511.719,-74.276593
223049658.203,-74.311032
223049804.688,-74.656396
223049951.172,-74.533233
223050097.656,-74.449723
223050244.141,-74.317255
223050390.625,-74.301384
223050537.109,-74.272237
223050683.594,-74.579836
223050830.078,-74.549717
223050976.562,-74.531784
223051123.047,-74.940301
223051269.531,-74.991169
223051416.016,-74.872453
223051562.500,-75.119977
223051708.984,-75.050122
223051855.469,-74.964656
223052001.953,-74.668560
223052148.438,-74.538030
223052294.922,-74.610882
223052441.406,-74.580611
223052587.891,-74.409039
223052734.375,-74.546828
223052880.859,-74.639189
223053027.344,-74.649441
223053173.828,-74.604076
223053320.312,-74.824094
223053466.797,-74.943177
223053613.281,-74.497405
223053759.766,-74.738790
223053906.250,-74.683559
223054052.734,-74.761437
223054199.219,-74.834941
223054345.703,-74.790888
223054492.188,-74.733159
223054638.672,-74.785746
223054785.156,-74.630302
223054931.641,-74.214624
223055078.125,-74.215812
223055224.609,-74.528080
223055371.094,-74.928676
223055517.578,-74.684097
223055664.062,-74.561587
223055810.547,-74.633136
223055957.031,-74.693706
223056103.516,-74.715802
223056250.000,-74.427109
223056396.484,-74.622217
223056542.969,-74.610007
223056689.453,-74.439417
223056835.938,-74.564626
223056982.422,-74.870318
223057128.906,-74.971779
223057275.391,-74.628694
223057421.875,-74.678749
223057568.359,-74.402253
223057714.844,-74.461848
223057861.328,-74.555973
223058007.812,-74.290933
223058154.297,-74.131501
223058300.781,-74.097283
223058447.266,-74.054351
223058593.750,-74.055708
223058740.234,-74.189031
223058886.719,-74.103147
223059033.203,-74.063995
223059179.688,-73.832350
223059326.172,-74.115466
223059472.656,-74.387931
223059619.141,-74.332366
223059765.625,-74.322949
223059912.109,-74.291660
223060058.594,-74.667591
223060205.078,-74.477953
223060351.562,-74.183971
223060498.047,-74.172575
223060644.531,-74.471161
223060791.016,-74.330276
223060937.500,-73.783340
223061083.984,-73.817402
223061230.469,-74.297575
223061376.953,-74.239871
223061523.438,-74.151259
223061669.922,-74.239398
223061816.406,-74.200336
223061962.891,-74.006599
223062109.375,-73.857603
223062255.859,-73.732649
223062402.344,-73.931623
223062548.828,-74.019173
223062695.312,-73.971692
223062841.797,-74.096099
223062988.281,-73.926047
223063134.766,-74.035087
223063281.250,-74.267332
223063427.734,-74.579910
223063574.219,-74.188244
223063720.703,-73.941719
223063867.188,-74.103528
223064013.672,-74.478344
223064160.156,-74.394160
223064306.641,-74.374020
223064453.125,-74.517073
223064599.609,-74.483107
223064746.094,-74.500713
223064892.578,-74.272042
223065039.062,-74.522776
223065185.547,-74.509743
223065332.031,-74.489226
223065478.516,-74.612351
223065625.000,-74.670915
223065771.484,-74.792336
223065917.969,-74.691873
223066064.453,-74.483694
223066210.938,-74.471858
223066357.422,-74.470970
223066503.906,-74.276146
223066650.391,-74.458166
223066796.875,-74.570834
223066943.359,-74.966175
223067089.844,-74.757441
223067236.328,-74.343802
223067382.812,-74.362868
223067529.297,-74.443569
223067675.781,-74.786412
223067822.266,-74.763707
223067968.750,-74.909131
223068115.234,-74.918817
223068261.719,-74.779187
223068408.203,-74.684581
223068554.688,-74.614019
223068701.172,-74.926277
223068847.656,-75.206486
223068994.141,-74.861991
223069140.625,-74.918472
223069287.109,-75.219378
223069433.594,-75.052086
223069580.078,-75.230568
223069726.562,-75.037029
223069873.047,-74.824912
223070019.531,-74.858690
223070166.016,-74.918187
223070312.500,-74.708313
223070458.984,-74.832826
223070605.469,-74.844459
223070751.953,-74.828140
223070898.438,-75.146708
223071044.922,-75.165520
223071191.406,-75.047347
223071337.891,-74.811687
223071484.375,-74.767717
223071630.859,-75.281298
223071777.344,-75.182750
223071923.828,-74.855655
223072070.312,-74.927200
223072216.797,-75.139331
223072363.281,-75.136729
223072509.766,-75.183013
223072656.250,-75.127542
223072802.734,-75.092000
223072949.219,-75.358445
223073095.703,-75.599856
223073242.188,-75.370916
223073388.672,-75.386161
223073535.156,-75.287858
223073681.641,-75.431053
223073828.125,-75.534794
223073974.609,-75.224368
223074121.094,-75.434999
223074267.578,-75.526651
223074414.062,-75.285261
223074560.547,-75.441168
223074707.031,-75.171346
223074853.516,-75.039985
223075000.000,-75.050803
223075146.484,-74.885411
223075292.969,-75.068035
223075439.453,-75.172517
223075585.938,-75.189806
223075732.422,-74.774488
223075878.906,-74.781243
223076025.391,-74.803819
223076171.875,-75.010095
223076318.359,-75.056367
223076464.844,-75.274829
223076611.328,-75.485374
223076757.812,-75.062000
223076904.297,-74.656768
223077050.781,-74.778420
223077197.266,-75.080048
223077343.750,-75.017872
223077490.234,-75.020840
223077636.719,-75.000370
223077783.203,-75.243173
223077929.688,-75.448348
223078076.172,-75.494735
223078222.656,-75.145370
223078369.141,-74.776038
223078515.625,-74.752279
223078662.109,-74.807925
223078808.594,-74.320836
223078955.078,-74.296103
223079101.562,-74.934254
223079248.047,-75.208703
223079394.531,-75.190207
223079541.016,-75.487167
223079687.500,-75.913592
223079833.984,-75.964501
223079980.469,-75.780096
223080126.953,-75.644678
223080273.438,-75.374579
223080419.922,-75.375111
223080566.406,-75.290207
223080712.891,-75.349339
223080859.375,-75.379308
223081005.859,-75.319221
223081152.344,-75.422197
223081298.828,-75.216902
223081445.312,-75.541222
223081591.797,-75.651771
223081738.281,-75.316455
223081884.766,-75.189487
223082031.250,-75.342127
223082177.734,-75.520486
223082324.219,-75.659726
223082470.703,-75.403613
223082617.188,-75.182071
223082763.672,-75.022662
223082910.156,-75.181440
223083056.641,-75.029208
223083203.125,-75.114074
223083349.609,-75.308279
223083496.094,-75.388502
223083642.578,-75.669025
223083789.062,-75.570151
223083935.547,-75.514372
223084082.031,-75.647059
223084228.516,-75.633801
223084375.000,-75.405934
223084521.484,-75.660956
223084667.969,-75.797901
223084814.453,-75.747981
223084960.938,-75.466528
223085107.422,-75.515820
223085253.906,-75.731035
223085400.391,-75.821727
223085546.875,-75.898194
223085693.359,-75.893318
223085839.844,-75.646578
223085986.328,-75.582232
223086132.812,-75.641420
223086279.297,-75.765112
223086425.781,-75.910333
223086572.266,-75.760620
223086718.750,-75.771792
223086865.234,-75.805018
223087011.719,-75.684671
223087158.203,-75.705222
223087304.688,-75.904512
223087451.172,-75.882885
223087597.656,-75.855840
223087744.141,-75.745025
223087890.625,-75.718950
223088037.109,-75.872960
223088183.594,-76.042460
223088330.078,-75.925442
223088476.562,-75.912412
223088623.047,-75.969783
223088769.531,-76.046728
223088916.016,-75.838237
223089062.500,-75.951307
223089208.984,-75.930151
223089355.469,-76.302191
223089501.953,-76.068157
223089648.438,-76.007376
223089794.922,-76.023508
223089941.406,-75.594718
223090087.891,-75.876904
223090234.375,-76.271213
223090380.859,-76.194147
223090527.344,-75.994590
223090673.828,-76.025623
223090820.312,-76.040476
223090966.797,-75.884465
223091113.281,-76.011232
223091259.766,-75.932747
223091406.250,-76.217685
223091552.734,-76.486519
223091699.219,-76.554997
223091845.703,-76.340780
223091992.188,-76.285363
223092138.672,-76.421435
223092285.156,-76.512040
223092431.641,-76.412635
223092578.125,-76.285612
223092724.609,-76.400635
223092871.094,-76.191099
223093017.578,-76.040936
223093164.062,-76.198968
223093310.547,-76.161179
223093457.031,-76.115199
223093603.516,-75.924259
223093750.000,-76.282150
223093896.484,-76.135396
223094042.969,-76.218833
223094189.453,-76.619956
223094335.938,-76.700937
223094482.422,-76.406606
223094628.906,-76.439255
223094775.391,-76.549667
223094921.875,-76.480615
223095068.359,-76.206633
223095214.844,-76.131587
223095361.328,-76.012681
223095507.812,-76.220467
223095654.297,-76.130624
223095800.781,-76.125495
223095947.266,-76.049225
223096093.750,-76.070101
223096240.234,-75.913590
223096386.719,-75.715454
223096533.203,-75.672633
223096679.688,-76.153375
223096826.172,-76.681464
223096972.656,-76.216043
223097119.141,-76.099021
223097265.625,-76.265895
223097412.109,-76.261173
223097558.594,-76.363242
223097705.078,-76.207460
223097851.562,-76.091436
223097998.047,-76.059300
223098144.531,-76.019331
223098291.016,-76.190598
223098437.500,-76.543492
223098583.984,-76.533577
223098730.469,-76.326193
223098876.953,-76.191706
223099023.438,-76.347926
223099169.922,-76.578145
223099316.406,-76.264212
223099462.891,-76.158211
223099609.375,-76.016754
223099755.859,-75.762032
223099902.344,-75.756068
223100048.828,-75.694901
223100195.312,-75.565264
223100341.797,-75.582487
223100488.281,-75.514015
223100634.766,-75.602423
223100781.250,-75.820787
223100927.734,-75.848851
223101074.219,-75.729355
223101220.703,-75.704539
223101367.188,-75.707673
223101513.672,-75.727328
223101660.156,-75.635013
223101806.641,-75.839121
223101953.125,-76.042491
223102099.609,-75.822555
223102246.094,-75.668959
223102392.578,-75.814809
223102539.062,-75.945787
223102685.547,-75.867819
223102832.031,-75.903404
223102978.516,-75.934972
223103125.000,-76.002533
223103271.484,-75.821896
223103417.969,-75.925767
223103564.453,-75.484565
223103710.938,-75.417805
223103857.422,-75.537323
223104003.906,-75.010495
223104150.391,-74.818176
223104296.875,-75.004691
223104443.359,-74.893405
223104589.844,-75.125961
223104736.328,-75.339514
223104882.812,-75.699628
223105029.297,-75.769845
223105175.781,-75.405584
223105322.266,-75.435150
223105468.750,-75.894009
223105615.234,-75.926965
223105761.719,-75.866471
223105908.203,-75.884400
223106054.688,-75.577123
223106201.172,-75.295128
223106347.656,-75.679919
223106494.141,-75.603714
223106640.625,-75.637464
223106787.109,-75.593314
223106933.594,-75.574139
223107080.078,-75.819407
223107226.562,-75.562035
223107373.047,-75.513384
223107519.531,-75.992626
223107666.016,-75.461114
223107812.500,-75.319752
223107958.984,-75.354015
223108105.469,-75.511967
223108251.953,-75.332991
223108398.438,-74.825232
223108544.922,-74.962710
223108691.406,-74.785294
223108837.891,-74.775069
223108984.375,-75.229271
223109130.859,-75.312755
223109277.344,-75.416383
223109423.828,-75.286050
223109570.312,-74.983685
223109716.797,-75.224754
223109863.281,-75.515237
223110009.766,-75.384933
223110156.250,-75.213512
223110302.734,-75.276742
223110449.219,-75.331424
223110595.703,-75.371844
223110742.188,-75.368410
223110888.672,-75.712854
223111035.156,-75.816840
223111181.641,-75.580077
223111328.125,-75.497022
223111474.609,-75.590001
223111621.094,-75.358083
223111767.578,-75.625611
223111914.062,-75.568417
223112060.547,-75.400645
223112207.031,-75.301925
223112353.516,-75.049975
223112500.000,-74.876719
223112646.484,-74.725032
223112792.969,-74.997383
223112939.453,-75.358859
223113085.938,-75.314619
223113232.422,-75.382404
223113378.906,-75.386267
223113525.391,-75.810565
223113671.875,-75.803445
223113818.359,-75.470194
223113964.844,-75.480645
223114111.328,-75.575767
223114257.812,-75.586282
223114404.297,-75.449913
223114550.781,-75.736513
223114697.266,-75.454211
223114843.750,-75.491697
223114990.234,-75.640527
223115136.719,-75.766056
223115283.203,-75.952776
223115429.688,-76.142480
223115576.172,-75.970374
223115722.656,-75.715837
223115869.141,-75.474285
223116015.625,-75.451394
223116162.109,-75.375263
223116308.594,-75.470884
223116455.078,-75.564098
223116601.562,-75.547868
223116748.047,-75.144270
223116894.531,-75.203766
223117041.016,-75.504976
223117187.500,-75.557091
223117333.984,-75.557901
223117480.469,-75.623954
223117626.953,-75.441710
223117773.438,-75.653010
223117919.922,-75.313951
223118066.406,-75.049462
223118212.891,-75.094757
223118359.375,-75.219724
223118505.859,-75.203096
223118652.344,-75.240230
223118798.828,-74.968004
223118945.312,-75.068386
223119091.797,-75.411082
223119238.281,-75.648730
223119384.766,-75.465058
223119531.250,-74.990999
223119677.734,-74.857107
223119824.219,-75.060151
223119970.703,-75.247354
223120117.188,-75.202409
223120263.672,-74.920374
223120410.156,-74.731963
223120556.641,-74.520261
223120703.125,-74.504889
223120849.609,-74.427344
223120996.094,-74.443636
223121142.578,-74.575773
223121289.062,-74.696840
223121435.547,-74.594607
223121582.031,-74.557681
223121728.516,-74.719418
223121875.000,-74.873749
223122021.484,-74.825408
223122167.969,-74.644568
223122314.453,-74.681453
223122460.938,-74.582173
223122607.422,-74.441508
223122753.906,-74.266495
223122900.391,-74.046543
223123046.875,-74.127835
223123193.359,-74.158010
223123339.844,-74.335861
223123486.328,-74.383235
223123632.812,-74.332380
223123779.297,-74.341995
223123925.781,-74.419768
223124072.266,-74.530971
223124218.750,-74.129453
223124365.234,-73.737258
223124511.719,-72.994673
223124658.203,-72.609624
223124804.688,-72.053603
223124951.172,-71.696533
223125097.656,-72.008395
223125244.141,-73.051855
223125390.625,-73.833769
223125537.109,-74.354165
223125683.594,-74.625358
223125830.078,-74.474608
223125976.562,-74.393689
223126123.047,-74.327674
223126269.531,-74.452605
223126416.016,-74.304141
223126562.500,-74.037282
223126708.984,-73.946485
223126855.469,-74.170768
223127001.953,-74.618819
223127148.438,-74.601350
223127294.922,-74.588870
223127441.406,-74.979927
223127587.891,-74.826499
223127734.375,-74.755258
223127880.859,-74.966588
223128027.344,-74.965301
223128173.828,-74.921567
223128320.312,-74.799842
223128466.797,-74.929533
223128613.281,-74.857542
223128759.766,-74.627826
223128906.250,-74.574486
223129052.734,-74.931787
223129199.219,-75.170483
223129345.703,-75.128350
223129492.188,-75.143759
223129638.672,-75.278434
223129785.156,-74.847287
223129931.641,-74.629424
223130078.125,-74.924201
223130224.609,-75.138098
223130371.094,-74.618145
223130517.578,-74.402344
223130664.062,-74.463487
223130810.547,-74.450850
223130957.031,-74.712404
223131103.516,-74.573886
223131250.000,-74.771237
223131396.484,-75.018468
223131542.969,-74.902167
223131689.453,-75.152684
223131835.938,-75.407679
223131982.422,-75.333254
223132128.906,-75.384282
223132275.391,-75.222835
223132421.875,-74.963815
223132568.359,-75.034405
223132714.844,-74.916672
223132861.328,-74.584541
223133007.812,-74.669558
223133154.297,-74.947738
223133300.781,-75.560496
223133447.266,-75.185090
223133593.750,-75.059530
223133740.234,-75.222357
223133886.719,-75.300652
223134033.203,-75.199511
223134179.688,-75.046536
223134326.172,-75.302572
223134472.656,-75.481070
223134619.141,-75.342265
223134765.625,-75.432211
223134912.109,-75.169573
223135058.594,-75.091486
223135205.078,-75.070245
223135351.562,-75.065610
223135498.047,-75.169668
223135644.531,-74.963768
223135791.016,-75.172132
223135937.500,-75.420489
223136083.984,-75.075388
223136230.469,-75.349622
223136376.953,-75.201240
223136523.438,-75.250871
223136669.922,-75.205676
223136816.406,-75.375926
223136962.891,-75.305434
223137109.375,-75.323783
223137255.859,-75.200490
223137402.344,-75.187571
223137548.828,-75.087781
223137695.312,-75.121041
223137841.797,-74.926929
223137988.281,-75.074852
223138134.766,-75.256596
223138281.250,-75.377983
223138427.734,-75.112220
223138574.219,-75.090495
223138720.703,-74.940846
223138867.188,-75.097274
223139013.672,-75.081664
223139160.156,-75.009330
223139306.641,-74.628552
223139453.125,-74.583880
223139599.609,-74.849770
223139746.094,-74.683667
223139892.578,-74.552100
223140039.062,-74.895823
223140185.547,-74.797282
223140332.031,-74.921576
223140478.516,-74.875202
223140625.000,-74.667203
223140771.484,-74.528844
223140917.969,-74.603933
223141064.453,-74.869056
223141210.938,-74.866487
223141357.422,-75.037403
223141503.906,-75.332512
223141650.391,-75.351548
223141796.875,-74.893741
223141943.359,-74.890308
223142089.844,-74.837972
223142236.328,-74.917497
223142382.812,-74.874970
223142529.297,-74.617294
223142675.781,-74.930923
223142822.266,-74.645479
223142968.750,-74.725749
223143115.234,-75.329847
223143261.719,-75.575610
223143408.203,-75.342798
223143554.688,-75.363877
223143701.172,-75.191801
223143847.656,-75.240480
223143994.141,-75.262302
223144140.625,-75.412402
223144287.109,-75.401379
223144433.594,-74.845851
223144580.078,-74.871595
223144726.562,-75.272831
223144873.047,-75.189650
223145019.531,-74.884603
223145166.016,-74.470314
223145312.500,-74.499877
223145458.984,-74.340537
223145605.469,-74.169998
223145751.953,-74.371431
223145898.438,-74.764149
223146044.922,-74.889405
223146191.406,-74.898987
223146337.891,-74.813784
223146484.375,-74.593268
223146630.859,-74.569952
223146777.344,-74.401784
223146923.828,-74.425354
223147070.312,-74.609283
223147216.797,-74.312947
223147363.281,-74.291982
223147509.766,-74.734619
223147656.250,-75.080781
223147802.734,-74.955953
223147949.219,-75.053395
223148095.703,-75.098174
223148242.188,-74.814511
223148388.672,-74.898071
223148535.156,-74.912166
223148681.641,-74.504521
223148828.125,-74.307826
223148974.609,-74.665242
223149121.094,-74.713133
223149267.578,-74.933835
223149414.062,-74.782011
223149560.547,-74.676887
223149707.031,-75.069466
223149853.516,-74.910609
223150000.000,-75.164964
223150146.484,-75.422532
223150292.969,-75.440135
223150439.453,-75.447397
223150585.938,-75.229390
223150732.422,-75.203630
223150878.906,-75.434216
223151025.391,-74.868013
223151171.875,-74.461520
223151318.359,-74.709682
223151464.844,-75.119505
223151611.328,-75.326721
223151757.812,-75.459038
223151904.297,-75.652387
223152050.781,-75.339742
223152197.266,-75.504224
223152343.750,-75.233220
223152490.234,-74.799190
223152636.719,-74.869858
223152783.203,-74.855654
223152929.688,-74.985779
223153076.172,-75.235305
223153222.656,-74.928987
223153369.141,-74.948981
223153515.625,-75.070112
223153662.109,-74.843907
223153808.594,-74.964635
223153955.078,-74.939887
223154101.562,-74.949143
223154248.047,-74.963815
223154394.531,-75.263582
223154541.016,-75.306370
223154687.500,-75.013579
223154833.984,-75.082705
223154980.469,-75.131734
223155126.953,-75.116466
223155273.438,-75.030021
223155419.922,-75.107715
223155566.406,-74.798889
223155712.891,-75.023257
223155859.375,-75.389513
223156005.859,-75.428559
223156152.344,-75.210268
223156298.828,-75.363367
223156445.312,-75.265986
223156591.797,-75.082425
223156738.281,-75.243107
223156884.766,-75.387122
223157031.250,-75.396356
223157177.734,-75.050408
223157324.219,-74.814645
223157470.703,-75.110650
223157617.188,-75.343819
223157763.672,-75.229591
223157910.156,-74.991050
223158056.641,-74.643856
223158203.125,-74.809444
223158349.609,-75.084214
223158496.094,-74.969902
223158642.578,-75.189755
223158789.062,-74.901814
223158935.547,-74.572881
223159082.031,-74.562569
223159228.516,-74.760794
223159375.000,-74.976624
223159521.484,-75.235671
223159667.969,-74.977763
223159814.453,-74.867993
223159960.938,-75.318625
223160107.422,-75.509659
223160253.906,-75.506020
223160400.391,-75.613060
223160546.875,-75.375362
223160693.359,-75.215671
223160839.844,-75.467660
223160986.328,-75.225218
223161132.812,-75.252525
223161279.297,-75.263071
223161425.781,-74.919130
223161572.266,-75.025834
223161718.750,-75.024750
223161865.234,-75.196093
223162011.719,-75.205241
223162158.203,-75.356098
223162304.688,-75.434415
223162451.172,-74.941384
223162597.656,-74.793171
223162744.141,-74.719662
223162890.625,-74.820803
223163037.109,-75.048335
223163183.594,-74.870854
223163330.078,-74.640861
223163476.562,-74.680962
223163623.047,-74.851346
223163769.531,-75.237203
223163916.016,-75.232469
223164062.500,-75.306617
223164208.984,-75.162307
223164355.469,-75.079079
223164501.953,-75.071044
223164648.438,-74.838184
223164794.922,-75.156829
223164941.406,-74.959691
223165087.891,-74.882168
223165234.375,-75.071149
223165380.859,-74.989117
223165527.344,-74.756320
223165673.828,-75.012731
223165820.312,-75.344681
223165966.797,-75.391965
223166113.281,-75.131620
223166259.766,-74.948918
223166406.250,-74.690305
223166552.734,-74.206077
223166699.219,-74.137110
223166845.703,-74.350328
223166992.188,-74.682107
223167138.672,-75.018176
223167285.156,-74.923777
223167431.641,-74.982403
223167578.125,-75.247493
223167724.609,-75.262736
223167871.094,-75.413758
223168017.578,-75.179187
223168164.062,-75.191885
223168310.547,-75.101520
223168457.031,-75.041578
223168603.516,-75.546949
223168750.000,-75.071956
223168896.484,-74.980637
223169042.969,-75.125536
223169189.453,-75.307613
223169335.938,-75.289725
223169482.422,-75.221945
223169628.906,-75.252064
223169775.391,-75.302482
223169921.875,-75.306230
223170068.359,-75.277382
223170214.844,-75.409477
223170361.328,-75.079907
223170507.812,-75.222874
223170654.297,-74.974935
223170800.781,-74.538308
223170947.266,-74.626047
223171093.750,-74.866370
223171240.234,-75.206394
223171386.719,-75.060247
223171533.203,-75.273049
223171679.688,-75.382073
223171826.172,-75.463948
223171972.656,-75.152472
223172119.141,-75.046364
223172265.625,-74.994238
223172412.109,-74.782770
223172558.594,-75.011103
223172705.078,-75.222972
223172851.562,-75.282661
223172998.047,-75.410822
223173144.531,-75.429264
223173291.016,-75.316862
223173437.500,-75.525507
223173583.984,-75.340171
223173730.469,-75.274570
223173876.953,-75.232963
223174023.438,-74.979241
223174169.922,-75.102276
223174316.406,-75.084048
223174462.891,-75.333401
223174609.375,-75.186080
223174755.859,-75.361253
223174902.344,-75.261630
223175048.828,-75.510387
223175195.312,-75.638263
223175341.797,-75.467684
223175488.281,-75.632805
223175634.766,-75.522963
223175781.250,-75.247144
223175927.734,-75.192430
223176074.219,-75.373497
223176220.703,-75.344462
223176367.188,-75.272136
223176513.672,-75.236554
223176660.156,-75.098861
223176806.641,-75.212962
223176953.125,-74.930110
223177099.609,-74.898698
223177246.094,-75.270043
223177392.578,-75.576057
223177539.062,-75.520521
223177685.547,-75.606539
223177832.031,-75.528580
223177978.516,-75.356034
223178125.000,-75.578209
223178271.484,-75.471686
223178417.969,-75.159393
223178564.453,-75.352010
223178710.938,-75.371647
223178857.422,-75.607983
223179003.906,-75.242558
223179150.391,-75.417987
223179296.875,-75.661429
223179443.359,-75.417818
223179589.844,-75.319764
223179736.328,-75.190123
223179882.812,-75.350392
223180029.297,-75.528326
223180175.781,-75.426343
223180322.266,-75.293955
223180468.750,-74.877255
223180615.234,-74.854305
223180761.719,-75.067652
223180908.203,-74.815815
223181054.688,-74.978613
223181201.172,-75.139114
223181347.656,-75.103626
223181494.141,-75.157390
223181640.625,-74.745576
223181787.109,-74.849231
223181933.594,-74.996746
223182080.078,-74.977656
223182226.562,-74.767654
223182373.047,-74.451511
223182519.531,-74.294465
223182666.016,-74.532558
223182812.500,-74.482257
223182958.984,-74.701250
223183105.469,-74.693762
223183251.953,-74.406258
223183398.438,-74.440619
223183544.922,-74.131099
223183691.406,-74.121938
223183837.891,-74.370917
223183984.375,-74.409482
223184130.859,-74.488022
223184277.344,-74.471623
223184423.828,-74.309920
223184570.312,-74.195020
223184716.797,-74.121534
223184863.281,-74.433952
223185009.766,-74.272841
223185156.250,-74.150592
223185302.734,-74.048582
223185449.219,-74.131484
223185595.703,-74.202835
223185742.188,-73.922285
223185888.672,-74.099235
223186035.156,-74.421965
223186181.641,-74.283470
223186328.125,-74.419768
223186474.609,-74.319558
223186621.094,-74.109265
223186767.578,-74.239973
223186914.062,-74.120803
223187060.547,-73.929468
223187207.031,-73.808176
223187353.516,-73.988450
223187500.000,-74.188466
223187646.484,-74.067217
223187792.969,-74.123993
223187939.453,-74.159698
223188085.938,-74.106678
223188232.422,-74.196440
223188378.906,-74.152108
223188525.391,-74.140471
223188671.875,-74.247911
223188818.359,-74.164345
223188964.844,-74.323732
223189111.328,-74.413552
223189257.812,-74.456282
223189404.297,-74.492775
223189550.781,-74.409836
223189697.266,-74.354979
223189843.750,-74.491876
223189990.234,-74.558632
223190136.719,-74.323717
223190283.203,-74.083676
223190429.688,-74.176019
223190576.172,-74.460373
223190722.656,-74.429027
223190869.141,-74.377339
223191015.625,-74.355647
223191162.109,-74.267278
223191308.594,-74.367303
223191455.078,-74.443498
223191601.562,-74.467553
223191748.047,-74.695503
223191894.531,-74.622983
223192041.016,-74.272264
223192187.500,-74.339374
223192333.984,-74.387145
223192480.469,-74.848850
223192626.953,-74.610018
223192773.438,-74.313902
223192919.922,-74.294113
223193066.406,-74.342660
223193212.891,-74.447224
223193359.375,-74.363558
223193505.859,-74.240149
223193652.344,-74.435776
223193798.828,-74.413725
223193945.312,-74.457582
223194091.797,-74.431024
223194238.281,-74.421379
223194384.766,-74.445950
223194531.250,-74.434245
223194677.734,-74.483535
223194824.219,-74.842738
223194970.703,-74.821401
223195117.188,-74.492308
223195263.672,-74.401779
223195410.156,-74.521614
223195556.641,-74.899583
223195703.125,-74.954711
223195849.609,-74.657933
223195996.094,-74.714193
223196142.578,-74.809408
223196289.062,-74.723530
223196435.547,-74.473601
223196582.031,-74.463526
223196728.516,-74.566505
223196875.000,-74.472750
223197021.484,-74.421344
223197167.969,-74.798574
223197314.453,-74.925742
223197460.938,-74.889890
223197607.422,-74.902688
223197753.906,-75.020183
223197900.391,-75.024965
223198046.875,-74.947646
223198193.359,-75.046934
223198339.844,-75.268563
223198486.328,-75.166152
223198632.812,-75.161555
223198779.297,-75.101677
223198925.781,-74.808572
223199072.266,-74.491267
223199218.750,-74.688352
223199365.234,-74.918210
223199511.719,-74.827281
223199658.203,-75.015384
223199804.688,-75.206782
223199951.172,-74.961330
223200097.656,-75.005415
223200244.141,-74.743053
223200390.625,-74.699529
223200537.109,-74.774687
223200683.594,-75.024451
223200830.078,-74.856419
223200976.562,-74.999694
223201123.047,-75.093307
223201269.531,-74.774758
223201416.016,-74.753172
223201562.500,-74.787722
223201708.984,-74.959138
223201855.469,-74.984715
223202001.953,-74.854449
223202148.438,-74.605864
223202294.922,-74.542809
223202441.406,-74.844264
223202587.891,-75.158209
223202734.375,-75.097892
223202880.859,-74.912463
223203027.344,-74.904543
223203173.828,-74.971851
223203320.312,-74.986856
223203466.797,-75.202183
223203613.281,-75.380655
223203759.766,-75.241344
223203906.250,-74.998048
223204052.734,-74.957402
223204199.219,-75.108710
223204345.703,-75.050594
223204492.188,-75.199396
223204638.672,-75.438751
223204785.156,-74.956258
223204931.641,-75.034523
223205078.125,-75.248031
223205224.609,-74.985130
223205371.094,-75.347406
223205517.578,-75.666735
223205664.062,-75.471290
223205810.547,-75.479260
223205957.031,-75.463111
223206103.516,-75.511923
223206250.000,-75.706555
223206396.484,-75.439366
223206542.969,-75.236262
223206689.453,-75.193269
223206835.938,-75.221473
223206982.422,-75.113696
223207128.906,-75.362912
223207275.391,-75.251566
223207421.875,-75.061543
223207568.359,-75.346861
223207714.844,-75.302569
223207861.328,-74.913608
223208007.812,-74.838165
223208154.297,-74.695201
223208300.781,-74.427665
223208447.266,-74.545009
223208593.750,-74.879823
223208740.234,-75.170976
223208886.719,-75.186162
223209033.203,-75.274900
223209179.688,-75.177232
223209326.172,-75.304071
223209472.656,-75.336623
223209619.141,-75.619224
223209765.625,-75.495963
223209912.109,-75.347468
223210058.594,-75.696914
223210205.078,-75.317142
223210351.562,-75.324036
223210498.047,-75.578606
223210644.531,-75.579935
223210791.016,-75.534811
223210937.500,-75.659030
223211083.984,-75.748928
223211230.469,-75.645964
223211376.953,-75.910623
223211523.438,-75.670965
223211669.922,-75.802300
223211816.406,-75.903001
223211962.891,-75.895311
223212109.375,-75.806054
223212255.859,-75.517852
223212402.344,-75.687049
223212548.828,-75.825240
223212695.312,-75.965609
223212841.797,-76.112630
223212988.281,-76.062771
223213134.766,-76.030478
223213281.250,-75.659851
223213427.734,-75.707938
223213574.219,-75.690239
223213720.703,-75.965463
223213867.188,-75.758996
223214013.672,-75.718175
223214160.156,-75.659897
223214306.641,-75.681927
223214453.125,-75.882368
223214599.609,-75.834476
223214746.094,-75.915424
223214892.578,-75.916916
223215039.062,-75.760429
223215185.547,-75.392183
223215332.031,-75.616166
223215478.516,-76.207972
223215625.000,-76.064221
223215771.484,-75.795033
223215917.969,-76.043375
223216064.453,-76.434264
223216210.938,-76.320963
223216357.422,-75.879096
223216503.906,-75.731065
223216650.391,-76.049928
223216796.875,-75.961916
223216943.359,-76.050795
223217089.844,-76.072220
223217236.328,-76.025725
223217382.812,-76.233948
223217529.297,-76.277718
223217675.781,-76.175032
223217822.266,-76.013522
223217968.750,-76.235428
223218115.234,-75.811560
223218261.719,-76.031147
223218408.203,-76.193285
223218554.688,-76.219203
223218701.172,-76.456062
223218847.656,-76.357646
223218994.141,-76.365146
223219140.625,-76.434216
223219287.109,-76.374698
223219433.594,-76.235245
223219580.078,-76.091473
223219726.562,-75.920577
223219873.047,-75.825757
223220019.531,-76.019534
223220166.016,-76.223978
223220312.500,-76.568633
223220458.984,-76.355425
223220605.469,-76.251145
223220751.953,-76.023217
223220898.438,-75.785506
223221044.922,-75.763151
223221191.406,-75.581911
223221337.891,-75.709293
223221484.375,-75.723590
223221630.859,-75.704905
223221777.344,-75.557962
223221923.828,-75.881386
223222070.312,-76.070853
223222216.797,-75.887926
223222363.281,-76.053476
223222509.766,-76.047825
223222656.250,-76.103355
223222802.734,-75.889791
223222949.219,-75.992408
223223095.703,-75.966684
223223242.188,-75.802207
223223388.672,-75.554410
223223535.156,-75.727652
223223681.641,-75.847689
223223828.125,-75.747984
223223974.609,-75.827225
223224121.094,-76.085416
223224267.578,-76.097436
223224414.062,-75.948712
223224560.547,-75.625866
223224707.031,-75.434295
223224853.516,-75.487865
223225000.000,-75.423443
223225146.484,-75.525217
223225292.969,-75.629380
223225439.453,-75.469672
223225585.938,-75.745389
223225732.422,-75.999120
223225878.906,-75.609809
223226025.391,-75.526635
223226171.875,-75.767989
223226318.359,-75.620385
223226464.844,-75.481711
223226611.328,-75.607132
223226757.812,-75.899251
223226904.297,-75.758170
223227050.781,-75.493769
223227197.266,-75.144975
223227343.750,-75.241212
223227490.234,-75.443456
223227636.719,-75.266615
223227783.203,-74.975641
223227929.688,-74.871505
223228076.172,-75.195348
223228222.656,-75.442365
223228369.141,-74.842426
223228515.625,-73.695236
223228662.109,-72.264735
223228808.594,-70.719237
223228955.078,-69.654469
223229101.562,-69.424847
223229248.047,-70.031416
223229394.531,-70.910935
223229541.016,-72.561913
223229687.500,-74.548051
223229833.984,-75.448828
223229980.469,-75.556438
223230126.953,-75.358041
223230273.438,-74.875985
223230419.922,-75.388607
223230566.406,-75.764910
223230712.891,-75.594183
223230859.375,-75.480591
223231005.859,-75.583283
223231152.344,-75.501314
223231298.828,-75.727158
223231445.312,-75.815161
223231591.797,-75.966856
223231738.281,-76.002244
223231884.766,-75.623562
223232031.250,-75.570253
223232177.734,-75.852316
223232324.219,-75.966547
223232470.703,-75.805154
223232617.188,-76.054934
223232763.672,-75.962922
223232910.156,-75.989931
223233056.641,-75.968777
223233203.125,-76.189981
223233349.609,-76.145819
223233496.094,-75.916345
223233642.578,-75.959219
223233789.062,-76.137987
223233935.547,-75.869397
223234082.031,-75.821754
223234228.516,-75.877960
223234375.000,-75.858418
223234521.484,-76.060168
223234667.969,-76.129613
223234814.453,-76.304493
223234960.938,-76.382743
223235107.422,-76.506152
223235253.906,-76.139976
223235400.391,-75.972166
223235546.875,-76.401777
223235693.359,-76.404378
223235839.844,-76.505670
223235986.328,-76.376293
223236132.812,-76.328120
223236279.297,-76.487748
223236425.781,-76.278555
223236572.266,-76.310593
223236718.750,-76.607111
223236865.234,-76.415055
223237011.719,-76.311624
223237158.203,-76.307551
223237304.688,-76.283883
223237451.172,-76.169102
223237597.656,-76.435823
223237744.141,-76.474879
223237890.625,-76.457310
223238037.109,-76.362742
223238183.594,-76.340535
223238330.078,-76.318477
223238476.562,-76.496654
223238623.047,-76.344773
223238769.531,-76.524413
223238916.016,-76.317140
223239062.500,-76.439183
223239208.984,-76.224130
223239355.469,-76.191634
223239501.953,-76.478292
223239648.438,-76.393832
223239794.922,-76.459824
223239941.406,-76.501662
223240087.891,-76.443686
223240234.375,-76.561604
223240380.859,-76.387485
223240527.344,-76.348015
223240673.828,-76.347553
223240820.312,-76.527684
223240966.797,-76.409658
223241113.281,-76.012995
223241259.766,-76.120593
223241406.250,-76.354781
223241552.734,-76.457182
223241699.219,-76.579350
223241845.703,-76.484253
223241992.188,-76.357126
223242138.672,-76.245003
223242285.156,-75.990424
223242431.641,-75.824868
223242578.125,-75.780573
223242724.609,-75.840513
223242871.094,-75.834645
223243017.578,-75.758524
223243164.062,-76.026968
223243310.547,-75.932490
223243457.031,-76.299141
223243603.516,-76.286308
223243750.000,-76.191826
223243896.484,-75.766476
223244042.969,-75.901453
223244189.453,-75.824445
223244335.938,-75.946669
223244482.422,-75.902036
223244628.906,-75.995610
223244775.391,-76.045136
223244921.875,-75.874046
223245068.359,-75.387624
223245214.844,-75.198018
223245361.328,-75.106902
223245507.812,-75.396526
223245654.297,-75.606853
223245800.781,-75.536538
223245947.266,-75.702599
223246093.750,-75.517412
223246240.234,-75.422002
223246386.719,-75.388096
223246533.203,-75.158694
223246679.688,-75.177902
223246826.172,-75.207118
223246972.656,-74.845986
223247119.141,-74.760342
223247265.625,-74.806336
223247412.109,-74.803093
223247558.594,-75.049321
223247705.078,-74.969060
223247851.562,-75.275265
223247998.047,-75.104815
223248144.531,-74.935347
223248291.016,-74.899423
223248437.500,-74.938566
223248583.984,-74.850214
223248730.469,-74.739071
223248876.953,-74.574717
223249023.438,-74.474323
223249169.922,-74.615261
223249316.406,-74.479376
223249462.891,-74.390590
223249609.375,-74.005956
223249755.859,-73.297455
223249902.344,-73.288068
223250048.828,-73.943456
223250195.312,-74.259804
223250341.797,-74.302224
223250488.281,-74.575234
223250634.766,-74.726416
223250781.250,-74.513906
223250927.734,-74.606791
223251074.219,-74.704991
223251220.703,-74.753694
223251367.188,-74.552262
223251513.672,-74.236099
223251660.156,-74.222079
223251806.641,-74.350515
223251953.125,-74.368666
223252099.609,-74.449593
223252246.094,-74.244336
223252392.578,-74.169942
223252539.062,-74.261715
223252685.547,-74.311785
223252832.031,-74.598877
223252978.516,-74.590586
223253125.000,-74.525278
223253271.484,-74.540894
223253417.969,-74.700165
223253564.453,-74.704189
223253710.938,-74.549389
223253857.422,-74.469964
223254003.906,-74.493173
223254150.391,-74.234850
223254296.875,-74.260549
223254443.359,-74.274827
223254589.844,-74.066720
223254736.328,-74.143533
223254882.812,-74.377089
223255029.297,-74.504551
223255175.781,-74.531804
223255322.266,-74.283081
223255468.750,-74.087780
223255615.234,-74.212246
223255761.719,-74.572968
223255908.203,-74.323155
223256054.688,-74.405405
223256201.172,-74.526068
223256347.656,-74.435651
223256494.141,-74.392482
223256640.625,-74.679824
223256787.109,-74.646647
223256933.594,-74.461228
223257080.078,-74.095058
223257226.562,-74.034400
223257373.047,-74.392095
223257519.531,-74.024633
223257666.016,-74.118261
223257812.500,-74.361977
223257958.984,-74.172326
223258105.469,-73.950193
223258251.953,-73.884876
223258398.438,-74.160290
223258544.922,-74.256483
223258691.406,-74.265152
223258837.891,-74.472469
223258984.375,-74.607201
223259130.859,-74.324980
223259277.344,-74.470981
223259423.828,-74.504699
223259570.312,-74.659333
223259716.797,-74.271380
223259863.281,-74.226068
223260009.766,-74.242400
223260156.250,-74.130350
223260302.734,-74.258883
223260449.219,-74.225120
223260595.703,-74.307289
223260742.188,-74.392222
223260888.672,-74.261630
223261035.156,-74.187462
223261181.641,-74.192093
223261328.125,-74.032695
223261474.609,-74.471165
223261621.094,-74.575491
223261767.578,-74.149337
223261914.062,-74.021324
223262060.547,-74.393073
223262207.031,-74.389919
223262353.516,-74.461588
223262500.000,-74.317111
223262646.484,-74.477151
223262792.969,-74.199755
223262939.453,-73.831852
223263085.938,-73.770109
223263232.422,-73.742334
223263378.906,-74.224289
223263525.391,-74.376668
223263671.875,-74.259652
223263818.359,-74.245831
223263964.844,-74.607579
223264111.328,-74.807273
223264257.812,-74.563098
223264404.297,-74.656304
223264550.781,-74.206818
223264697.266,-73.710532
223264843.750,-73.687229
223264990.234,-73.640447
223265136.719,-73.488234
223265283.203,-73.770069
223265429.688,-73.952059
223265576.172,-73.856645
223265722.656,-74.345834
223265869.141,-74.758890
223266015.625,-74.599059
223266162.109,-74.281915
223266308.594,-74.513047
223266455.078,-74.585281
223266601.562,-74.603082
223266748.047,-74.738772
223266894.531,-74.348058
223267041.016,-74.314618
223267187.500,-74.553411
223267333.984,-74.596135
223267480.469,-74.668988
223267626.953,-74.585223
223267773.438,-74.624795
223267919.922,-74.904395
223268066.406,-74.808198
223268212.891,-74.738552
223268359.375,-74.767190
223268505.859,-74.549012
223268652.344,-74.782205
223268798.828,-74.913622
223268945.312,-74.889225
223269091.797,-74.871700
223269238.281,-74.424653
223269384.766,-74.164632
223269531.250,-74.142565
223269677.734,-74.267048
223269824.219,-74.659287
223269970.703,-74.839782
223270117.188,-74.934537
223270263.672,-74.522956
223270410.156,-74.545776
223270556.641,-74.594422
223270703.125,-74.543650
223270849.609,-74.429411
223270996.094,-74.332189
223271142.578,-74.199348
223271289.062,-74.400608
223271435.547,-74.402073
223271582.031,-74.483810
223271728.516,-74.730886
223271875.000,-74.853742
223272021.484,-74.851551
223272167.969,-74.740134
223272314.453,-74.659346
223272460.938,-74.757461
223272607.422,-74.993197
223272753.906,-75.144330
223272900.391,-74.986913
223273046.875,-74.701564
223273193.359,-74.514986
223273339.844,-74.528737
223273486.328,-74.592553
223273632.812,-74.606096
223273779.297,-74.760664
223273925.781,-74.757867
223274072.266,-74.867172
223274218.750,-75.019994
223274365.234,-74.854677
223274511.719,-75.051181
223274658.203,-75.187699
223274804.688,-75.177806
223274951.172,-75.052213
223275097.656,-75.065028
223275244.141,-75.086554
223275390.625,-74.960509
223275537.109,-74.694209
223275683.594,-74.594315
223275830.078,-74.893492
223275976.562,-75.213616
223276123.047,-75.363792
223276269.531,-75.056441
223276416.016,-75.205404
223276562.500,-74.839349
223276708.984,-75.035005
223276855.469,-75.184137
223277001.953,-75.303099
223277148.438,-75.147293
223277294.922,-75.294166
223277441.406,-75.261907
223277587.891,-74.980296
223277734.375,-75.299309
223277880.859,-75.301486
223278027.344,-74.857918
223278173.828,-74.971687
223278320.312,-74.989974
223278466.797,-75.425454
223278613.281,-75.398006
223278759.766,-75.351121
223278906.250,-75.426748
223279052.734,-75.537684
223279199.219,-75.377048
223279345.703,-75.328592
223279492.188,-75.614745
223279638.672,-75.631099
223279785.156,-75.583300
223279931.641,-75.754354
223280078.125,-75.749339
223280224.609,-75.768009
223280371.094,-75.659726
223280517.578,-75.760877
223280664.062,-75.616472
223280810.547,-75.516380
223280957.031,-75.861871
223281103.516,-75.888614
223281250.000,-75.646210
223281396.484,-75.655441
223281542.969,-75.776230
223281689.453,-75.638660
223281835.938,-75.734177
223281982.422,-75.881947
223282128.906,-75.920156
223282275.391,-76.015757
223282421.875,-75.935545
223282568.359,-75.749622
223282714.844,-76.337543
223282861.328,-76.406885
223283007.812,-76.203971
223283154.297,-76.262230
223283300.781,-76.347042
223283447.266,-76.164353
223283593.750,-76.019841
223283740.234,-75.985855
223283886.719,-76.074731
223284033.203,-75.962795
223284179.688,-75.859069
223284326.172,-76.077000
223284472.656,-76.415991
223284619.141,-76.238886
223284765.625,-76.116128
223284912.109,-76.164024
223285058.594,-75.911834
223285205.078,-76.021524
223285351.562,-76.383044
223285498.047,-76.416817
223285644.531,-76.573659
223285791.016,-76.373810
223285937.500,-75.950825
223286083.984,-75.858629
223286230.469,-76.088204
223286376.953,-76.176379
223286523.438,-76.384424
223286669.922,-76.309579
223286816.406,-76.143627
223286962.891,-75.923428
223287109.375,-76.155908
223287255.859,-76.327289
223287402.344,-76.270933
223287548.828,-76.163685
223287695.312,-76.193607
223287841.797,-75.904192
223287988.281,-76.066225
223288134.766,-76.363449
223288281.250,-76.292495
223288427.734,-76.173154
223288574.219,-75.929091
223288720.703,-76.049762
223288867.188,-76.150296
223289013.672,-76.172440
223289160.156,-76.255477
223289306.641,-76.199167
223289453.125,-76.259190
223289599.609,-75.926324
223289746.094,-76.021757
223289892.578,-76.038277
223290039.062,-75.846571
223290185.547,-75.760556
223290332.031,-75.833364
223290478.516,-75.771793
223290625.000,-76.160327
223290771.484,-76.269519
223290917.969,-76.209693
223291064.453,-75.695789
223291210.938,-75.780795
223291357.422,-75.869745
223291503.906,-75.679580
223291650.391,-76.007153
223291796.875,-76.033456
223291943.359,-75.749919
223292089.844,-75.868800
223292236.328,-75.959859
223292382.812,-76.025085
223292529.297,-76.333027
223292675.781,-76.274535
223292822.266,-76.134112
223292968.750,-76.154131
223293115.234,-76.236350
223293261.719,-76.197199
223293408.203,-76.289248
223293554.688,-76.264048
223293701.172,-76.099755
223293847.656,-76.099985
223293994.141,-76.245789
223294140.625,-75.947122
223294287.109,-75.806359
223294433.594,-75.855328
223294580.078,-75.776064
223294726.562,-75.821061
223294873.047,-76.065179
223295019.531,-76.189721
223295166.016,-75.976233
223295312.500,-76.077439
223295458.984,-76.447110
223295605.469,-76.366577
223295751.953,-76.227301
223295898.438,-76.179447
223296044.922,-76.299652
223296191.406,-76.478959
223296337.891,-76.283907
223296484.375,-76.060854
223296630.859,-76.229226
223296777.344,-76.335539
223296923.828,-76.245517
223297070.312,-76.142682
223297216.797,-76.417675
223297363.281,-76.436472
223297509.766,-76.410064
223297656.250,-76.330757
223297802.734,-76.334147
223297949.219,-76.274183
223298095.703,-76.103578
223298242.188,-76.214714
223298388.672,-76.256523
223298535.156,-76.396910
223298681.641,-76.307177
223298828.125,-76.234617
223298974.609,-76.469703
223299121.094,-76.500533
223299267.578,-76.397551
223299414.062,-76.347646
223299560.547,-76.202227
223299707.031,-76.413090
223299853.516,-76.334352
223300000.000,-75.936883
223300146.484,-76.118176
223300292.969,-76.202193
223300439.453,-76.434201
223300585.938,-76.503764
223300732.422,-76.481485
223300878.906,-76.298464
223301025.391,-76.140935
223301171.875,-76.293564
223301318.359,-76.352552
223301464.844,-76.243840
223301611.328,-76.448968
223301757.812,-76.651797
223301904.297,-76.532420
223302050.781,-76.565439
223302197.266,-76.493173
223302343.750,-76.449688
223302490.234,-76.364174
223302636.719,-76.370142
223302783.203,-76.377481
223302929.688,-76.484029
223303076.172,-76.291133
223303222.656,-76.096961
223303369.141,-76.101233
223303515.625,-76.213218
223303662.109,-76.188082
223303808.594,-76.350317
223303955.078,-76.276235
223304101.562,-76.236951
223304248.047,-76.090045
223304394.531,-75.972272
223304541.016,-76.176300
223304687.500,-76.282472
223304833.984,-76.574748
223304980.469,-76.429778
223305126.953,-76.554871
223305273.438,-76.462397
223305419.922,-76.375555
223305566.406,-76.330261
223305712.891,-76.426543
223305859.375,-76.529821
223306005.859,-76.263748
223306152.344,-76.060842
223306298.828,-75.956575
223306445.312,-75.940697
223306591.797,-76.167231
223306738.281,-76.093832
223306884.766,-76.011485
223307031.250,-75.830267
223307177.734,-75.735710
223307324.219,-75.901583
223307470.703,-75.927050
223307617.188,-75.831905
223307763.672,-75.926922
223307910.156,-75.782762
223308056.641,-75.754766
223308203.125,-75.607026
223308349.609,-75.476761
223308496.094,-75.334808
223308642.578,-75.661179
223308789.062,-75.821007
223308935.547,-75.697189
223309082.031,-75.571938
223309228.516,-75.602105
223309375.000,-75.485613
223309521.484,-75.493615
223309667.969,-75.248881
223309814.453,-75.180849
223309960.938,-75.134844
223310107.422,-74.894156
223310253.906,-74.698867
223310400.391,-74.707126
223310546.875,-74.560379
223310693.359,-74.295371
223310839.844,-73.949969
223310986.328,-73.903370
223311132.812,-73.766940
223311279.297,-73.539767
223311425.781,-73.237669
223311572.266,-73.084286
223311718.750,-72.748697
223311865.234,-72.800637
223312011.719,-72.950946
223312158.203,-72.642791
223312304.688,-72.647946
223312451.172,-72.623973
223312597.656,-72.715602
223312744.141,-72.625214
223312890.625,-72.932848
223313037.109,-72.792251
223313183.594,-72.717856
223313330.078,-72.976362
223313476.562,-73.206177
223313623.047,-73.473389
223313769.531,-73.611172
223313916.016,-73.663974
223314062.500,-73.849052
223314208.984,-74.113323
223314355.469,-74.258672
223314501.953,-74.372621
223314648.438,-74.474533
223314794.922,-74.424533
223314941.406,-74.789244
223315087.891,-74.985740
223315234.375,-75.022329
223315380.859,-75.028565
223315527.344,-75.100418
223315673.828,-74.948323
223315820.312,-74.818441
223315966.797,-74.668495
223316113.281,-74.691198
223316259.766,-74.791928
223316406.250,-74.442742
223316552.734,-74.214287
223316699.219,-74.166306
223316845.703,-74.415799
223316992.188,-74.531325
223317138.672,-74.798041
223317285.156,-74.781960
223317431.641,-74.637235
223317578.125,-74.476829
223317724.609,-74.611039
223317871.094,-74.668354
223318017.578,-74.811206
223318164.062,-74.709224
223318310.547,-74.720565
223318457.031,-74.387368
223318603.516,-74.143706
223318750.000,-73.931013
223318896.484,-73.892717
223319042.969,-74.098939
223319189.453,-74.137318
223319335.938,-73.976075
223319482.422,-74.217956
223319628.906,-74.126228
223319775.391,-74.086883
223319921.875,-73.946699
223320068.359,-74.058876
223320214.844,-74.195245
223320361.328,-74.181127
223320507.812,-73.712492
223320654.297,-73.782743
223320800.781,-74.098505
223320947.266,-74.139899
223321093.750,-74.364530
223321240.234,-74.346916
223321386.719,-74.374627
223321533.203,-74.386360
223321679.688,-74.416946
223321826.172,-74.595052
223321972.656,-74.296285
223322119.141,-74.460534
223322265.625,-74.217747
223322412.109,-73.719152
223322558.594,-73.411309
223322705.078,-73.412050
223322851.562,-73.176574
223322998.047,-73.181888
223323144.531,-73.474424
223323291.016,-73.731650
223323437.500,-73.538032
223323583.984,-73.666248
223323730.469,-73.927157
223323876.953,-73.882090
223324023.438,-74.427597
223324169.922,-74.179345
223324316.406,-73.902241
223324462.891,-73.794776
223324609.375,-73.574382
223324755.859,-73.628935
223324902.344,-73.864605
223325048.828,-74.324595
223325195.312,-74.336966
223325341.797,-73.980258
223325488.281,-74.086434
223325634.766,-74.131095
223325781.250,-74.089453
223325927.734,-74.070243
223326074.219,-74.015814
223326220.703,-73.956184
223326367.188,-74.256500
223326513.672,-74.069740
223326660.156,-73.882649
223326806.641,-73.906315
223326953.125,-73.459569
223327099.609,-73.510538
223327246.094,-73.579978
223327392.578,-73.717992
223327539.062,-73.888073
223327685.547,-73.756631
223327832.031,-73.604319
223327978.516,-73.624509
223328125.000,-73.699798
223328271.484,-73.570341
223328417.969,-73.524411
223328564.453,-73.579261
223328710.938,-73.619213
223328857.422,-73.697624
223329003.906,-73.692075
223329150.391,-73.711937
223329296.875,-73.845799
223329443.359,-73.877082
223329589.844,-74.142462
223329736.328,-74.245312
223329882.812,-74.393091
223330029.297,-74.209363
223330175.781,-73.975122
223330322.266,-73.865099
223330468.750,-73.714168
223330615.234,-73.667010
223330761.719,-73.476504
223330908.203,-73.813025
223331054.688,-73.598850
223331201.172,-73.634218
223331347.656,-73.739456
223331494.141,-73.980453
223331640.625,-74.291457
223331787.109,-73.721717
223331933.594,-72.948446
223332080.078,-72.583083
223332226.562,-72.972078
223332373.047,-73.549209
223332519.531,-72.517838
223332666.016,-70.095622
223332812.500,-67.540393
223332958.984,-65.472853
223333105.469,-64.559175
223333251.953,-64.570841
223333398.438,-64.953183
223333544.922,-66.201871
223333691.406,-68.408075
223333837.891,-71.115721
223333984.375,-73.443039
223334130.859,-73.624289
223334277.344,-72.912691
223334423.828,-72.712361
223334570.312,-73.113847
223334716.797,-73.843261
223334863.281,-74.129930
223335009.766,-73.947211
223335156.250,-73.650295
223335302.734,-73.419601
223335449.219,-73.552820
223335595.703,-73.883934
223335742.188,-73.956242
223335888.672,-73.636135
223336035.156,-73.368413
223336181.641,-73.532098
223336328.125,-73.764879
223336474.609,-73.780531
223336621.094,-73.662374
223336767.578,-73.752684
223336914.062,-73.865644
223337060.547,-73.969217
223337207.031,-74.238843
223337353.516,-74.514450
223337500.000,-74.903951
223337646.484,-74.712009
223337792.969,-74.722699
223337939.453,-74.685572
223338085.938,-74.517275
223338232.422,-74.591842
223338378.906,-74.440159
223338525.391,-74.779584
223338671.875,-74.744229
223338818.359,-74.732813
223338964.844,-74.327562
223339111.328,-74.291507
223339257.812,-74.081579
223339404.297,-74.065625
223339550.781,-74.206174
223339697.266,-74.423896
223339843.750,-74.210775
223339990.234,-73.939002
223340136.719,-73.986212
223340283.203,-74.135925
223340429.688,-74.001693
223340576.172,-73.797653
223340722.656,-74.013148
223340869.141,-74.340154
223341015.625,-74.182921
223341162.109,-74.382129
223341308.594,-74.601296
223341455.078,-74.791236
223341601.562,-74.830407
223341748.047,-74.839214
223341894.531,-74.808206
223342041.016,-74.826826
223342187.500,-74.799350
223342333.984,-74.633240
223342480.469,-74.782246
223342626.953,-74.983043
223342773.438,-75.044489
223342919.922,-74.965109
223343066.406,-74.682659
223343212.891,-74.598459
223343359.375,-74.470680
223343505.859,-74.568637
223343652.344,-74.777905
223343798.828,-74.735071
223343945.312,-74.491937
223344091.797,-74.637209
223344238.281,-74.316682
223344384.766,-74.507015
223344531.250,-74.906575
223344677.734,-74.752701
223344824.219,-74.839210
223344970.703,-75.022651
223345117.188,-75.027098
223345263.672,-74.831601
223345410.156,-75.076800
223345556.641,-75.146421
223345703.125,-74.836187
223345849.609,-74.680969
223345996.094,-74.684175
223346142.578,-74.444771
223346289.062,-74.372310
223346435.547,-74.787220
223346582.031,-74.999031
223346728.516,-74.855361
223346875.000,-74.960787
223347021.484,-74.769815
223347167.969,-74.899081
223347314.453,-74.887972
223347460.938,-74.988384
223347607.422,-75.105397
223347753.906,-75.191658
223347900.391,-75.453910
223348046.875,-75.457070
223348193.359,-75.120861
223348339.844,-74.728381
223348486.328,-74.985294
223348632.812,-75.066615
223348779.297,-74.839107
223348925.781,-75.024662
223349072.266,-74.919962
223349218.750,-74.946076
223349365.234,-75.113904
223349511.719,-74.719044
223349658.203,-74.535707
223349804.688,-74.339382
223349951.172,-74.534923
223350097.656,-74.373735
223350244.141,-74.330834
223350390.625,-74.494236
223350537.109,-74.637032
223350683.594,-74.600569
223350830.078,-74.662707
223350976.562,-75.061545
223351123.047,-75.496347
223351269.531,-75.336747
223351416.016,-75.132414
223351562.500,-75.053512
223351708.984,-74.986094
223351855.469,-74.796752
223352001.953,-74.772960
223352148.438,-74.593452
223352294.922,-74.711121
223352441.406,-75.119980
223352587.891,-74.916102
223352734.375,-74.685118
223352880.859,-74.923805
223353027.344,-75.028105
223353173.828,-74.933555
223353320.312,-75.146347
223353466.797,-75.082886
223353613.281,-74.728130
223353759.766,-74.606027
223353906.250,-74.504918
223354052.734,-74.615751
223354199.219,-74.517749
223354345.703,-74.927806
223354492.188,-74.972070
223354638.672,-75.301901
223354785.156,-75.550391
223354931.641,-75.468342
223355078.125,-75.293318
223355224.609,-75.426499
223355371.094,-75.778826
223355517.578,-75.508362
223355664.062,-75.488576
223355810.547,-75.242897
223355957.031,-75.137550
223356103.516,-75.311459
223356250.000,-75.075465
223356396.484,-74.908465
223356542.969,-75.184231
223356689.453,-75.219988
223356835.938,-75.071700
223356982.422,-75.325808
223357128.906,-75.422101
223357275.391,-75.511384
223357421.875,-75.691571
223357568.359,-75.573723
223357714.844,-75.689647
223357861.328,-75.848422
223358007.812,-76.094518
223358154.297,-76.015515
223358300.781,-76.018755
223358447.266,-75.677733
223358593.750,-75.572315
223358740.234,-75.733680
223358886.719,-75.795579
223359033.203,-75.889501
223359179.688,-75.983719
223359326.172,-75.818611
223359472.656,-75.852506
223359619.141,-75.822548
223359765.625,-75.971239
223359912.109,-75.757774
223360058.594,-75.799529
223360205.078,-75.920274
223360351.562,-75.997628
223360498.047,-75.935236
223360644.531,-75.904882
223360791.016,-75.873922
223360937.500,-75.971729
223361083.984,-76.194500
223361230.469,-75.841076
223361376.953,-75.827258
223361523.438,-76.161048
223361669.922,-76.378358
223361816.406,-76.146780
223361962.891,-76.022229
223362109.375,-75.777346
223362255.859,-75.613186
223362402.344,-75.654770
223362548.828,-75.461933
223362695.312,-75.764561
223362841.797,-75.884433
223362988.281,-76.111925
223363134.766,-76.193604
223363281.250,-76.147469
223363427.734,-75.942866
223363574.219,-75.881549
223363720.703,-75.740167
223363867.188,-75.966401
223364013.672,-76.005034
223364160.156,-76.132941
223364306.641,-76.036955
223364453.125,-76.049431
223364599.609,-76.250154
223364746.094,-76.468810
223364892.578,-76.253505
223365039.062,-76.147749
223365185.547,-76.211088
223365332.031,-76.107319
223365478.516,-75.974966
223365625.000,-75.777956
223365771.484,-75.794356
223365917.969,-75.818015
223366064.453,-75.550555
223366210.938,-75.197392
223366357.422,-75.387887
223366503.906,-75.653993
223366650.391,-75.578421
223366796.875,-75.693696
223366943.359,-75.448768
223367089.844,-75.560344
223367236.328,-75.611166
223367382.812,-75.731402
223367529.297,-75.767510
223367675.781,-75.840585
223367822.266,-75.805184
223367968.750,-75.856285
223368115.234,-75.632425
223368261.719,-75.576739
223368408.203,-75.608672
223368554.688,-75.670059
223368701.172,-75.388321
223368847.656,-75.329526
223368994.141,-75.163497
223369140.625,-75.198397
223369287.109,-75.175061
223369433.594,-75.070885
223369580.078,-74.914854
223369726.562,-74.890130
223369873.047,-75.230367
223370019.531,-75.176776
223370166.016,-74.847587
223370312.500,-75.145229
223370458.984,-75.093840
223370605.469,-74.940310
223370751.953,-74.838360
223370898.438,-75.054450
223371044.922,-75.013113
223371191.406,-75.147234
223371337.891,-75.143028
223371484.375,-74.913267
223371630.859,-75.144543
223371777.344,-75.211416
223371923.828,-74.523966
223372070.312,-74.335511
223372216.797,-74.204335
223372363.281,-74.400430
223372509.766,-74.221540
223372656.250,-74.105458
223372802.734,-73.767695
223372949.219,-73.823212
223373095.703,-73.730290
223373242.188,-73.403786
223373388.672,-73.269300
223373535.156,-73.164886
223373681.641,-73.277631
223373828.125,-73.126826
223373974.609,-72.964919
223374121.094,-73.126558
223374267.578,-73.097352
223374414.062,-72.628636
223374560.547,-72.226140
223374707.031,-72.370158
223374853.516,-72.217980
223375000.000,-72.038126
223375146.484,-72.211761
223375292.969,-72.713915
223375439.453,-72.728113
223375585.938,-72.485210
223375732.422,-72.584385
223375878.906,-72.741941
223376025.391,-72.548411
223376171.875,-72.776630
223376318.359,-73.046205
223376464.844,-73.262575
223376611.328,-73.218643
223376757.812,-73.078783
223376904.297,-72.954591
223377050.781,-73.200863
223377197.266,-73.660544
223377343.750,-74.089560
223377490.234,-74.291459
223377636.719,-74.433677
223377783.203,-74.319549
223377929.688,-74.318857
223378076.172,-74.056277
223378222.656,-74.267403
223378369.141,-73.990759
223378515.625,-73.779103
223378662.109,-73.822055
223378808.594,-73.660116
223378955.078,-73.819052
223379101.562,-74.079127
223379248.047,-74.240935
223379394.531,-74.063613
223379541.016,-73.817221
223379687.500,-73.677790
223379833.984,-73.396270
223379980.469,-73.124932
223380126.953,-73.319972
223380273.438,-73.647833
223380419.922,-73.506363
223380566.406,-73.477688
223380712.891,-73.200618
223380859.375,-73.378584
223381005.859,-73.452920
223381152.344,-73.820387
223381298.828,-74.018736
223381445.312,-74.210320
223381591.797,-74.052328
223381738.281,-74.211396
223381884.766,-74.168069
223382031.250,-74.171699
223382177.734,-73.964291
223382324.219,-73.914309
223382470.703,-73.883408
223382617.188,-73.749013
223382763.672,-73.893261
223382910.156,-73.922715
223383056.641,-73.361515
223383203.125,-73.522475
223383349.609,-73.742055
223383496.094,-73.298979
223383642.578,-73.473684
223383789.062,-74.045600
223383935.547,-74.150598
223384082.031,-73.994781
223384228.516,-73.884980
223384375.000,-73.864093
223384521.484,-74.013885
223384667.969,-74.171374
223384814.453,-74.108058
223384960.938,-73.773845
223385107.422,-73.914705
223385253.906,-74.263140
223385400.391,-73.949074
223385546.875,-73.423967
223385693.359,-73.440166
223385839.844,-73.310313
223385986.328,-73.727038
223386132.812,-73.570136
223386279.297,-73.748130
223386425.781,-73.815370
223386572.266,-73.942928
223386718.750,-74.128806
223386865.234,-74.161906
223387011.719,-73.995420
223387158.203,-74.019882
223387304.688,-74.027328
223387451.172,-73.897716
223387597.656,-74.089363
223387744.141,-74.026301
223387890.625,-73.939145
223388037.109,-73.854776
223388183.594,-74.048398
223388330.078,-73.840522
223388476.562,-74.030501
223388623.047,-74.065561
223388769.531,-73.937612
223388916.016,-73.882164
223389062.500,-73.714871
223389208.984,-73.449350
223389355.469,-73.635148
223389501.953,-73.735132
223389648.438,-73.931738
223389794.922,-73.522404
223389941.406,-73.692817
223390087.891,-73.942291
223390234.375,-74.064761
223390380.859,-74.171648
223390527.344,-74.046331
223390673.828,-73.996730
223390820.312,-74.096038
223390966.797,-74.013991
223391113.281,-73.874490
223391259.766,-73.884091
223391406.250,-74.064010
223391552.734,-73.896335
223391699.219,-74.078351
223391845.703,-74.234888
223391992.188,-74.434410
223392138.672,-74.303555
223392285.156,-74.158179
223392431.641,-74.127593
223392578.125,-73.868934
223392724.609,-73.649586
223392871.094,-73.754533
223393017.578,-73.907438
223393164.062,-73.957667
223393310.547,-74.358274
223393457.031,-74.621081
223393603.516,-74.751319
223393750.000,-74.970846
223393896.484,-74.818621
223394042.969,-74.883943
223394189.453,-74.610661
223394335.938,-74.611514
223394482.422,-74.720989
223394628.906,-74.684116
223394775.391,-74.540490
223394921.875,-74.273024
223395068.359,-74.646081
223395214.844,-74.324888
223395361.328,-74.070686
223395507.812,-74.199981
223395654.297,-74.029325
223395800.781,-74.402214
223395947.266,-74.367092
223396093.750,-74.357226
223396240.234,-74.501985
223396386.719,-74.593657
223396533.203,-74.486028
223396679.688,-74.742529
223396826.172,-74.851072
223396972.656,-74.495167
223397119.141,-74.783976
223397265.625,-75.015167
223397412.109,-75.116803
223397558.594,-75.178898
223397705.078,-75.261303
223397851.562,-75.285369
223397998.047,-74.959106
223398144.531,-74.969537
223398291.016,-75.254485
223398437.500,-75.201290
223398583.984,-74.785761
223398730.469,-74.655559
223398876.953,-74.636210
223399023.438,-74.785204
223399169.922,-74.548288
223399316.406,-74.426526
223399462.891,-74.815634
223399609.375,-74.765667
223399755.859,-74.924331
223399902.344,-75.260838
223400048.828,-75.367126
223400195.312,-75.341843
223400341.797,-75.428594
223400488.281,-75.714054
223400634.766,-75.582287
223400781.250,-75.542939
223400927.734,-75.663172
223401074.219,-75.707310
223401220.703,-75.229055
223401367.188,-74.960189
223401513.672,-74.837402
223401660.156,-74.918772
223401806.641,-75.057873
223401953.125,-74.874969
223402099.609,-74.718740
223402246.094,-74.764688
223402392.578,-74.618578
223402539.062,-74.823942
223402685.547,-74.728439
223402832.031,-74.954874
223402978.516,-75.311265
223403125.000,-75.309725
223403271.484,-75.335508
223403417.969,-75.688383
223403564.453,-75.678543
223403710.938,-75.605422
223403857.422,-75.637296
223404003.906,-75.976103
223404150.391,-76.156429
223404296.875,-76.202675
223404443.359,-76.129824
223404589.844,-76.184040
223404736.328,-76.153350
223404882.812,-75.496820
223405029.297,-75.365674
223405175.781,-75.455320
223405322.266,-75.557329
223405468.750,-75.290468
223405615.234,-75.203398
223405761.719,-75.084534
223405908.203,-75.043921
223406054.688,-75.308316
223406201.172,-75.620587
223406347.656,-75.368801
223406494.141,-75.155683
223406640.625,-75.747465
223406787.109,-75.995426
223406933.594,-76.077440
223407080.078,-76.099313
223407226.562,-76.025331
223407373.047,-75.994304
223407519.531,-76.149105
223407666.016,-76.151413
223407812.500,-76.317494
223407958.984,-75.972811
223408105.469,-75.655267
223408251.953,-75.551086
223408398.438,-75.525408
223408544.922,-75.383517
223408691.406,-75.171906
223408837.891,-75.240875
223408984.375,-74.942660
223409130.859,-74.757436
223409277.344,-75.204265
223409423.828,-75.482781
223409570.312,-75.482301
223409716.797,-75.472021
223409863.281,-75.391462
223410009.766,-75.655653
223410156.250,-75.830342
223410302.734,-76.016204
223410449.219,-75.877047
223410595.703,-76.151283
223410742.188,-76.123029
223410888.672,-76.112694
223411035.156,-76.106611
223411181.641,-75.733266
223411328.125,-75.788877
223411474.609,-75.720137
223411621.094,-75.323011
223411767.578,-75.377430
223411914.062,-75.370052
223412060.547,-75.277931
223412207.031,-75.381269
223412353.516,-75.039145
223412500.000,-74.968535
223412646.484,-74.816123
223412792.969,-74.999363
223412939.453,-75.272773
223413085.938,-75.442222
223413232.422,-75.477217
223413378.906,-75.380333
223413525.391,-75.419925
223413671.875,-75.785839
223413818.359,-75.851455
223413964.844,-75.738647
223414111.328,-75.791668
223414257.812,-75.854884
223414404.297,-75.887355
223414550.781,-75.849729
223414697.266,-75.653838
223414843.750,-75.333876
223414990.234,-75.207419
223415136.719,-74.916216
223415283.203,-74.938083
223415429.688,-75.144963
223415576.172,-75.188928
223415722.656,-75.034289
223415869.141,-75.118111
223416015.625,-75.006942
223416162.109,-75.041768
223416308.594,-74.923139
223416455.078,-74.836230
223416601.562,-74.992379
223416748.047,-75.230458
223416894.531,-75.452611
223417041.016,-75.655198
223417187.500,-75.622152
223417333.984,-75.838356
223417480.469,-75.796126
223417626.953,-75.772998
223417773.438,-75.668051
223417919.922,-75.675888
223418066.406,-75.158296
223418212.891,-75.099673
223418359.375,-75.060369
223418505.859,-74.739827
223418652.344,-74.819678
223418798.828,-74.722614
223418945.312,-74.560150
223419091.797,-74.637954
223419238.281,-74.970158
223419384.766,-75.213910
223419531.250,-75.038161
223419677.734,-74.934999
223419824.219,-75.329843
223419970.703,-75.768666
223420117.188,-75.747470
223420263.672,-75.842588
223420410.156,-76.082615
223420556.641,-75.799697
223420703.125,-75.802802
223420849.609,-75.873070
223420996.094,-75.643129
223421142.578,-75.764243
223421289.062,-75.493887
223421435.547,-75.279797
223421582.031,-75.077065
223421728.516,-74.998944
223421875.000,-75.242691
223422021.484,-75.208837
223422167.969,-74.705483
223422314.453,-74.973343
223422460.938,-74.922710
223422607.422,-74.871964
223422753.906,-74.814763
223422900.391,-75.038285
223423046.875,-75.289520
223423193.359,-75.398829
223423339.844,-75.754682
223423486.328,-75.782455
223423632.812,-75.758082
223423779.297,-75.882795
223423925.781,-75.783818
223424072.266,-75.822246
223424218.750,-75.779576
223424365.234,-75.806561
223424511.719,-75.478333
223424658.203,-75.532561
223424804.688,-75.102352
223424951.172,-74.954496
223425097.656,-74.762726
223425244.141,-74.680034
223425390.625,-74.713650
223425537.109,-74.628756
223425683.594,-74.871729
223425830.078,-75.037013
223425976.562,-74.823729
223426123.047,-75.002405
223426269.531,-74.919644
223426416.016,-74.985577
223426562.500,-75.279750
223426708.984,-75.422804
223426855.469,-75.473659
223427001.953,-75.428482
223427148.438,-75.738886
223427294.922,-75.870519
223427441.406,-75.970746
223427587.891,-75.827108
223427734.375,-75.728901
223427880.859,-75.585494
223428027.344,-75.408298
223428173.828,-75.364017
223428320.312,-75.008769
223428466.797,-74.731443
223428613.281,-74.962704
223428759.766,-74.644152
223428906.250,-74.305534
223429052.734,-74.436094
223429199.219,-74.363454
223429345.703,-74.575840
223429492.188,-74.679248
223429638.672,-74.938399
223429785.156,-75.062751
223429931.641,-75.119276
223430078.125,-75.563662
223430224.609,-75.435588
223430371.094,-75.235581
223430517.578,-75.498739
223430664.062,-75.488839
223430810.547,-75.354171
223430957.031,-75.159051
223431103.516,-74.897170
223431250.000,-74.752697
223431396.484,-74.814244
223431542.969,-74.448891
223431689.453,-74.228416
223431835.938,-74.197814
223431982.422,-74.134126
223432128.906,-74.289406
223432275.391,-74.175866
223432421.875,-74.127677
223432568.359,-74.188095
223432714.844,-74.134990
223432861.328,-74.054001
223433007.812,-74.144442
223433154.297,-74.392895
223433300.781,-74.721959
223433447.266,-74.413038
223433593.750,-74.493611
223433740.234,-74.630496
223433886.719,-74.652192
223434033.203,-74.790500
223434179.688,-74.630619
223434326.172,-74.415960
223434472.656,-74.220034
223434619.141,-74.014465
223434765.625,-73.726454
223434912.109,-73.739374
223435058.594,-73.546533
223435205.078,-73.098784
223435351.562,-72.368724
223435498.047,-72.382138
223435644.531,-72.532448
223435791.016,-72.808978
223435937.500,-72.334267
223436083.984,-71.686803
223436230.469,-71.561139
223436376.953,-72.318912
223436523.438,-73.219884
223436669.922,-72.333656
223436816.406,-69.331557
223436962.891,-66.189367
223437109.375,-64.107987
223437255.859,-63.080257
223437402.344,-62.542485
223437548.828,-62.941663
223437695.312,-64.323003
223437841.797,-66.465725
223437988.281,-69.127871
223438134.766,-72.082610
223438281.250,-72.571000
223438427.734,-71.693185
223438574.219,-71.298131
223438720.703,-71.725706
223438867.188,-72.629839
223439013.672,-73.016959
223439160.156,-72.870207
223439306.641,-72.803202
223439453.125,-72.819892
223439599.609,-73.234889
223439746.094,-73.803063
223439892.578,-74.022676
223440039.062,-74.234417
223440185.547,-74.321638
223440332.031,-74.277812
223440478.516,-74.349939
223440625.000,-74.861632
223440771.484,-74.630919
223440917.969,-73.975081
223441064.453,-73.744924
223441210.938,-73.789572
223441357.422,-74.003976
223441503.906,-73.815572
223441650.391,-73.755801
223441796.875,-73.885999
223441943.359,-73.648409
223442089.844,-73.512682
223442236.328,-73.439385
223442382.812,-73.601173
223442529.297,-73.533468
223442675.781,-73.462296
223442822.266,-73.897846
223442968.750,-74.587184
223443115.234,-74.310878
223443261.719,-74.314459
223443408.203,-74.538898
223443554.688,-74.723352
223443701.172,-74.687927
223443847.656,-74.488050
223443994.141,-74.677052
223444140.625,-74.746241
223444287.109,-74.954831
223444433.594,-74.431881
223444580.078,-74.288439
223444726.562,-73.841513
223444873.047,-73.654992
223445019.531,-73.667299
223445166.016,-73.362432
223445312.500,-73.202501
223445458.984,-73.025929
223445605.469,-73.345186
223445751.953,-73.584124
223445898.438,-73.631204
223446044.922,-73.432343
223446191.406,-73.246752
223446337.891,-73.519652
223446484.375,-73.984900
223446630.859,-74.254117
223446777.344,-74.115209
223446923.828,-74.372439
223447070.312,-74.402393
223447216.797,-74.773042
223447363.281,-74.571662
223447509.766,-74.153814
223447656.250,-73.812094
223447802.734,-73.718977
223447949.219,-73.670548
223448095.703,-73.475468
223448242.188,-73.266530
223448388.672,-73.137391
223448535.156,-72.836759
223448681.641,-73.023896
223448828.125,-72.798718
223448974.609,-72.576625
223449121.094,-72.903179
223449267.578,-72.936335
223449414.062,-73.361172
223449560.547,-73.605473
223449707.031,-73.629975
223449853.516,-74.352451
223450000.000,-74.516000
223450146.484,-74.617217
223450292.969,-74.560166
223450439.453,-74.308925
223450585.938,-74.357323
223450732.422,-74.295845
223450878.906,-74.186852
223451025.391,-73.709850
223451171.875,-73.338177
223451318.359,-72.952304
223451464.844,-72.896000
223451611.328,-72.922748
223451757.812,-72.875827
223451904.297,-72.758497
223452050.781,-72.901181
223452197.266,-73.251057
223452343.750,-73.186575
223452490.234,-73.096639
223452636.719,-73.339190
223452783.203,-73.486040
223452929.688,-73.469675
223453076.172,-73.771206
223453222.656,-74.050427
223453369.141,-73.984162
223453515.625,-74.051370
223453662.109,-73.921529
223453808.594,-74.093005
223453955.078,-74.201292
223454101.562,-74.115741
223454248.047,-73.789237
223454394.531,-73.705431
223454541.016,-73.571860
223454687.500,-73.310426
223454833.984,-72.839793
223454980.469,-72.670319
223455126.953,-72.524155
223455273.438,-72.551520
223455419.922,-72.507357
223455566.406,-72.816433
223455712.891,-73.048241
223455859.375,-73.659353
223456005.859,-73.748094
223456152.344,-73.367030
223456298.828,-73.432444
223456445.312,-73.913718
223456591.797,-74.107284
223456738.281,-74.335636
223456884.766,-74.354385
223457031.250,-74.502182
223457177.734,-74.227045
223457324.219,-74.055069
223457470.703,-74.066766
223457617.188,-73.833077
223457763.672,-73.185310
223457910.156,-72.855363
223458056.641,-72.740659
223458203.125,-72.786580
223458349.609,-72.944445
223458496.094,-72.645901
223458642.578,-72.647922
223458789.062,-72.628282
223458935.547,-72.886426
223459082.031,-72.954968
223459228.516,-73.104714
223459375.000,-73.207414
223459521.484,-73.344980
223459667.969,-73.720935
223459814.453,-74.353743
223459960.938,-74.370384
223460107.422,-74.110807
223460253.906,-74.465023
223460400.391,-74.593069
223460546.875,-74.500784
223460693.359,-74.169303
223460839.844,-74.050023
223460986.328,-73.613905
223461132.812,-73.515752
223461279.297,-73.464565
223461425.781,-73.465353
223461572.266,-73.107012
223461718.750,-72.747348
223461865.234,-73.054428
223462011.719,-73.402032
223462158.203,-73.350158
223462304.688,-73.404984
223462451.172,-73.352899
223462597.656,-73.390923
223462744.141,-73.573837
223462890.625,-74.058817
223463037.109,-74.636504
223463183.594,-74.996262
223463330.078,-74.832591
223463476.562,-74.823833
223463623.047,-74.860174
223463769.531,-74.743080
223463916.016,-74.500691
223464062.500,-74.513904
223464208.984,-74.003062
223464355.469,-73.982897
223464501.953,-73.550846
223464648.438,-73.198543
223464794.922,-73.162082
223464941.406,-72.968520
223465087.891,-72.815909
223465234.375,-72.841089
223465380.859,-72.862335
223465527.344,-73.172985
223465673.828,-73.640483
223465820.312,-73.859928
223465966.797,-74.202197
223466113.281,-74.188978
223466259.766,-74.226417
223466406.250,-74.603570
223466552.734,-74.913792
223466699.219,-75.082014
223466845.703,-75.076529
223466992.188,-75.188232
223467138.672,-74.970035
223467285.156,-74.649687
223467431.641,-74.729869
223467578.125,-74.410558
223467724.609,-73.953589
223467871.094,-73.560070
223468017.578,-73.564456
223468164.062,-73.234752
223468310.547,-73.252983
223468457.031,-73.424902
223468603.516,-73.345794
223468750.000,-73.379492
223468896.484,-73.474492
223469042.969,-73.636565
223469189.453,-73.945124
223469335.938,-74.234144
223469482.422,-74.430990
223469628.906,-74.886258
223469775.391,-74.902245
223469921.875,-75.217704
223470068.359,-75.327218
223470214.844,-75.234031
223470361.328,-75.002813
223470507.812,-75.039345
223470654.297,-74.972736
223470800.781,-74.579997
223470947.266,-74.098049
223471093.750,-73.709203
223471240.234,-73.497681
223471386.719,-73.448883
223471533.203,-72.964739
223471679.688,-72.783557
223471826.172,-73.083468
223471972.656,-73.321332
223472119.141,-73.438630
223472265.625,-73.652680
223472412.109,-74.110661
223472558.594,-74.235620
223472705.078,-74.271901
223472851.562,-74.440214
223472998.047,-74.737272
223473144.531,-75.119671
223473291.016,-75.437472
223473437.500,-75.308974
223473583.984,-75.128524
223473730.469,-75.040460
223473876.953,-74.973151
223474023.438,-74.759206
223474169.922,-74.232784
223474316.406,-74.242502
223474462.891,-73.673782
223474609.375,-73.048889
223474755.859,-73.061873
223474902.344,-73.060882
223475048.828,-72.922803
223475195.312,-72.979421
223475341.797,-72.736897
223475488.281,-72.980810
223475634.766,-73.303800
223475781.250,-73.456793
223475927.734,-73.893702
223476074.219,-74.295826
223476220.703,-74.699632
223476367.188,-75.090491
223476513.672,-75.326630
223476660.156,-75.426409
223476806.641,-75.429755
223476953.125,-75.475971
223477099.609,-75.085041
223477246.094,-74.415601
223477392.578,-74.076710
223477539.062,-74.065875
223477685.547,-73.655894
223477832.031,-73.246718
223477978.516,-72.988806
223478125.000,-72.892812
223478271.484,-72.987274
223478417.969,-72.865262
223478564.453,-73.030785
223478710.938,-72.899545
223478857.422,-72.820345
223479003.906,-72.960510
223479150.391,-73.407995
223479296.875,-73.625407
223479443.359,-74.158910
223479589.844,-74.905366
223479736.328,-75.278765
223479882.812,-75.450806
223480029.297,-75.336300
223480175.781,-75.049163
223480322.266,-74.808262
223480468.750,-74.539324
223480615.234,-74.225084
223480761.719,-73.861154
223480908.203,-73.492429
223481054.688,-72.919854
223481201.172,-72.844053
223481347.656,-72.836496
223481494.141,-72.769591
223481640.625,-72.535702
223481787.109,-72.743244
223481933.594,-72.673691
223482080.078,-72.741564
223482226.562,-73.094322
223482373.047,-73.289784
223482519.531,-73.582273
223482666.016,-74.105301
223482812.500,-74.526909
223482958.984,-74.734788
223483105.469,-74.919873
223483251.953,-75.475044
223483398.438,-75.564223
223483544.922,-75.357047
223483691.406,-75.330165
223483837.891,-74.578498
223483984.375,-74.112848
223484130.859,-73.650119
223484277.344,-72.907232
223484423.828,-72.579892
223484570.312,-72.814530
223484716.797,-72.677345
223484863.281,-72.394649
223485009.766,-72.325326
223485156.250,-72.278059
223485302.734,-72.489431
223485449.219,-72.737995
223485595.703,-72.962895
223485742.188,-73.719961
223485888.672,-73.736167
223486035.156,-74.161431
223486181.641,-74.656909
223486328.125,-75.046027
223486474.609,-75.082403
223486621.094,-74.890779
223486767.578,-74.832268
223486914.062,-74.760130
223487060.547,-74.559183
223487207.031,-74.104550
223487353.516,-74.579278
223487500.000,-78.010403
223487646.484,-73.654800
223487792.969,-72.594521
223487939.453,-72.461822
223488085.938,-72.036646
223488232.422,-72.031325
223488378.906,-72.276061
223488525.391,-72.382774
223488671.875,-72.559525
223488818.359,-72.638702
223488964.844,-73.077462
223489111.328,-73.605959
223489257.812,-74.157974
223489404.297,-74.406884
223489550.781,-74.646840
223489697.266,-74.918473
223489843.750,-75.392887
223489990.234,-75.360150
223490136.719,-75.095006
223490283.203,-74.845584
223490429.688,-74.191097
223490576.172,-73.903807
223490722.656,-73.540970
223490869.141,-72.993695
223491015.625,-72.651389
223491162.109,-72.447110
223491308.594,-72.255646
223491455.078,-71.979773
223491601.562,-72.060548
223491748.047,-72.145813
223491894.531,-71.913436
223492041.016,-72.319441
223492187.500,-72.993899
223492333.984,-73.157789
223492480.469,-73.477089
223492626.953,-73.727178
223492773.438,-74.237381
223492919.922,-74.747194
223493066.406,-75.111261
223493212.891,-75.065442
223493359.375,-74.945725
223493505.859,-74.762278
223493652.344,-74.211820
223493798.828,-74.044134
223493945.312,-73.455546
223494091.797,-72.793168
223494238.281,-72.311515
223494384.766,-72.139238
223494531.250,-72.129385
223494677.734,-71.978878
223494824.219,-71.679987
223494970.703,-71.836267
223495117.188,-71.770447
223495263.672,-71.689152
223495410.156,-72.165372
223495556.641,-72.836161
223495703.125,-73.284903
223495849.609,-73.522746
223495996.094,-73.852949
223496142.578,-74.177429
223496289.062,-74.599051
223496435.547,-74.518712
223496582.031,-74.824609
223496728.516,-74.772039
223496875.000,-74.105273
223497021.484,-73.504200
223497167.969,-73.148664
223497314.453,-72.741062
223497460.938,-72.416291
223497607.422,-71.879894
223497753.906,-71.355756
223497900.391,-70.591630
223498046.875,-70.774889
223498193.359,-71.451384
223498339.844,-71.519266
223498486.328,-71.328837
223498632.812,-71.569061
223498779.297,-70.602318
223498925.781,-70.366005
223499072.266,-72.230086
223499218.750,-70.803706
223499365.234,-65.979520
223499511.719,-68.560239
223499658.203,-70.052113
223499804.688,-55.151694
223499951.172,-53.334340
223500097.656,-63.848337
223500244.141,-70.037579
223500390.625,-65.693510
223500537.109,-68.912765
223500683.594,-72.188627
223500830.078,-70.849762
223500976.562,-70.462038
223501123.047,-71.086389
223501269.531,-70.731149
223501416.016,-70.618488
223501562.500,-70.881627
223501708.984,-70.954561
223501855.469,-70.570250
223502001.953,-70.760598
223502148.438,-71.734665
223502294.922,-72.453867
223502441.406,-72.630200
223502587.891,-73.175671
223502734.375,-73.697854
223502880.859,-74.173947
223503027.344,-74.654273
223503173.828,-74.966076
223503320.312,-74.685800
223503466.797,-74.440098
223503613.281,-73.664914
223503759.766,-72.885483
223503906.250,-72.486157
223504052.734,-71.912973
223504199.219,-71.356979
223504345.703,-71.167074
223504492.188,-70.986628
223504638.672,-70.563715
223504785.156,-70.735191
223504931.641,-71.026808
223505078.125,-71.224782
223505224.609,-71.345324
223505371.094,-71.594084
223505517.578,-71.955135
223505664.062,-72.576325
223505810.547,-72.959023
223505957.031,-73.970247
223506103.516,-74.658575
223506250.000,-74.729429
223506396.484,-75.238088
223506542.969,-75.136710
223506689.453,-74.870756
223506835.938,-74.174466
223506982.422,-73.504694
223507128.906,-72.799341
223507275.391,-72.188938
223507421.875,-71.333706
223507568.359,-71.104010
223507714.844,-70.984413
223507861.328,-70.564668
223508007.812,-70.484625
223508154.297,-70.811714
223508300.781,-70.748858
223508447.266,-70.829459
223508593.750,-71.279743
223508740.234,-71.383541
223508886.719,-72.052156
223509033.203,-72.575868
223509179.688,-73.454008
223509326.172,-74.299232
223509472.656,-74.881010
223509619.141,-75.210392
223509765.625,-75.233595
223509912.109,-75.086365
223510058.594,-73.980924
223510205.078,-73.343775
223510351.562,-72.669674
223510498.047,-72.061839
223510644.531,-71.456295
223510791.016,-70.930274
223510937.500,-70.801220
223511083.984,-70.353205
223511230.469,-69.824285
223511376.953,-69.855574
223511523.438,-70.382079
223511669.922,-70.338773
223511816.406,-70.604758
223511962.891,-70.963981
223512109.375,-71.713895
223512255.859,-72.618285
223512402.344,-72.981754
223512548.828,-73.530896
223512695.312,-74.364386
223512841.797,-74.723552
223512988.281,-74.884407
223513134.766,-74.663987
223513281.250,-74.264573
223513427.734,-73.521976
223513574.219,-73.003085
223513720.703,-72.391028
223513867.188,-71.622517
223514013.672,-70.933311
223514160.156,-70.561927
223514306.641,-70.301156
223514453.125,-69.822172
223514599.609,-69.563575
223514746.094,-69.853254
223514892.578,-69.937539
223515039.062,-70.100984
223515185.547,-70.195273
223515332.031,-70.583187
223515478.516,-71.374757
223515625.000,-71.997160
223515771.484,-72.803436
223515917.969,-73.697303
223516064.453,-74.344571
223516210.938,-74.588228
223516357.422,-74.660102
223516503.906,-74.465561
223516650.391,-73.670597
223516796.875,-73.161389
223516943.359,-72.167281
223517089.844,-71.242312
223517236.328,-70.542125
223517382.812,-70.076807
223517529.297,-69.909692
223517675.781,-69.361472
223517822.266,-69.126853
223517968.750,-69.334528
223518115.234,-69.695258
223518261.719,-69.647558
223518408.203,-69.924889
223518554.688,-70.370183
223518701.172,-70.964201
223518847.656,-71.643925
223518994.141,-72.265720
223519140.625,-73.346928
223519287.109,-74.075115
223519433.594,-74.439393
223519580.078,-74.660481
223519726.562,-74.611484
223519873.047,-74.018884
223520019.531,-72.990822
223520166.016,-72.284867
223520312.500,-71.519928
223520458.984,-70.551981
223520605.469,-69.771891
223520751.953,-69.603145
223520898.438,-69.085594
223521044.922,-68.515976
223521191.406,-68.380465
223521337.891,-68.790020
223521484.375,-69.148221
223521630.859,-69.373897
223521777.344,-69.674563
223521923.828,-69.964848
223522070.312,-70.783430
223522216.797,-71.479077
223522363.281,-72.473242
223522509.766,-73.529656
223522656.250,-74.303159
223522802.734,-74.713804
223522949.219,-74.512437
223523095.703,-74.239840
223523242.188,-73.270398
223523388.672,-72.584283
223523535.156,-71.519349
223523681.641,-70.689696
223523828.125,-69.728588
223523974.609,-69.064625
223524121.094,-68.954580
223524267.578,-68.562336
223524414.062,-68.142647
223524560.547,-68.180460
223524707.031,-68.573321
223524853.516,-68.730578
223525000.000,-69.086096
223525146.484,-69.447720
223525292.969,-70.093299
223525439.453,-70.953616
223525585.938,-71.636196
223525732.422,-73.095651
223525878.906,-74.345936
223526025.391,-74.752173
223526171.875,-75.134758
223526318.359,-74.854913
223526464.844,-73.808895
223526611.328,-72.562359
223526757.812,-71.502569
223526904.297,-70.598835
223527050.781,-69.687153
223527197.266,-68.728442
223527343.750,-68.292458
223527490.234,-67.994569
223527636.719,-67.530314
223527783.203,-67.439987
223527929.688,-67.669011
223528076.172,-67.811815
223528222.656,-67.997144
223528369.141,-68.484972
223528515.625,-69.037530
223528662.109,-70.027748
223528808.594,-70.789007
223528955.078,-72.068768
223529101.562,-73.295171
223529248.047,-74.078259
223529394.531,-75.023400
223529541.016,-75.085670
223529687.500,-74.067727
223529833.984,-73.105561
223529980.469,-71.880887
223530126.953,-70.606890
223530273.438,-69.741390
223530419.922,-68.774733
223530566.406,-68.155552
223530712.891,-68.063177
223530859.375,-67.401727
223531005.859,-66.924054
223531152.344,-67.001525
223531298.828,-67.356637
223531445.312,-67.467665
223531591.797,-67.742536
223531738.281,-68.246318
223531884.766,-68.867742
223532031.250,-69.452696
223532177.734,-70.527428
223532324.219,-72.188456
223532470.703,-73.183081
223532617.188,-74.206018
223532763.672,-74.843372
223532910.156,-74.484737
223533056.641,-73.102862
223533203.125,-71.844897
223533349.609,-70.618799
223533496.094,-69.561722
223533642.578,-68.521302
223533789.062,-67.424205
223533935.547,-66.892445
223534082.031,-66.756353
223534228.516,-66.204959
223534375.000,-66.078963
223534521.484,-66.157959
223534667.969,-66.258632
223534814.453,-66.621563
223534960.938,-67.053305
223535107.422,-67.498351
223535253.906,-68.569073
223535400.391,-69.218626
223535546.875,-70.450712
223535693.359,-72.300837
223535839.844,-73.868396
223535986.328,-74.767450
223536132.812,-74.531063
223536279.297,-73.445077
223536425.781,-71.905439
223536572.266,-70.401743
223536718.750,-69.053154
223536865.234,-67.966786
223537011.719,-66.980349
223537158.203,-66.311358
223537304.688,-66.047436
223537451.172,-65.468539
223537597.656,-64.994149
223537744.141,-65.005472
223537890.625,-65.309960
223538037.109,-65.598119
223538183.594,-65.871370
223538330.078,-66.389537
223538476.562,-67.295349
223538623.047,-68.137567
223538769.531,-69.035161
223538916.016,-70.950567
223539062.500,-72.455552
223539208.984,-73.657780
223539355.469,-74.068657
223539501.953,-73.398355
223539648.438,-71.847400
223539794.922,-70.336364
223539941.406,-68.965620
223540087.891,-67.634657
223540234.375,-66.355398
223540380.859,-65.230512
223540527.344,-64.860210
223540673.828,-64.743011
223540820.312,-64.145502
223540966.797,-63.796893
223541113.281,-63.653761
223541259.766,-62.989343
223541406.250,-62.469533
223541552.734,-62.705202
223541699.219,-63.313569
223541845.703,-64.656247
223541992.188,-65.899424
223542138.672,-67.746708
223542285.156,-70.517682
223542431.641,-72.456836
223542578.125,-73.410294
223542724.609,-73.265115
223542871.094,-71.902472
223543017.578,-70.497188
223543164.062,-68.837286
223543310.547,-67.194235
223543457.031,-65.926822
223543603.516,-64.578621
223543750.000,-63.742468
223543896.484,-63.680604
223544042.969,-63.102009
223544189.453,-62.713171
223544335.938,-62.811646
223544482.422,-63.059476
223544628.906,-63.118875
223544775.391,-63.522087
223544921.875,-64.066505
223545068.359,-64.841342
223545214.844,-65.727775
223545361.328,-66.842394
223545507.812,-69.222510
223545654.297,-71.376408
223545800.781,-73.491874
223545947.266,-74.547286
223546093.750,-73.318222
223546240.234,-70.700705
223546386.719,-68.311527
223546533.203,-66.566159
223546679.688,-65.067598
223546826.172,-63.834714
223546972.656,-62.689539
223547119.141,-62.024892
223547265.625,-61.773671
223547412.109,-61.245790
223547558.594,-61.161315
223547705.078,-61.329660
223547851.562,-61.341126
223547998.047,-61.474333
223548144.531,-61.947315
223548291.016,-62.508509
223548437.500,-63.691067
223548583.984,-64.683110
223548730.469,-66.475125
223548876.953,-68.995516
223549023.438,-71.485064
223549169.922,-73.925392
223549316.406,-73.790001
223549462.891,-71.011512
223549609.375,-67.983697
223549755.859,-65.788277
223549902.344,-64.128527
223550048.828,-62.650538
223550195.312,-61.246851
223550341.797,-60.435412
223550488.281,-60.153259
223550634.766,-59.568887
223550781.250,-59.036438
223550927.734,-59.025187
223551074.219,-59.246243
223551220.703,-59.314122
223551367.188,-59.542453
223551513.672,-60.149348
223551660.156,-61.004923
223551806.641,-62.118944
223551953.125,-63.198606
223552099.609,-65.585937
223552246.094,-68.263756
223552392.578,-71.832664
223552539.062,-73.687280
223552685.547,-71.305425
223552832.031,-67.555652
223552978.516,-64.527285
223553125.000,-62.455117
223553271.484,-60.869490
223553417.969,-59.419338
223553564.453,-58.129683
223553710.938,-57.549751
223553857.422,-57.109641
223554003.906,-56.413703
223554150.391,-56.229880
223554296.875,-56.366967
223554443.359,-56.428103
223554589.844,-56.487145
223554736.328,-56.871684
223554882.812,-57.428281
223555029.297,-58.540736
223555175.781,-59.439853
223555322.266,-61.267926
223555468.750,-63.974797
223555615.234,-67.193365
223555761.719,-71.353700
223555908.203,-70.974166
223556054.688,-66.527982
223556201.172,-62.574759
223556347.656,-59.852530
223556494.141,-57.918759
223556640.625,-56.373373
223556787.109,-54.751473
223556933.594,-53.735244
223557080.078,-53.325921
223557226.562,-52.573041
223557373.047,-51.969248
223557519.531,-51.880230
223557666.016,-51.911717
223557812.500,-51.781479
223557958.984,-51.912636
223558105.469,-52.316092
223558251.953,-52.989633
223558398.438,-53.941127
223558544.922,-54.949058
223558691.406,-57.397014
223558837.891,-60.171230
223558984.375,-64.479471
223559130.859,-68.227965
223559277.344,-63.254309
223559423.828,-58.220981
223559570.312,-54.595935
223559716.797,-52.024818
223559863.281,-49.971171
223560009.766,-48.117188
223560156.250,-46.399275
223560302.734,-45.394077
223560449.219,-44.523294
223560595.703,-43.266118
223560742.188,-42.474576
223560888.672,-41.989259
223561035.156,-41.291385
223561181.641,-40.555085
223561328.125,-40.059759
223561474.609,-39.575800
223561621.094,-39.427702
223561767.578,-38.675154
223561914.062,-38.807600
223562060.547,-38.859889
223562207.031,-38.724784
223562353.516,-38.712413
223562500.000,-38.553857
223562646.484,-38.926044
223562792.969,-38.807815
223562939.453,-38.864558
223563085.938,-39.206918
223563232.422,-39.564271
223563378.906,-39.611016
223563525.391,-39.933716
223563671.875,-40.778344
223563818.359,-41.305493
223563964.844,-41.791202
223564111.328,-42.673668
223564257.812,-43.733230
223564404.297,-44.539888
223564550.781,-45.535865
223564697.266,-46.788062
223564843.750,-48.270404
223564990.234,-50.084864
223565136.719,-51.817422
223565283.203,-54.999338
223565429.688,-58.545162
223565576.172,-63.514311
223565722.656,-68.310962
223565869.141,-64.308399
223566015.625,-60.067227
223566162.109,-57.134893
223566308.594,-55.375805
223566455.078,-54.122971
223566601.562,-53.077022
223566748.047,-52.172699
223566894.531,-51.990454
223567041.016,-52.038256
223567187.500,-51.738435
223567333.984,-51.929729
223567480.469,-52.459657
223567626.953,-52.920428
223567773.438,-53.372809
223567919.922,-54.186793
223568066.406,-55.145220
223568212.891,-56.643127
223568359.375,-57.909757
223568505.859,-60.158176
223568652.344,-63.275528
223568798.828,-66.738613
223568945.312,-71.155350
223569091.797,-71.550684
223569238.281,-67.399365
223569384.766,-63.740451
223569531.250,-61.400427
223569677.734,-59.852801
223569824.219,-58.747397
223569970.703,-57.516897
223570117.188,-56.839211
223570263.672,-56.808413
223570410.156,-56.515090
223570556.641,-56.258655
223570703.125,-56.538379
223570849.609,-57.059937
223570996.094,-57.330917
223571142.578,-57.800305
223571289.062,-58.646518
223571435.547,-59.748592
223571582.031,-61.174311
223571728.516,-62.523982
223571875.000,-65.297539
223572021.484,-68.118110
223572167.969,-71.656433
223572314.453,-74.183203
223572460.938,-72.113202
223572607.422,-68.486551
223572753.906,-65.674684
223572900.391,-63.872998
223573046.875,-62.448836
223573193.359,-61.275056
223573339.844,-60.213998
223573486.328,-59.915122
223573632.812,-59.745600
223573779.297,-59.309339
223573925.781,-59.334423
223574072.266,-59.688504
223574218.750,-59.930325
223574365.234,-60.276150
223574511.719,-61.004618
223574658.203,-61.847284
223574804.688,-63.076733
223574951.172,-64.083327
223575097.656,-66.290238
223575244.141,-68.855330
223575390.625,-71.300032
223575537.109,-74.108651
223575683.594,-74.123548
223575830.078,-71.689480
223575976.562,-68.803408
223576123.047,-66.718081
223576269.531,-65.298708
223576416.016,-64.235675
223576562.500,-63.015710
223576708.984,-62.218916
223576855.469,-62.073493
223577001.953,-61.731723
223577148.438,-61.435831
223577294.922,-61.650071
223577441.406,-62.027929
223577587.891,-62.249654
223577734.375,-62.749237
223577880.859,-63.524661
223578027.344,-64.338479
223578173.828,-65.489018
223578320.312,-66.751372
223578466.797,-69.163955
223578613.281,-71.482158
223578759.766,-73.685783
223578906.250,-74.751965
223579052.734,-73.739449
223579199.219,-71.665546
223579345.703,-69.440214
223579492.188,-67.683231
223579638.672,-66.379634
223579785.156,-65.177993
223579931.641,-64.150165
223580078.125,-63.748196
223580224.609,-63.635638
223580371.094,-63.268726
223580517.578,-63.232959
223580664.062,-63.386373
223580810.547,-63.675161
223580957.031,-64.074577
223581103.516,-64.669095
223581250.000,-65.384675
223581396.484,-66.579665
223581542.969,-67.720526
223581689.453,-69.469199
223581835.938,-71.608286
223581982.422,-73.344945
223582128.906,-75.016747
223582275.391,-74.947406
223582421.875,-73.672059
223582568.359,-71.538650
223582714.844,-69.476597
223582861.328,-68.132381
223583007.812,-67.041385
223583154.297,-66.054836
223583300.781,-65.310970
223583447.266,-65.138233
223583593.750,-64.828291
223583740.234,-64.513280
223583886.719,-64.668083
223584033.203,-65.190659
223584179.688,-65.322576
223584326.172,-65.734378
223584472.656,-66.382032
223584619.141,-67.222858
223584765.625,-68.387855
223584912.109,-69.415392
223585058.594,-71.317101
223585205.078,-73.182293
223585351.562,-74.821052
223585498.047,-75.653958
223585644.531,-74.940893
223585791.016,-73.360972
223585937.500,-71.477278
223586083.984,-70.215456
223586230.469,-69.063260
223586376.953,-67.794214
223586523.438,-66.841802
223586669.922,-66.580645
223586816.406,-66.453407
223586962.891,-65.915745
223587109.375,-65.891581
223587255.859,-66.283785
223587402.344,-66.532819
223587548.828,-66.637458
223587695.312,-67.214107
223587841.797,-67.876001
223587988.281,-68.898401
223588134.766,-69.776868
223588281.250,-71.461991
223588427.734,-73.219903
223588574.219,-74.778166
223588720.703,-75.837051
223588867.188,-75.884589
223589013.672,-74.726461
223589160.156,-73.049759
223589306.641,-71.566244
223589453.125,-70.580542
223589599.609,-69.677335
223589746.094,-68.282930
223589892.578,-67.590113
223590039.062,-67.352355
223590185.547,-66.881812
223590332.031,-66.817920
223590478.516,-66.983487
223590625.000,-67.441250
223590771.484,-67.616200
223590917.969,-67.835899
223591064.453,-68.503294
223591210.938,-69.296812
223591357.422,-70.393780
223591503.906,-71.125039
223591650.391,-72.657734
223591796.875,-74.233610
223591943.359,-75.587813
223592089.844,-76.151302
223592236.328,-75.848923
223592382.812,-74.699529
223592529.297,-73.148880
223592675.781,-71.783477
223592822.266,-70.740168
223592968.750,-69.816023
223593115.234,-69.078891
223593261.719,-68.603569
223593408.203,-68.360024
223593554.688,-67.692944
223593701.172,-67.691829
223593847.656,-68.058965
223593994.141,-68.301977
223594140.625,-68.502926
223594287.109,-68.948963
223594433.594,-69.606814
223594580.078,-70.608211
223594726.562,-71.333296
223594873.047,-72.832819
223595019.531,-74.362095
223595166.016,-75.394395
223595312.500,-75.963581
223595458.984,-76.204249
223595605.469,-75.611362
223595751.953,-74.305127
223595898.438,-72.910903
223596044.922,-71.999285
223596191.406,-71.206431
223596337.891,-70.128213
223596484.375,-69.592220
223596630.859,-69.336523
223596777.344,-68.935662
223596923.828,-68.620384
223597070.312,-68.690072
223597216.797,-68.894893
223597363.281,-69.158186
223597509.766,-69.695436
223597656.250,-70.187375
223597802.734,-70.764809
223597949.219,-71.690428
223598095.703,-72.573895
223598242.188,-74.029684
223598388.672,-75.092930
223598535.156,-75.807381
223598681.641,-76.142764
223598828.125,-75.683627
223598974.609,-75.113364
223599121.094,-74.078557
223599267.578,-72.911769
223599414.062,-71.888932
223599560.547,-71.003409
223599707.031,-70.162717
223599853.516,-69.842643
223600000.000,-69.821271
223600146.484,-69.343728
223600292.969,-69.191458
223600439.453,-69.337814
223600585.938,-69.614452
223600732.422,-69.852065
223600878.906,-70.093398
223601025.391,-70.819770
223601171.875,-71.788332
223601318.359,-72.382647
223601464.844,-73.435352
223601611.328,-74.646998
223601757.812,-75.303597
223601904.297,-75.509918
223602050.781,-75.770619
223602197.266,-75.255586
223602343.750,-74.313367
223602490.234,-73.455337
223602636.719,-72.855927
223602783.203,-72.104999
223602929.688,-71.154690
223603076.172,-70.685660
223603222.656,-70.432824
223603369.141,-70.043684
223603515.625,-69.801350
223603662.109,-69.827966
223603808.594,-69.933743
223603955.078,-70.070179
223604101.562,-70.310554
223604248.047,-70.780677
223604394.531,-71.123311
223604541.016,-71.965455
223604687.500,-72.693363
223604833.984,-73.614868
223604980.469,-74.491405
223605126.953,-75.085930
223605273.438,-75.443671
223605419.922,-75.317751
223605566.406,-74.677396
223605712.891,-73.864615
223605859.375,-73.355473
223606005.859,-72.514638
223606152.344,-71.942366
223606298.828,-71.036569
223606445.312,-70.756983
223606591.797,-70.550788
223606738.281,-70.230789
223606884.766,-70.399286
223607031.250,-70.490398
223607177.734,-70.491545
223607324.219,-70.612650
223607470.703,-70.835112
223607617.188,-71.334203
223607763.672,-72.149172
223607910.156,-72.854248
223608056.641,-73.641948
223608203.125,-73.957464
223608349.609,-74.320404
223608496.094,-74.341626
223608642.578,-74.450911
223608789.062,-74.132351
223608935.547,-73.322225
223609082.031,-72.988652
223609228.516,-72.660923
223609375.000,-72.140532
223609521.484,-71.518464
223609667.969,-70.980942
223609814.453,-70.872044
223609960.938,-70.693421
223610107.422,-70.551704
223610253.906,-70.376494
223610400.391,-70.803744
223610546.875,-71.011812
223610693.359,-71.358544
223610839.844,-71.709365
223610986.328,-72.280344
223611132.812,-72.954637
223611279.297,-73.381376
223611425.781,-74.155740
223611572.266,-74.663827
223611718.750,-74.989265
223611865.234,-75.021710
223612011.719,-74.830835
223612158.203,-74.218770
223612304.688,-73.917113
223612451.172,-73.136546
223612597.656,-72.126806
223612744.141,-71.760194
223612890.625,-71.419503
223613037.109,-71.646331
223613183.594,-71.387762
223613330.078,-71.089845
223613476.562,-71.110191
223613623.047,-71.216319
223613769.531,-71.436042
223613916.016,-71.507868
223614062.500,-71.767165
223614208.984,-72.120427
223614355.469,-72.747172
223614501.953,-73.154835
223614648.438,-74.235484
223614794.922,-74.689321
223614941.406,-74.862247
223615087.891,-75.041639
223615234.375,-75.085501
223615380.859,-74.981364
223615527.344,-74.384831
223615673.828,-73.885360
223615820.312,-73.506190
223615966.797,-72.639488
223616113.281,-72.138477
223616259.766,-71.576612
223616406.250,-71.536600
223616552.734,-71.245207
223616699.219,-71.102208
223616845.703,-71.378292
223616992.188,-71.446760
223617138.672,-71.633088
223617285.156,-71.868509
223617431.641,-72.086678
223617578.125,-72.641535
223617724.609,-72.980434
223617871.094,-73.475712
223618017.578,-73.805107
223618164.062,-74.099284
223618310.547,-74.588202
223618457.031,-74.722280
223618603.516,-74.355735
223618750.000,-74.517270
223618896.484,-74.093945
223619042.969,-73.449031
223619189.453,-73.084862
223619335.938,-72.770628
223619482.422,-72.152926
223619628.906,-71.895664
223619775.391,-71.727101
223619921.875,-71.608425
223620068.359,-71.736048
223620214.844,-71.781203
223620361.328,-71.879076
223620507.812,-71.960450
223620654.297,-72.057003
223620800.781,-71.939903
223620947.266,-72.419623
223621093.750,-72.972400
223621240.234,-73.503458
223621386.719,-73.980279
223621533.203,-74.364225
223621679.688,-74.311558
223621826.172,-74.606346
223621972.656,-74.599421
223622119.141,-74.146816
223622265.625,-73.701793
223622412.109,-73.285323
223622558.594,-72.783516
223622705.078,-72.479116
223622851.562,-72.268574
223622998.047,-72.262581
223623144.531,-71.699759
223623291.016,-71.295055
223623437.500,-71.421089
223623583.984,-71.514978
223623730.469,-71.499511
223623876.953,-71.677320
223624023.438,-71.792639
223624169.922,-72.057222
223624316.406,-72.133348
223624462.891,-72.307567
223624609.375,-72.470117
223624755.859,-72.335782
223624902.344,-72.513957
223625048.828,-72.653117
223625195.312,-72.666214
223625341.797,-72.896950
223625488.281,-73.078041
223625634.766,-72.797058
223625781.250,-72.635330
223625927.734,-72.207196
223626074.219,-71.873811
223626220.703,-71.965260
223626367.188,-72.215748
223626513.672,-71.912665
223626660.156,-72.137334
223626806.641,-72.275339
223626953.125,-72.157486
223627099.609,-72.482140
223627246.094,-72.833938
223627392.578,-73.241324
223627539.062,-73.801660
223627685.547,-74.375201
223627832.031,-75.198465
223627978.516,-75.705661
223628125.000,-75.769731
223628271.484,-75.860189
223628417.969,-75.739927
223628564.453,-75.617125
223628710.938,-75.362583
223628857.422,-75.029854
223629003.906,-74.507487
223629150.391,-74.054518
223629296.875,-73.576392
223629443.359,-73.099843
223629589.844,-73.173688
223629736.328,-73.491475
223629882.812,-73.221620
223630029.297,-73.030585
223630175.781,-73.138628
223630322.266,-73.358054
223630468.750,-73.642850
223630615.234,-73.813584
223630761.719,-74.140104
223630908.203,-74.570473
223631054.688,-75.105104
223631201.172,-75.743936
223631347.656,-76.302438
223631494.141,-76.129481
223631640.625,-76.327958
223631787.109,-76.328133
223631933.594,-76.022806
223632080.078,-75.911293
223632226.562,-75.361670
223632373.047,-75.056514
223632519.531,-74.556733
223632666.016,-74.025258
223632812.500,-74.025279
223632958.984,-73.902935
223633105.469,-73.535794
223633251.953,-73.417181
223633398.438,-73.489469
223633544.922,-73.501662
223633691.406,-73.619144
223633837.891,-74.028366
223633984.375,-74.367687
223634130.859,-74.801046
223634277.344,-75.144325
223634423.828,-75.447563
223634570.312,-75.556167
223634716.797,-76.022867
223634863.281,-76.190667
223635009.766,-76.356096
223635156.250,-75.894770
223635302.734,-75.493565
223635449.219,-75.310652
223635595.703,-75.035067
223635742.188,-75.080270
223635888.672,-74.522344
223636035.156,-74.109986
223636181.641,-74.140493
223636328.125,-74.060417
223636474.609,-73.757895
223636621.094,-73.615481
223636767.578,-73.668314
223636914.062,-73.898144
223637060.547,-74.216522
223637207.031,-74.350801
223637353.516,-74.637470
223637500.000,-75.330291
223637646.484,-75.774596
223637792.969,-75.852627
223637939.453,-76.243398
223638085.938,-76.408501
223638232.422,-76.640193
223638378.906,-76.308276
223638525.391,-75.980041
223638671.875,-75.649726
223638818.359,-75.114713
223638964.844,-74.819865
223639111.328,-74.500713
223639257.812,-74.076952
223639404.297,-73.984596
223639550.781,-73.989674
223639697.266,-73.930006
223639843.750,-73.550351
223639990.234,-73.733344
223640136.719,-74.174402
223640283.203,-74.359109
223640429.688,-74.303172
223640576.172,-74.533441
223640722.656,-74.731667
223640869.141,-74.940189
223641015.625,-74.962969
223641162.109,-75.248178
223641308.594,-75.367343
223641455.078,-75.607830
223641601.562,-75.773136
223641748.047,-75.688175
223641894.531,-75.536977
223642041.016,-75.169897
223642187.500,-74.954637
223642333.984,-74.836781
223642480.469,-74.408733
223642626.953,-73.683346
223642773.438,-73.419970
223642919.922,-73.379348
223643066.406,-73.260366
223643212.891,-73.555983
223643359.375,-73.789671
223643505.859,-73.530787
223643652.344,-73.311550
223643798.828,-73.929508
223643945.312,-74.027629
223644091.797,-74.597911
223644238.281,-74.360542
223644384.766,-73.736455
223644531.250,-73.250953
223644677.734,-73.556970
223644824.219,-74.483412
223644970.703,-74.205000
223645117.188,-70.868931
223645263.672,-67.737582
223645410.156,-65.252567
223645556.641,-63.753207
223645703.125,-63.320750
223645849.609,-63.482184
223645996.094,-64.453616
223646142.578,-66.558215
223646289.062,-69.333442
223646435.547,-72.024317
223646582.031,-73.193891
223646728.516,-72.407270
223646875.000,-71.830771
223647021.484,-72.234446
223647167.969,-73.104004
223647314.453,-74.232050
223647460.938,-74.423927
223647607.422,-74.220635
223647753.906,-74.477817
223647900.391,-74.970023
223648046.875,-75.291213
223648193.359,-75.340282
223648339.844,-75.162339
223648486.328,-74.961370
223648632.812,-74.649130
223648779.297,-74.442417
223648925.781,-74.250641
223649072.266,-74.271970
223649218.750,-74.074319
223649365.234,-73.777745
223649511.719,-73.274688
223649658.203,-73.404941
223649804.688,-73.703553
223649951.172,-74.019902
223650097.656,-74.165829
223650244.141,-74.279258
223650390.625,-74.308699
223650537.109,-74.272526
223650683.594,-74.602220
223650830.078,-74.663847
223650976.562,-74.893297
223651123.047,-75.332712
223651269.531,-75.013523
223651416.016,-74.833113
223651562.500,-75.000751
223651708.984,-74.936274
223651855.469,-74.929012
223652001.953,-74.932512
223652148.438,-74.929875
223652294.922,-74.872128
223652441.406,-74.386507
223652587.891,-73.803351
223652734.375,-73.729639
223652880.859,-73.751335
223653027.344,-73.901395
223653173.828,-74.089110
223653320.312,-74.249267
223653466.797,-73.995290
223653613.281,-74.074823
223653759.766,-74.215514
223653906.250,-74.598632
223654052.734,-74.883363
223654199.219,-75.116517
223654345.703,-75.237781
223654492.188,-75.330160
223654638.672,-75.350098
223654785.156,-75.415524
223654931.641,-75.186890
223655078.125,-75.047951
223655224.609,-75.303992
223655371.094,-74.951492
223655517.578,-74.435910
223655664.062,-74.250175
223655810.547,-74.242139
223655957.031,-74.431738
223656103.516,-74.494679
223656250.000,-74.251332
223656396.484,-74.217319
223656542.969,-74.086467
223656689.453,-73.934336
223656835.938,-74.409551
223656982.422,-74.588142
223657128.906,-74.739725
223657275.391,-74.857033
223657421.875,-74.989978
223657568.359,-75.052715
223657714.844,-75.166540
223657861.328,-75.287950
223658007.812,-75.257005
223658154.297,-75.107042
223658300.781,-75.341603
223658447.266,-75.110013
223658593.750,-74.759667
223658740.234,-74.518255
223658886.719,-74.170619
223659033.203,-74.059536
223659179.688,-73.758435
223659326.172,-73.780919
223659472.656,-73.765473
223659619.141,-73.770089
223659765.625,-73.933883
223659912.109,-74.084988
223660058.594,-74.250113
223660205.078,-74.269943
223660351.562,-74.623961
223660498.047,-74.807868
223660644.531,-75.045481
223660791.016,-75.192786
223660937.500,-75.144201
223661083.984,-75.328155
223661230.469,-75.524741
223661376.953,-75.053153
223661523.438,-75.116800
223661669.922,-75.078598
223661816.406,-75.133543
223661962.891,-75.041830
223662109.375,-74.539907
223662255.859,-74.391141
223662402.344,-74.082071
223662548.828,-73.877706
223662695.312,-74.103395
223662841.797,-73.878629
223662988.281,-73.814427
223663134.766,-73.998532
223663281.250,-74.051767
223663427.734,-73.870304
223663574.219,-74.170615
223663720.703,-74.346978
223663867.188,-74.631958
223664013.672,-74.753303
223664160.156,-74.761453
223664306.641,-75.041240
223664453.125,-75.181061
223664599.609,-75.151384
223664746.094,-74.906364
223664892.578,-74.826266
223665039.062,-74.888104
223665185.547,-74.687352
223665332.031,-74.584983
223665478.516,-74.534764
223665625.000,-74.430189
223665771.484,-74.312411
223665917.969,-74.384078
223666064.453,-74.245506
223666210.938,-74.330121
223666357.422,-73.876621
223666503.906,-73.286096
223666650.391,-73.209471
223666796.875,-73.398117
223666943.359,-73.822021
223667089.844,-74.349622
223667236.328,-74.629709
223667382.812,-74.599503
223667529.297,-74.579309
223667675.781,-74.659133
223667822.266,-74.782859
223667968.750,-74.845623
223668115.234,-74.700622
223668261.719,-74.536624
223668408.203,-74.438448
223668554.688,-74.075854
223668701.172,-74.103190
223668847.656,-74.148354
223668994.141,-73.892858
223669140.625,-74.054487
223669287.109,-74.130011
223669433.594,-73.886152
223669580.078,-73.816893
223669726.562,-74.203086
223669873.047,-74.422643
223670019.531,-74.549693
223670166.016,-74.311085
223670312.500,-74.358992
223670458.984,-74.367271
223670605.469,-74.402555
223670751.953,-74.224656
223670898.438,-73.739908
223671044.922,-73.850602
223671191.406,-74.220867
223671337.891,-74.454718
223671484.375,-74.462733
223671630.859,-74.163793
223671777.344,-74.244392
223671923.828,-74.175097
223672070.312,-73.741760
223672216.797,-73.905040
223672363.281,-74.081215
223672509.766,-73.779760
223672656.250,-73.423610
223672802.734,-73.737182
223672949.219,-73.931781
223673095.703,-73.959911
223673242.188,-74.114851
223673388.672,-74.199239
223673535.156,-74.206247
223673681.641,-74.269348
223673828.125,-74.171675
223673974.609,-73.962072
223674121.094,-74.476527
223674267.578,-74.674796
223674414.062,-74.379381
223674560.547,-74.474821
223674707.031,-74.582392
223674853.516,-74.714078
223675000.000,-74.172653
223675146.484,-74.291244
223675292.969,-74.306499
223675439.453,-74.171622
223675585.938,-74.139022
223675732.422,-74.018660
223675878.906,-74.354381
223676025.391,-74.731002
223676171.875,-74.313877
223676318.359,-74.054674
223676464.844,-73.764910
223676611.328,-73.763261
223676757.812,-73.825741
223676904.297,-74.152380
223677050.781,-74.085512
223677197.266,-74.050790
223677343.750,-74.476931
223677490.234,-74.616407
223677636.719,-74.820015
223677783.203,-74.982400
223677929.688,-74.890520
223678076.172,-74.577625
223678222.656,-74.605505
223678369.141,-74.517927
223678515.625,-74.020976
223678662.109,-73.674845
223678808.594,-73.819807
223678955.078,-74.179119
223679101.562,-74.168337
223679248.047,-73.836294
223679394.531,-74.045626
223679541.016,-74.254299
223679687.500,-74.220230
223679833.984,-74.180914
223679980.469,-73.990623
223680126.953,-74.251793
223680273.438,-74.692038
223680419.922,-74.761622
223680566.406,-74.378970
223680712.891,-74.243482
223680859.375,-74.325465
223681005.859,-74.463324
223681152.344,-74.159607
223681298.828,-74.309994
223681445.312,-74.356432
223681591.797,-74.701229
223681738.281,-74.768641
223681884.766,-74.450692
223682031.250,-74.269385
223682177.734,-74.250574
223682324.219,-74.159893
223682470.703,-74.291410
223682617.188,-74.333772
223682763.672,-73.783106
223682910.156,-73.726018
223683056.641,-74.067147
223683203.125,-74.138138
223683349.609,-74.301685
223683496.094,-74.252651
223683642.578,-74.236962
223683789.062,-74.374982
223683935.547,-74.382425
223684082.031,-74.573009
223684228.516,-74.856500
223684375.000,-74.816991
223684521.484,-74.681187
223684667.969,-74.356482
223684814.453,-74.158403
223684960.938,-74.158811
223685107.422,-74.160617
223685253.906,-73.905492
223685400.391,-73.792523
223685546.875,-74.165244
223685693.359,-74.157916
223685839.844,-74.153320
223685986.328,-74.187119
223686132.812,-74.134621
223686279.297,-74.204649
223686425.781,-74.245775
223686572.266,-74.221701
223686718.750,-74.344409
223686865.234,-74.489781
223687011.719,-74.192974
223687158.203,-74.167851
223687304.688,-73.998981
223687451.172,-73.892774
223687597.656,-74.037007
223687744.141,-74.627760
223687890.625,-74.798794
223688037.109,-74.783081
223688183.594,-74.885611
223688330.078,-74.674242
223688476.562,-74.618751
223688623.047,-74.784707
223688769.531,-74.716199
223688916.016,-74.724541
223689062.500,-74.790585
223689208.984,-75.022211
223689355.469,-74.905550
223689501.953,-74.837094
223689648.438,-74.873949
223689794.922,-75.052393
223689941.406,-75.230498
223690087.891,-75.122414
223690234.375,-75.038508
223690380.859,-75.208988
223690527.344,-75.432911
223690673.828,-75.836656
223690820.312,-75.763600
223690966.797,-75.400837
223691113.281,-75.497695
223691259.766,-75.380788
223691406.250,-75.610779
223691552.734,-75.703049
223691699.219,-75.623985
223691845.703,-75.760407
223691992.188,-75.551923
223692138.672,-75.426982
223692285.156,-75.511857
223692431.641,-75.353751
223692578.125,-75.563436
223692724.609,-75.627202
223692871.094,-75.369563
223693017.578,-75.433838
223693164.062,-75.701041
223693310.547,-75.413111
223693457.031,-75.402840
223693603.516,-75.896452
223693750.000,-76.033936
223693896.484,-76.098317
223694042.969,-76.160363
223694189.453,-76.206463
223694335.938,-76.266054
223694482.422,-76.497337
223694628.906,-76.549640
223694775.391,-76.264484
223694921.875,-76.275129
223695068.359,-76.249551
223695214.844,-75.991744
223695361.328,-76.163426
223695507.812,-76.338344
223695654.297,-76.099660
223695800.781,-76.033544
223695947.266,-76.192573
223696093.750,-76.103587
223696240.234,-76.258013
223696386.719,-76.318664
223696533.203,-76.383297
223696679.688,-76.209134
223696826.172,-76.651367
223696972.656,-76.786749
223697119.141,-76.616883
223697265.625,-76.830612
223697412.109,-76.801433
223697558.594,-76.630379
223697705.078,-76.665887
223697851.562,-76.675595
223697998.047,-76.413195
223698144.531,-76.503988
223698291.016,-76.514806
223698437.500,-76.424188
223698583.984,-76.251585
223698730.469,-76.132359
223698876.953,-76.145838
223699023.438,-76.191845
223699169.922,-76.186373
223699316.406,-76.212949
223699462.891,-76.135338
223699609.375,-76.092857
223699755.859,-76.265893
223699902.344,-76.535996
223700048.828,-76.586539
223700195.312,-76.554198
223700341.797,-76.518714
223700488.281,-76.657454
223700634.766,-76.621900
223700781.250,-76.797107
223700927.734,-76.899881
223701074.219,-77.075644
223701220.703,-76.778278
223701367.188,-76.502190
223701513.672,-76.452569
223701660.156,-76.420855
223701806.641,-76.334314
223701953.125,-76.132612
223702099.609,-76.297301
223702246.094,-76.315175
223702392.578,-76.207440
223702539.062,-76.036958
223702685.547,-75.792916
223702832.031,-76.015531
223702978.516,-76.250347
223703125.000,-76.301652
223703271.484,-76.254469
223703417.969,-76.418924
223703564.453,-76.237544
223703710.938,-76.626962
223703857.422,-76.866789
223704003.906,-76.779796
223704150.391,-76.503330
223704296.875,-76.498485
223704443.359,-76.434375
223704589.844,-76.274101
223704736.328,-76.428228
223704882.812,-76.479888
223705029.297,-76.456183
223705175.781,-76.390832
223705322.266,-76.234937
223705468.750,-75.902583
223705615.234,-75.624344
223705761.719,-76.025713
223705908.203,-76.153461
223706054.688,-76.298185
223706201.172,-76.136437
223706347.656,-76.236399
223706494.141,-76.344408
223706640.625,-76.476345
223706787.109,-76.584846
223706933.594,-76.570885
223707080.078,-76.687253
223707226.562,-76.607944
223707373.047,-76.375020
223707519.531,-76.412393
223707666.016,-76.498604
223707812.500,-76.296469
223707958.984,-75.882004
223708105.469,-75.722540
223708251.953,-75.425630
223708398.438,-75.678907
223708544.922,-75.863931
223708691.406,-75.773599
223708837.891,-75.962087
223708984.375,-76.093263
223709130.859,-75.997668
223709277.344,-75.918524
223709423.828,-75.972388
223709570.312,-76.001437
223709716.797,-75.923719
223709863.281,-75.913566
223710009.766,-76.166845
223710156.250,-76.169480
223710302.734,-76.041145
223710449.219,-76.188281
223710595.703,-76.488471
223710742.188,-76.430493
223710888.672,-76.539128
223711035.156,-76.405335
223711181.641,-76.397850
223711328.125,-76.332109
223711474.609,-76.227722
223711621.094,-75.999889
223711767.578,-75.890877
223711914.062,-75.962154
223712060.547,-76.000097
223712207.031,-75.892001
223712353.516,-76.141401
223712500.000,-76.044848
223712646.484,-75.837747
223712792.969,-76.014583
223712939.453,-76.204817
223713085.938,-76.059333
223713232.422,-75.862732
223713378.906,-76.185725
223713525.391,-76.596575
223713671.875,-76.539738
223713818.359,-76.364100
223713964.844,-76.451157
223714111.328,-76.114170
223714257.812,-75.997069
223714404.297,-76.384004
223714550.781,-76.528699
223714697.266,-76.302668
223714843.750,-76.156485
223714990.234,-76.049304
223715136.719,-76.079686
223715283.203,-75.873478
223715429.688,-75.859625
223715576.172,-75.732543
223715722.656,-75.615048
223715869.141,-75.771239
223716015.625,-75.846513
223716162.109,-75.957510
223716308.594,-76.021210
223716455.078,-75.940865
223716601.562,-76.052052
223716748.047,-76.235138
223716894.531,-76.437556
223717041.016,-76.507252
223717187.500,-76.202733
223717333.984,-76.288697
223717480.469,-76.441051
223717626.953,-76.247500
223717773.438,-76.293786
223717919.922,-76.113718
223718066.406,-75.928050
223718212.891,-76.019526
223718359.375,-76.158352
223718505.859,-76.274951
223718652.344,-76.279176
223718798.828,-75.802826
223718945.312,-75.722989
223719091.797,-75.916825
223719238.281,-75.744434
223719384.766,-75.598596
223719531.250,-75.692542
223719677.734,-75.863059
223719824.219,-75.697576
223719970.703,-75.794045
223720117.188,-75.713661
223720263.672,-76.004935
223720410.156,-76.017691
223720556.641,-75.990382
223720703.125,-76.090180
223720849.609,-75.693536
223720996.094,-75.478826
223721142.578,-75.520316
223721289.062,-75.328706
223721435.547,-75.146771
223721582.031,-75.221047
223721728.516,-74.948267
223721875.000,-74.724455
223722021.484,-74.786280
223722167.969,-74.527431
223722314.453,-74.802774
223722460.938,-75.409719
223722607.422,-75.506207
223722753.906,-75.426847
223722900.391,-75.459375
223723046.875,-75.706007
223723193.359,-75.587648
223723339.844,-75.480683
223723486.328,-75.652578
223723632.812,-75.700743
223723779.297,-75.363969
223723925.781,-75.441271
223724072.266,-75.739023
223724218.750,-75.699294
223724365.234,-75.548037
223724511.719,-75.338877
223724658.203,-75.226130
223724804.688,-75.004321
223724951.172,-74.714989
223725097.656,-74.636325
223725244.141,-74.292749
223725390.625,-74.559804
223725537.109,-74.917571
223725683.594,-74.923918
223725830.078,-74.823717
223725976.562,-74.825816
223726123.047,-74.447746
223726269.531,-74.456779
223726416.016,-74.850906
223726562.500,-75.250023
223726708.984,-75.334590
223726855.469,-75.295778
223727001.953,-75.383627
223727148.438,-75.386337
223727294.922,-75.221434
223727441.406,-75.342503
223727587.891,-75.383831
223727734.375,-75.092654
223727880.859,-74.747530
223728027.344,-74.892227
223728173.828,-74.992712
223728320.312,-74.898799
223728466.797,-74.733854
223728613.281,-74.720538
223728759.766,-74.454008
223728906.250,-74.559838
223729052.734,-74.305461
223729199.219,-74.263910
223729345.703,-74.386794
223729492.188,-74.479270
223729638.672,-74.670418
223729785.156,-74.737615
223729931.641,-74.724400
223730078.125,-74.495266
223730224.609,-74.368845
223730371.094,-74.458469
223730517.578,-74.874964
223730664.062,-75.050683
223730810.547,-74.659089
223730957.031,-74.577775
223731103.516,-74.842106
223731250.000,-74.940062
223731396.484,-75.051837
223731542.969,-75.204472
223731689.453,-74.929343
223731835.938,-74.807956
223731982.422,-74.851317
223732128.906,-74.724890
223732275.391,-74.486643
223732421.875,-74.282950
223732568.359,-74.317331
223732714.844,-74.701308
223732861.328,-74.645247
223733007.812,-74.413926
223733154.297,-74.460523
223733300.781,-74.794664
223733447.266,-74.674489
223733593.750,-74.507811
223733740.234,-74.391688
223733886.719,-74.180375
223734033.203,-74.009167
223734179.688,-73.768139
223734326.172,-73.714946
223734472.656,-73.659805
223734619.141,-73.703546
223734765.625,-73.836523
223734912.109,-73.940438
223735058.594,-74.117487
223735205.078,-74.142447
223735351.562,-73.916174
223735498.047,-74.088339
223735644.531,-74.557363
223735791.016,-74.642942
223735937.500,-74.668511
223736083.984,-74.517036
223736230.469,-74.541875
223736376.953,-74.419288
223736523.438,-74.418423
223736669.922,-74.206942
223736816.406,-74.550540
223736962.891,-74.650463
223737109.375,-74.917804
223737255.859,-75.107714
223737402.344,-75.286821
223737548.828,-74.958630
223737695.312,-75.046007
223737841.797,-74.966712
223737988.281,-74.777575
223738134.766,-74.496652
223738281.250,-74.312380
223738427.734,-74.211723
223738574.219,-74.088648
223738720.703,-74.093558
223738867.188,-74.156365
223739013.672,-74.322894
223739160.156,-74.859143
223739306.641,-74.735055
223739453.125,-74.676398
223739599.609,-74.737017
223739746.094,-74.756159
223739892.578,-75.139349
223740039.062,-75.482378
223740185.547,-75.360620
223740332.031,-74.947735
223740478.516,-74.864293
223740625.000,-75.056185
223740771.484,-74.753262
223740917.969,-74.952280
223741064.453,-75.212948
223741210.938,-75.084746
223741357.422,-74.939670
223741503.906,-74.720176
223741650.391,-74.700443
223741796.875,-74.629336
223741943.359,-74.615735
223742089.844,-74.913706
223742236.328,-74.660488
223742382.812,-74.298730
223742529.297,-74.268957
223742675.781,-74.317663
223742822.266,-74.558606
223742968.750,-74.745659
223743115.234,-74.873021
223743261.719,-74.865661
223743408.203,-74.638947
223743554.688,-74.543369
223743701.172,-74.399595
223743847.656,-74.832442
223743994.141,-75.073287
223744140.625,-75.194908
223744287.109,-75.169780
223744433.594,-75.087426
223744580.078,-74.875801
223744726.562,-75.193912
223744873.047,-75.369511
223745019.531,-75.217358
223745166.016,-74.867067
223745312.500,-74.840889
223745458.984,-74.785143
223745605.469,-74.787861
223745751.953,-74.968403
223745898.438,-74.944434
223746044.922,-74.920464
223746191.406,-74.931469
223746337.891,-75.052714
223746484.375,-75.127833
223746630.859,-75.245503
223746777.344,-75.236699
223746923.828,-75.006262
223747070.312,-74.915880
223747216.797,-75.076747
223747363.281,-75.375033
223747509.766,-75.423647
223747656.250,-75.270923
223747802.734,-74.902557
223747949.219,-74.725518
223748095.703,-75.096945
223748242.188,-75.551895
223748388.672,-75.116243
223748535.156,-74.634209
223748681.641,-74.202999
223748828.125,-73.881640
223748974.609,-74.497483
223749121.094,-74.677627
223749267.578,-72.827434
223749414.062,-70.673446
223749560.547,-68.525620
223749707.031,-67.048684
223749853.516,-66.659680
223750000.000,-66.835001
223750146.484,-67.584643
223750292.969,-69.300158
223750439.453,-71.770497
223750585.938,-74.388204
223750732.422,-75.324630
223750878.906,-74.823231
223751025.391,-74.447152
223751171.875,-74.499461
223751318.359,-75.123283
223751464.844,-75.495344
223751611.328,-75.708348
223751757.812,-75.583516
223751904.297,-75.272044
223752050.781,-75.504270
223752197.266,-75.891124
223752343.750,-76.225157
223752490.234,-76.006132
223752636.719,-75.655552
223752783.203,-75.788629
223752929.688,-75.920772
223753076.172,-76.258484
223753222.656,-76.546220
223753369.141,-76.371337
223753515.625,-76.378918
223753662.109,-76.178956
223753808.594,-76.158870
223753955.078,-76.541194
223754101.562,-76.580470
223754248.047,-76.491227
223754394.531,-76.421998
223754541.016,-76.664065
223754687.500,-76.863201
223754833.984,-76.725318
223754980.469,-76.628724
223755126.953,-76.663500
223755273.438,-76.737845
223755419.922,-76.549795
223755566.406,-76.745605
223755712.891,-76.910987
223755859.375,-76.944846
223756005.859,-76.835101
223756152.344,-76.754512
223756298.828,-77.078173
223756445.312,-77.060788
223756591.797,-76.927559
223756738.281,-76.921757
223756884.766,-76.653486
223757031.250,-76.772921
223757177.734,-77.112120
223757324.219,-77.070177
223757470.703,-76.858463
223757617.188,-77.051887
223757763.672,-77.124531
223757910.156,-77.223283
223758056.641,-77.083186
223758203.125,-77.102222
223758349.609,-77.003960
223758496.094,-77.148906
223758642.578,-77.314255
223758789.062,-77.171760
223758935.547,-77.304606
223759082.031,-77.392547
223759228.516,-77.268434
223759375.000,-77.274531
223759521.484,-77.397787
223759667.969,-77.291179
223759814.453,-77.308873
223759960.938,-77.255745
223760107.422,-77.227163
223760253.906,-77.150433
223760400.391,-77.462732
223760546.875,-77.467606
223760693.359,-77.490420
223760839.844,-77.354177
223760986.328,-77.003674
223761132.812,-77.104749
223761279.297,-77.280151
223761425.781,-77.154111
223761572.266,-77.022136
223761718.750,-76.865216
223761865.234,-77.266975
223762011.719,-77.388426
223762158.203,-77.299683
223762304.688,-77.098737
223762451.172,-77.082921
223762597.656,-77.327917
223762744.141,-77.213333
223762890.625,-77.314279
223763037.109,-77.351730
223763183.594,-77.402144
223763330.078,-77.049587
223763476.562,-77.032203
223763623.047,-77.105641
223763769.531,-77.311330
223763916.016,-77.424323
223764062.500,-77.388705
223764208.984,-77.456283
223764355.469,-77.179477
223764501.953,-77.053271
223764648.438,-77.151125
223764794.922,-76.995752
223764941.406,-77.083030
223765087.891,-77.118497
223765234.375,-77.039012
223765380.859,-76.919245
223765527.344,-77.066192
223765673.828,-76.969291
223765820.312,-77.160076
223765966.797,-77.116473
223766113.281,-77.143502
223766259.766,-77.208604
223766406.250,-77.089960
223766552.734,-77.006184
223766699.219,-77.063175
223766845.703,-77.133545
223766992.188,-77.334164
223767138.672,-77.229562
223767285.156,-77.258615
223767431.641,-77.064073
223767578.125,-77.065411
223767724.609,-76.968093
223767871.094,-77.068064
223768017.578,-76.984970
223768164.062,-77.219263
223768310.547,-77.108842
223768457.031,-76.913137
223768603.516,-76.976620
223768750.000,-76.889546
223768896.484,-77.064706
223769042.969,-77.197350
223769189.453,-76.922913
223769335.938,-77.018690
223769482.422,-77.133171
223769628.906,-76.835400
223769775.391,-76.855555
223769921.875,-77.040935
223770068.359,-77.008115
223770214.844,-76.713052
223770361.328,-76.626856
223770507.812,-76.654944
223770654.297,-76.240137
223770800.781,-76.387758
223770947.266,-76.448532
223771093.750,-76.672024
223771240.234,-76.859997
223771386.719,-77.024976
223771533.203,-77.132326
223771679.688,-76.708315
223771826.172,-76.753257
223771972.656,-76.670400
223772119.141,-76.487564
223772265.625,-76.573426
223772412.109,-76.761418
223772558.594,-76.962766
223772705.078,-76.979773
223772851.562,-76.627029
223772998.047,-76.735962
223773144.531,-76.956766
223773291.016,-76.971361
223773437.500,-76.912704
223773583.984,-76.866160
223773730.469,-76.699898
223773876.953,-76.587864
223774023.438,-76.525007
223774169.922,-76.522730
223774316.406,-76.666870
223774462.891,-76.647908
223774609.375,-76.562005
223774755.859,-76.451152
223774902.344,-76.572128
223775048.828,-76.642929
223775195.312,-76.387937
223775341.797,-76.492406
223775488.281,-76.809486
223775634.766,-76.885671
223775781.250,-76.623062
223775927.734,-76.510973
223776074.219,-76.555108
223776220.703,-76.707678
223776367.188,-76.855997
223776513.672,-76.906486
223776660.156,-76.809202
223776806.641,-76.754498
223776953.125,-76.964885
223777099.609,-77.030720
223777246.094,-77.073531
223777392.578,-77.060194
223777539.062,-76.940193
223777685.547,-76.830670
223777832.031,-76.731351
223777978.516,-76.651539
223778125.000,-76.709959
223778271.484,-76.627799
223778417.969,-76.717821
223778564.453,-76.637046
223778710.938,-76.766896
223778857.422,-76.975918
223779003.906,-76.926820
223779150.391,-76.772102
223779296.875,-76.776230
223779443.359,-76.672219
223779589.844,-76.428551
223779736.328,-76.691648
223779882.812,-76.767000
223780029.297,-76.993480
223780175.781,-76.877816
223780322.266,-76.648967
223780468.750,-76.901628
223780615.234,-76.948823
223780761.719,-76.992311
223780908.203,-76.753941
223781054.688,-76.703416
223781201.172,-76.652775
223781347.656,-76.571279
223781494.141,-76.820989
223781640.625,-76.879954
223781787.109,-76.741092
223781933.594,-76.603420
223782080.078,-76.804111
223782226.562,-77.055767
223782373.047,-76.913453
223782519.531,-76.875496
223782666.016,-76.837955
223782812.500,-76.651310
223782958.984,-76.792213
223783105.469,-76.463433
223783251.953,-76.399950
223783398.438,-76.550354
223783544.922,-76.320550
223783691.406,-76.204510
223783837.891,-76.365503
223783984.375,-76.606666
223784130.859,-76.537925
223784277.344,-76.250361
223784423.828,-76.280886
223784570.312,-76.207790
223784716.797,-75.984519
223784863.281,-76.273702
223785009.766,-76.390981
223785156.250,-76.364109
223785302.734,-76.546851
223785449.219,-76.580988
223785595.703,-76.473329
223785742.188,-76.491931
223785888.672,-76.607779
223786035.156,-76.827401
223786181.641,-76.606241
223786328.125,-76.580616
223786474.609,-76.336640
223786621.094,-76.164262
223786767.578,-76.500051
223786914.062,-76.407451
223787060.547,-76.159129
223787207.031,-76.129124
223787353.516,-76.127856
223787500.000,-75.819846
223787646.484,-76.057281
223787792.969,-75.956098
223787939.453,-76.253173
223788085.938,-76.224347
223788232.422,-76.378331
223788378.906,-76.484046
223788525.391,-76.092184
223788671.875,-75.976913
223788818.359,-76.225346
223788964.844,-76.154471
223789111.328,-76.294984
223789257.812,-76.379269
223789404.297,-76.201904
223789550.781,-76.318753
223789697.266,-76.248762
223789843.750,-76.433072
223789990.234,-76.604218
223790136.719,-76.532668
223790283.203,-76.200153
223790429.688,-76.139896
223790576.172,-75.891369
223790722.656,-75.726986
223790869.141,-75.941574
223791015.625,-75.904819
223791162.109,-75.221776
223791308.594,-75.115481
223791455.078,-75.053342
223791601.562,-74.956744
223791748.047,-75.039443
223791894.531,-74.985665
223792041.016,-75.346983
223792187.500,-75.338371
223792333.984,-75.496923
223792480.469,-75.369386
223792626.953,-75.197303
223792773.438,-75.581940
223792919.922,-75.300898
223793066.406,-75.160071
223793212.891,-75.425968
223793359.375,-75.414960
223793505.859,-75.740179
223793652.344,-76.110643
223793798.828,-76.009369
223793945.312,-76.040910
223794091.797,-75.800517
223794238.281,-75.331500
223794384.766,-75.676291
223794531.250,-75.709763
223794677.734,-75.196927
223794824.219,-75.316653
223794970.703,-75.573576
223795117.188,-75.766052
223795263.672,-75.585596
223795410.156,-75.171078
223795556.641,-75.063385
223795703.125,-75.301046
223795849.609,-75.201319
223795996.094,-75.044787
223796142.578,-75.254609
223796289.062,-75.125537
223796435.547,-74.866850
223796582.031,-74.823549
223796728.516,-74.598564
223796875.000,-74.349791
223797021.484,-74.152506
223797167.969,-74.006650
223797314.453,-74.356541
223797460.938,-74.755947
223797607.422,-74.730978
223797753.906,-74.969331
223797900.391,-75.170152
223798046.875,-74.971820
223798193.359,-74.840880
223798339.844,-75.046224
223798486.328,-75.438248
223798632.812,-75.463932
223798779.297,-75.053892
223798925.781,-74.892583
223799072.266,-75.176867
223799218.750,-75.168724
223799365.234,-75.225740
223799511.719,-74.905826
223799658.203,-74.808042
223799804.688,-75.030781
223799951.172,-74.707670
223800097.656,-75.251601
223800244.141,-75.154873
223800390.625,-75.037200
223800537.109,-74.766815
223800683.594,-74.919385
223800830.078,-75.140613
223800976.562,-75.171589
223801123.047,-75.353347
223801269.531,-75.532913
223801416.016,-75.683960
223801562.500,-75.545839
223801708.984,-75.590559
223801855.469,-75.437626
223802001.953,-75.451720
223802148.438,-75.351406
223802294.922,-75.439317
223802441.406,-75.302237
223802587.891,-75.117265
223802734.375,-75.068930
223802880.859,-75.248690
223803027.344,-75.097896
223803173.828,-75.202201
223803320.312,-75.230696
223803466.797,-75.396305
223803613.281,-75.160305
223803759.766,-74.908848
223803906.250,-75.043226
223804052.734,-74.906430
223804199.219,-75.016122
223804345.703,-75.131876
223804492.188,-75.240098
223804638.672,-75.472793
223804785.156,-75.356627
223804931.641,-75.088923
223805078.125,-75.307928
223805224.609,-75.020526
223805371.094,-74.887873
223805517.578,-74.758309
223805664.062,-74.908386
223805810.547,-74.955489
223805957.031,-74.851162
223806103.516,-74.907440
223806250.000,-74.781636
223806396.484,-74.599298
223806542.969,-74.527322
223806689.453,-74.812949
223806835.938,-74.981952
223806982.422,-75.230711
223807128.906,-75.243472
223807275.391,-75.425405
223807421.875,-75.614937
223807568.359,-75.632671
223807714.844,-75.040986
223807861.328,-74.913954
223808007.812,-75.272984
223808154.297,-75.214852
223808300.781,-75.157190
223808447.266,-74.719028
223808593.750,-74.599861
223808740.234,-74.832851
223808886.719,-74.947293
223809033.203,-75.000351
223809179.688,-75.132387
223809326.172,-74.735778
223809472.656,-74.841144
223809619.141,-74.992742
223809765.625,-74.954166
223809912.109,-74.995923
223810058.594,-74.890810
223810205.078,-74.649119
223810351.562,-75.035237
223810498.047,-75.511626
223810644.531,-75.191815
223810791.016,-75.313233
223810937.500,-75.438917
223811083.984,-75.180042
223811230.469,-75.120640
223811376.953,-75.309730
223811523.438,-75.107457
223811669.922,-74.860568
223811816.406,-74.686037
223811962.891,-74.604365
223812109.375,-74.690634
223812255.859,-74.772570
223812402.344,-74.545030
223812548.828,-74.612767
223812695.312,-74.728460
223812841.797,-74.848899
223812988.281,-75.137996
223813134.766,-75.345894
223813281.250,-75.217271
223813427.734,-75.209453
223813574.219,-75.273914
223813720.703,-75.262742
223813867.188,-75.208636
223814013.672,-75.226616
223814160.156,-75.197527
223814306.641,-75.289507
223814453.125,-75.352464
223814599.609,-75.578654
223814746.094,-75.695529
223814892.578,-75.788566
223815039.062,-75.809490
223815185.547,-75.575680
223815332.031,-75.602824
223815478.516,-75.997066
223815625.000,-76.125406
223815771.484,-75.692337
223815917.969,-75.398961
223816064.453,-75.641274
223816210.938,-75.770294
223816357.422,-75.918969
223816503.906,-76.260582
223816650.391,-76.107220
223816796.875,-75.913234
223816943.359,-75.988315
223817089.844,-76.455689
223817236.328,-76.429994
223817382.812,-76.410396
223817529.297,-76.406640
223817675.781,-76.035011
223817822.266,-76.070738
223817968.750,-76.304628
223818115.234,-76.202905
223818261.719,-75.875103
223818408.203,-75.949018
223818554.688,-76.450435
223818701.172,-76.338084
223818847.656,-76.250708
223818994.141,-76.414722
223819140.625,-76.432053
223819287.109,-76.383081
223819433.594,-76.396673
223819580.078,-76.394004
223819726.562,-76.388236
223819873.047,-76.491434
223820019.531,-76.632167
223820166.016,-76.663354
223820312.500,-76.348215
223820458.984,-76.286953
223820605.469,-76.295325
223820751.953,-76.387040
223820898.438,-76.486060
223821044.922,-76.496914
223821191.406,-76.444021
223821337.891,-76.669315
223821484.375,-76.684562
223821630.859,-76.666692
223821777.344,-76.619183
223821923.828,-76.914588
223822070.312,-76.673409
223822216.797,-76.482850
223822363.281,-76.435910
223822509.766,-76.254708
223822656.250,-75.942322
223822802.734,-75.865466
223822949.219,-76.216745
223823095.703,-76.345139
223823242.188,-76.392821
223823388.672,-76.127299
223823535.156,-76.140303
223823681.641,-76.479446
223823828.125,-76.538302
223823974.609,-76.364558
223824121.094,-76.414835
223824267.578,-76.214676
223824414.062,-76.483542
223824560.547,-76.392831
223824707.031,-76.533639
223824853.516,-76.500017
223825000.000,-76.190122
223825146.484,-76.141976
223825292.969,-76.241737
223825439.453,-76.441615
223825585.938,-76.535300
223825732.422,-76.356729
223825878.906,-76.291967
223826025.391,-76.350990
223826171.875,-76.463217
223826318.359,-76.712550
223826464.844,-76.530834
223826611.328,-76.509764
223826757.812,-76.328534
223826904.297,-76.456907
223827050.781,-76.830171
223827197.266,-76.536055
223827343.750,-76.146416
223827490.234,-76.102133
223827636.719,-76.276585
223827783.203,-76.326719
223827929.688,-76.350596
223828076.172,-76.543514
223828222.656,-76.630662
223828369.141,-76.535319
223828515.625,-76.485840
223828662.109,-76.138943
223828808.594,-76.320451
223828955.078,-76.511485
223829101.562,-76.350590
223829248.047,-76.261692
223829394.531,-76.480066
223829541.016,-76.494405
223829687.500,-76.069304
223829833.984,-76.123459
223829980.469,-76.125896
223830126.953,-76.450074
223830273.438,-76.726049
223830419.922,-76.530528
223830566.406,-76.353883
223830712.891,-76.329867
223830859.375,-76.098402
223831005.859,-76.150672
223831152.344,-76.435940
223831298.828,-76.432879
223831445.312,-76.617181
223831591.797,-76.715017
223831738.281,-76.690099
223831884.766,-76.492319
223832031.250,-76.461641
223832177.734,-76.402262
223832324.219,-76.239721
223832470.703,-76.052543
223832617.188,-76.024212
223832763.672,-75.935693
223832910.156,-75.673627
223833056.641,-75.245669
223833203.125,-75.016304
223833349.609,-75.482890
223833496.094,-75.352572
223833642.578,-75.694892
223833789.062,-75.976638
223833935.547,-75.796045
223834082.031,-75.877104
223834228.516,-75.733460
223834375.000,-75.678458
223834521.484,-75.721328
223834667.969,-75.920989
223834814.453,-76.270072
223834960.938,-76.233116
223835107.422,-76.049016
223835253.906,-75.943292
223835400.391,-76.149754
223835546.875,-75.836577
223835693.359,-75.842339
223835839.844,-75.967568
223835986.328,-76.035106
223836132.812,-75.778974
223836279.297,-75.798473
223836425.781,-75.842197
223836572.266,-75.975268
223836718.750,-75.946303
223836865.234,-75.877356
223837011.719,-76.124106
223837158.203,-76.000682
223837304.688,-75.934362
223837451.172,-76.144930
223837597.656,-76.295487
223837744.141,-76.273509
223837890.625,-76.144830
223838037.109,-76.031295
223838183.594,-75.991969
223838330.078,-75.699692
223838476.562,-75.831653
223838623.047,-76.106129
223838769.531,-76.102547
223838916.016,-76.037132
223839062.500,-76.099303
223839208.984,-75.978201
223839355.469,-75.852412
223839501.953,-75.726713
223839648.438,-75.517539
223839794.922,-76.017873
223839941.406,-76.023595
223840087.891,-75.767586
223840234.375,-75.424368
223840380.859,-75.412330
223840527.344,-75.872553
223840673.828,-75.666981
223840820.312,-75.517690
223840966.797,-75.629686
223841113.281,-76.036656
223841259.766,-76.303385
223841406.250,-75.862386
223841552.734,-75.676052
223841699.219,-75.915962
223841845.703,-76.270124
223841992.188,-75.987077
223842138.672,-75.478172
223842285.156,-75.754425
223842431.641,-75.971740
223842578.125,-75.757008
223842724.609,-75.990482
223842871.094,-76.164703
223843017.578,-76.427242
223843164.062,-76.275447
223843310.547,-76.149413
223843457.031,-75.741391
223843603.516,-75.746091
223843750.000,-75.607092
223843896.484,-75.787635
223844042.969,-75.733584
223844189.453,-75.745310
223844335.938,-75.475117
223844482.422,-75.450562
223844628.906,-75.563809
223844775.391,-75.686675
223844921.875,-75.786479
223845068.359,-75.634906
223845214.844,-75.764233
223845361.328,-75.816849
223845507.812,-75.506724
223845654.297,-75.387369
223845800.781,-75.479458
223845947.266,-75.584795
223846093.750,-75.290274
223846240.234,-75.098951
223846386.719,-75.472569
223846533.203,-75.500138
223846679.688,-75.452431
223846826.172,-75.499910
223846972.656,-75.570757
223847119.141,-75.538845
223847265.625,-75.538596
223847412.109,-75.715595
223847558.594,-76.008722
223847705.078,-75.963174
223847851.562,-75.863583
223847998.047,-75.693093
223848144.531,-75.493026
223848291.016,-75.429285
223848437.500,-75.618699
223848583.984,-75.814643
223848730.469,-75.620278
223848876.953,-75.589669
223849023.438,-75.596568
223849169.922,-75.613837
223849316.406,-75.739054
223849462.891,-75.534606
223849609.375,-75.660538
223849755.859,-75.293554
223849902.344,-75.320897
223850048.828,-75.236514
223850195.312,-74.962795
223850341.797,-74.808669
223850488.281,-74.619344
223850634.766,-74.535445
223850781.250,-74.749764
223850927.734,-75.022592
223851074.219,-75.199642
223851220.703,-75.613414
223851367.188,-75.507347
223851513.672,-75.139942
223851660.156,-75.247520
223851806.641,-75.076305
223851953.125,-74.753949
223852099.609,-74.863476
223852246.094,-75.109796
223852392.578,-74.987999
223852539.062,-74.844057
223852685.547,-74.733015
223852832.031,-74.844766
223852978.516,-75.137158
223853125.000,-75.292325
223853271.484,-75.090515
223853417.969,-74.230399
223853564.453,-71.995766
223853710.938,-69.793571
223853857.422,-68.738772
223854003.906,-68.070147
223854150.391,-68.031760
223854296.875,-68.759039
223854443.359,-70.172128
223854589.844,-71.860196
223854736.328,-73.416063
223854882.812,-74.734815
223855029.297,-74.827201
223855175.781,-74.558436
223855322.266,-74.309919
223855468.750,-74.896207
223855615.234,-75.670764
223855761.719,-75.631559
223855908.203,-75.369926
223856054.688,-74.873141
223856201.172,-75.113589
223856347.656,-75.121215
223856494.141,-74.846171
223856640.625,-74.886414
223856787.109,-75.164823
223856933.594,-74.916263
223857080.078,-75.090750
223857226.562,-75.143708
223857373.047,-75.185015
223857519.531,-75.375008
223857666.016,-75.441112
223857812.500,-75.326734
223857958.984,-75.192381
223858105.469,-74.978518
223858251.953,-75.199194
223858398.438,-75.093006
223858544.922,-74.625074
223858691.406,-74.445748
223858837.891,-74.157502
223858984.375,-73.778147
223859130.859,-74.229935
223859277.344,-74.562893
223859423.828,-74.416505
223859570.312,-74.565720
223859716.797,-74.714304
223859863.281,-74.507091
223860009.766,-74.541187
223860156.250,-74.737018
223860302.734,-74.494542
223860449.219,-74.406433
223860595.703,-74.603569
223860742.188,-74.772764
223860888.672,-75.154126
223861035.156,-75.667638
223861181.641,-75.523213
223861328.125,-75.051880
223861474.609,-75.101862
223861621.094,-75.323325
223861767.578,-75.419256
223861914.062,-75.168394
223862060.547,-74.976029
223862207.031,-74.887403
223862353.516,-74.861612
223862500.000,-74.902044
223862646.484,-74.630587
223862792.969,-74.576530
223862939.453,-74.725334
223863085.938,-75.135030
223863232.422,-75.606546
223863378.906,-75.348596
223863525.391,-75.413660
223863671.875,-75.180108
223863818.359,-75.183279
223863964.844,-75.067513
223864111.328,-74.924773
223864257.812,-75.123293
223864404.297,-75.274196
223864550.781,-75.352245
223864697.266,-75.519110
223864843.750,-75.599394
223864990.234,-75.487217
223865136.719,-75.750666
223865283.203,-75.483576
223865429.688,-75.528787
223865576.172,-75.527717
223865722.656,-75.511678
223865869.141,-75.389729
223866015.625,-75.392266
223866162.109,-75.176103
223866308.594,-74.725079
223866455.078,-74.691754
223866601.562,-74.717614
223866748.047,-74.795338
223866894.531,-75.114258
223867041.016,-75.051796
223867187.500,-74.782026
223867333.984,-74.794657
223867480.469,-74.918391
223867626.953,-75.122754
223867773.438,-74.958810
223867919.922,-74.750249
223868066.406,-74.856998
223868212.891,-75.024312
223868359.375,-74.947582
223868505.859,-74.684567
223868652.344,-74.629546
223868798.828,-74.981612
223868945.312,-75.084319
223869091.797,-75.104387
223869238.281,-74.911528
223869384.766,-75.180305
223869531.250,-75.435276
223869677.734,-75.278975
223869824.219,-75.025175
223869970.703,-74.981423
223870117.188,-75.104759
223870263.672,-74.982496
223870410.156,-74.990762
223870556.641,-74.514109
223870703.125,-74.160243
223870849.609,-74.218674
223870996.094,-74.176471
223871142.578,-73.826199
223871289.062,-74.028802
223871435.547,-74.485768
223871582.031,-74.606007
223871728.516,-74.354105
223871875.000,-74.737445
223872021.484,-75.012679
223872167.969,-75.125860
223872314.453,-75.371316
223872460.938,-75.405590
223872607.422,-75.346220
223872753.906,-75.095825
223872900.391,-74.903568
223873046.875,-74.632861
223873193.359,-74.354779
223873339.844,-74.517977
223873486.328,-75.013335
223873632.812,-74.981012
223873779.297,-74.937155
223873925.781,-75.073325
223874072.266,-75.042281
223874218.750,-75.046314
223874365.234,-74.826749
223874511.719,-74.584475
223874658.203,-74.368942
223874804.688,-74.237292
223874951.172,-73.855658
223875097.656,-73.815618
223875244.141,-73.957422
223875390.625,-74.357888
223875537.109,-74.914801
223875683.594,-75.215739
223875830.078,-75.070309
223875976.562,-75.142020
223876123.047,-75.083265
223876269.531,-74.796207
223876416.016,-75.107269
223876562.500,-74.907084
223876708.984,-74.889603
223876855.469,-74.926792
223877001.953,-74.800935
223877148.438,-74.754155
223877294.922,-74.795208
223877441.406,-75.424137
223877587.891,-75.548386
223877734.375,-75.292263
223877880.859,-75.444532
223878027.344,-75.740337
223878173.828,-75.818381
223878320.312,-75.701438
223878466.797,-75.766954
223878613.281,-75.761952
223878759.766,-75.981237
223878906.250,-75.373678
223879052.734,-75.248484
223879199.219,-75.489031
223879345.703,-75.641810
223879492.188,-75.679692
223879638.672,-75.669799
223879785.156,-75.721251
223879931.641,-75.682014
223880078.125,-75.823273
223880224.609,-75.909394
223880371.094,-75.879492
223880517.578,-75.883754
223880664.062,-75.829706
223880810.547,-75.723816
223880957.031,-75.302118
223881103.516,-75.416094
223881250.000,-75.426698
223881396.484,-75.834816
223881542.969,-76.105519
223881689.453,-76.040316
223881835.938,-76.211829
223881982.422,-76.374679
223882128.906,-76.102547
223882275.391,-76.164340
223882421.875,-76.178443
223882568.359,-76.449749
223882714.844,-76.492153
223882861.328,-76.256425
223883007.812,-75.990578
223883154.297,-76.030512
223883300.781,-76.015780
223883447.266,-75.929591
223883593.750,-75.948537
223883740.234,-75.728678
223883886.719,-75.579517
223884033.203,-75.915596
223884179.688,-76.208800
223884326.172,-76.163369
223884472.656,-76.180006
223884619.141,-76.235286
223884765.625,-76.007850
223884912.109,-76.113657
223885058.594,-76.336018
223885205.078,-76.086720
223885351.562,-75.949527
223885498.047,-75.831983
223885644.531,-75.846291
223885791.016,-75.785040
223885937.500,-76.037961
223886083.984,-76.288340
223886230.469,-76.319151
223886376.953,-76.295595
223886523.438,-76.263007
223886669.922,-76.275599
223886816.406,-76.238324
223886962.891,-76.313151
223887109.375,-76.027307
223887255.859,-76.031516
223887402.344,-76.071985
223887548.828,-76.134027
223887695.312,-76.056989
223887841.797,-75.849672
223887988.281,-76.156076
223888134.766,-76.310316
223888281.250,-76.297074
223888427.734,-76.399688
223888574.219,-76.458261
223888720.703,-76.437819
223888867.188,-76.545927
223889013.672,-76.368557
223889160.156,-76.523357
223889306.641,-76.599182
223889453.125,-76.272932
223889599.609,-76.005811
223889746.094,-76.034236
223889892.578,-76.188666
223890039.062,-76.416921
223890185.547,-76.137639
223890332.031,-76.190685
223890478.516,-76.249157
223890625.000,-76.540179
223890771.484,-76.381370
223890917.969,-76.218253
223891064.453,-76.376635
223891210.938,-76.581459
223891357.422,-76.540860
223891503.906,-76.158545
223891650.391,-76.101716
223891796.875,-76.393723
223891943.359,-76.660082
223892089.844,-76.426550
223892236.328,-76.226097
223892382.812,-76.455883
223892529.297,-76.337843
223892675.781,-76.309545
223892822.266,-76.250152
223892968.750,-76.315424
223893115.234,-76.143029
223893261.719,-76.175267
223893408.203,-76.358321
223893554.688,-76.525514
223893701.172,-76.575899
223893847.656,-76.515594
223893994.141,-76.790996
223894140.625,-76.712103
223894287.109,-76.509463
223894433.594,-76.314828
223894580.078,-76.408714
223894726.562,-76.679354
223894873.047,-76.736630
223895019.531,-76.497288
223895166.016,-76.152924
223895312.500,-76.105035
223895458.984,-76.133469
223895605.469,-76.085932
223895751.953,-76.056538
223895898.438,-76.215602
223896044.922,-76.362766
223896191.406,-76.420962
223896337.891,-76.279249
223896484.375,-76.291958
223896630.859,-76.460451
223896777.344,-76.284769
223896923.828,-76.378293
223897070.312,-76.521134
223897216.797,-76.507275
223897363.281,-76.386549
223897509.766,-76.337380
223897656.250,-76.281910
223897802.734,-76.604255
223897949.219,-76.469018
223898095.703,-76.592279
223898242.188,-76.642662
223898388.672,-76.487983
223898535.156,-76.722975
223898681.641,-76.574911
223898828.125,-76.608963
223898974.609,-76.557701
223899121.094,-76.539146
223899267.578,-76.674320
223899414.062,-76.719202
223899560.547,-76.731097
223899707.031,-76.951942
223899853.516,-76.829945
223900000.000,-76.545970
223900146.484,-76.651404
223900292.969,-76.836311
223900439.453,-77.014643
223900585.938,-77.029635
223900732.422,-76.845838
223900878.906,-76.770657
223901025.391,-76.806296
223901171.875,-76.779914
223901318.359,-76.700605
223901464.844,-76.619960
223901611.328,-76.608547
223901757.812,-76.633754
223901904.297,-76.758989
223902050.781,-77.019635
223902197.266,-77.004041
223902343.750,-76.819025
223902490.234,-76.929056
223902636.719,-76.712092
223902783.203,-76.828324
223902929.688,-76.930205
223903076.172,-76.680484
223903222.656,-76.674596
223903369.141,-76.554199
223903515.625,-76.769830
223903662.109,-76.867219
223903808.594,-76.672937
223903955.078,-76.823180
223904101.562,-77.062691
223904248.047,-76.693119
223904394.531,-76.690716
223904541.016,-77.023509
223904687.500,-76.945943
223904833.984,-77.244933
223904980.469,-77.098895
223905126.953,-76.992677
223905273.438,-77.058062
223905419.922,-76.839877
223905566.406,-76.738347
223905712.891,-76.768822
223905859.375,-76.960433
223906005.859,-76.685498
223906152.344,-77.031764
223906298.828,-76.704317
223906445.312,-76.558712
223906591.797,-76.754449
223906738.281,-76.537276
223906884.766,-76.763906
223907031.250,-76.698901
223907177.734,-76.705142
223907324.219,-76.568326
223907470.703,-76.454780
223907617.188,-76.522164
223907763.672,-76.679375
223907910.156,-76.694744
223908056.641,-76.635415
223908203.125,-76.396729
223908349.609,-76.030203
223908496.094,-76.009448
223908642.578,-76.072225
223908789.062,-76.172752
223908935.547,-76.221633
223909082.031,-75.999587
223909228.516,-75.840304
223909375.000,-75.952878
223909521.484,-76.371475
223909667.969,-76.309534
223909814.453,-76.163535
223909960.938,-76.200454
223910107.422,-76.210769
223910253.906,-76.320186
223910400.391,-76.455823
223910546.875,-76.196863
223910693.359,-76.086379
223910839.844,-76.049864
223910986.328,-75.875907
223911132.812,-75.902829
223911279.297,-76.114308
223911425.781,-76.337599
223911572.266,-76.134587
223911718.750,-76.066808
223911865.234,-76.233629
223912011.719,-75.973754
223912158.203,-76.172898
223912304.688,-76.181397
223912451.172,-75.632633
223912597.656,-75.367208
223912744.141,-75.597000
223912890.625,-75.823475
223913037.109,-75.871798
223913183.594,-75.726182
223913330.078,-75.772922
223913476.562,-75.728166
223913623.047,-75.359769
223913769.531,-75.606172
223913916.016,-75.995630
223914062.500,-75.588698
223914208.984,-75.538584
223914355.469,-75.943220
223914501.953,-76.078326
223914648.438,-75.981761
223914794.922,-75.908582
223914941.406,-76.088926
223915087.891,-75.949333
223915234.375,-75.697983
223915380.859,-75.538914
223915527.344,-75.722069
223915673.828,-75.862916
223915820.312,-75.879589
223915966.797,-75.962822
223916113.281,-75.632748
223916259.766,-75.466295
223916406.250,-75.412355
223916552.734,-75.253456
223916699.219,-75.025204
223916845.703,-75.047002
223916992.188,-75.067053
223917138.672,-75.219839
223917285.156,-75.384795
223917431.641,-75.431160
223917578.125,-75.654592
223917724.609,-75.195877
223917871.094,-75.229097
223918017.578,-75.227998
223918164.062,-75.308867
223918310.547,-75.433280
223918457.031,-75.318951
223918603.516,-75.265355
223918750.000,-75.359067
223918896.484,-75.443173
223919042.969,-75.307757
223919189.453,-75.349902
223919335.938,-75.364427
223919482.422,-75.563182
223919628.906,-75.564751
223919775.391,-75.908720
223919921.875,-75.889536
223920068.359,-75.786201
223920214.844,-75.507732
223920361.328,-75.114415
223920507.812,-74.912614
223920654.297,-74.647027
223920800.781,-74.799490
223920947.266,-74.359288
223921093.750,-74.071128
223921240.234,-74.276554
223921386.719,-74.442650
223921533.203,-74.844395
223921679.688,-74.828546
223921826.172,-74.880070
223921972.656,-74.881560
223922119.141,-74.609142
223922265.625,-74.702017
223922412.109,-74.856519
223922558.594,-74.375976
223922705.078,-74.481626
223922851.562,-74.793322
223922998.047,-74.863319
223923144.531,-74.991410
223923291.016,-75.040851
223923437.500,-75.063753
223923583.984,-74.708537
223923730.469,-74.659054
223923876.953,-74.753332
223924023.438,-74.490579
223924169.922,-74.741393
223924316.406,-74.755227
223924462.891,-74.445767
223924609.375,-74.688785
223924755.859,-74.924166
223924902.344,-74.971202
223925048.828,-75.095028
223925195.312,-75.274748
223925341.797,-75.431008
223925488.281,-75.154007
223925634.766,-75.288281
223925781.250,-75.616325
223925927.734,-75.417195
223926074.219,-75.382105
223926220.703,-75.295536
223926367.188,-75.269441
223926513.672,-75.118515
223926660.156,-74.875154
223926806.641,-74.447028
223926953.125,-74.403002
223927099.609,-74.651766
223927246.094,-74.769139
223927392.578,-74.986745
223927539.062,-75.294335
223927685.547,-75.172931
223927832.031,-75.373035
223927978.516,-75.483163
223928125.000,-75.549761
223928271.484,-75.427528
223928417.969,-75.114984
223928564.453,-74.856427
223928710.938,-74.508024
223928857.422,-74.854085
223929003.906,-74.701106
223929150.391,-74.829998
223929296.875,-74.954147
223929443.359,-74.795305
223929589.844,-75.024711
223929736.328,-75.667889
223929882.812,-75.546815
223930029.297,-75.268582
223930175.781,-75.400410
223930322.266,-75.397480
223930468.750,-75.170912
223930615.234,-74.971552
223930761.719,-74.641337
223930908.203,-74.782821
223931054.688,-74.594728
223931201.172,-74.771614
223931347.656,-74.700853
223931494.141,-74.703582
223931640.625,-75.331641
223931787.109,-75.284981
223931933.594,-74.910186
223932080.078,-75.166191
223932226.562,-75.161962
223932373.047,-75.089542
223932519.531,-75.236115
223932666.016,-75.067040
223932812.500,-74.814301
223932958.984,-74.939765
223933105.469,-75.069466
223933251.953,-75.304289
223933398.438,-75.014100
223933544.922,-75.078204
223933691.406,-75.219793
223933837.891,-74.798440
223933984.375,-74.967044
223934130.859,-75.510163
223934277.344,-75.494015
223934423.828,-75.406156
223934570.312,-75.313263
223934716.797,-74.822380
223934863.281,-74.810905
223935009.766,-74.809132
223935156.250,-75.134016
223935302.734,-74.971403
223935449.219,-74.890377
223935595.703,-74.946550
223935742.188,-74.983450
223935888.672,-75.040864
223936035.156,-74.974391
223936181.641,-74.559267
223936328.125,-74.884048
223936474.609,-75.134504
223936621.094,-74.954379
223936767.578,-74.799627
223936914.062,-74.801554
223937060.547,-74.763963
223937207.031,-74.632878
223937353.516,-74.266797
223937500.000,-73.856413
223937646.484,-74.274705
223937792.969,-74.834948
223937939.453,-75.114607
223938085.938,-74.824979
223938232.422,-74.974446
223938378.906,-75.215178
223938525.391,-75.305726
223938671.875,-75.346438
223938818.359,-75.233543
223938964.844,-75.215059
223939111.328,-75.167958
223939257.812,-75.179026
223939404.297,-75.130044
223939550.781,-75.439711
223939697.266,-75.707118
223939843.750,-75.722704
223939990.234,-75.546957
223940136.719,-75.300457
223940283.203,-75.513485
223940429.688,-75.336793
223940576.172,-75.532726
223940722.656,-75.760686
223940869.141,-75.734436
223941015.625,-75.775611
223941162.109,-75.646422
223941308.594,-75.805825
223941455.078,-75.639221
223941601.562,-75.462009
223941748.047,-75.930528
223941894.531,-76.478902
223942041.016,-76.202731
223942187.500,-76.081156
223942333.984,-76.041323
223942480.469,-76.169147
223942626.953,-76.239846
223942773.438,-76.350841
223942919.922,-75.841340
223943066.406,-75.923754
223943212.891,-76.016943
223943359.375,-75.928654
223943505.859,-75.788272
223943652.344,-75.731500
223943798.828,-75.911264
223943945.312,-75.937599
223944091.797,-75.951688
223944238.281,-75.935706
223944384.766,-76.098940
223944531.250,-76.161978
223944677.734,-76.141392
223944824.219,-76.293016
223944970.703,-76.420559
223945117.188,-76.223311
223945263.672,-75.879624
223945410.156,-75.825472
223945556.641,-76.045133
223945703.125,-75.989844
223945849.609,-75.935355
223945996.094,-76.001811
223946142.578,-76.019875
223946289.062,-75.624258
223946435.547,-75.877675
223946582.031,-75.994836
223946728.516,-75.822209
223946875.000,-75.921429
223947021.484,-76.066490
223947167.969,-75.883035
223947314.453,-75.730712
223947460.938,-75.719901
223947607.422,-76.019793
223947753.906,-76.158427
223947900.391,-75.851928
223948046.875,-75.869664
223948193.359,-75.888600
223948339.844,-76.044261
223948486.328,-75.957787
223948632.812,-75.679136
223948779.297,-75.614627
223948925.781,-75.562940
223949072.266,-75.444405
223949218.750,-75.301424
223949365.234,-75.476468
223949511.719,-75.622331
223949658.203,-75.944482
223949804.688,-76.034946
223949951.172,-76.026450
