frequency_hz,mean_power_per_hz,peak_power_per_hz,group_start_hz,group_end_hz
24902.34375,2.55094639033e-08,8.89388586072e-07,0,49804.6875
74901.5808105,4.13927978582e-09,4.1446338588e-08,50193.7866211,99609.375
124706.268311,2.95962965688e-09,3.38581649034e-08,99998.4741211,149414.0625
174510.955811,8.80117411249e-09,2.74146283979e-07,149803.161621,199218.75
224315.643311,6.44325646914e-09,1.81454452142e-07,199607.849121,249023.4375
274120.330811,1.12200726943e-08,1.25982581984e-07,249412.536621,298828.125
323925.018311,4.37909695805e-09,2.78917055033e-08,299217.224121,348632.8125
373729.705811,7.39018939585e-09,1.82419578057e-07,349021.911621,398437.5
423534.393311,5.78098987657e-09,1.57461204527e-07,398826.599121,448242.1875
473339.080811,2.4001487532e-09,1.21705954125e-08,448631.286621,498046.875
523143.768311,2.41147469943e-09,1.34972757195e-08,498435.974121,547851.5625
572948.455811,7.43655123007e-09,2.42427503193e-07,548240.661621,597656.25
622753.143311,4.39694862747e-09,1.29438349917e-07,598045.349121,647460.9375
672557.830811,2.01545626041e-09,1.00937602413e-08,647850.036621,697265.625
722362.518311,7.79187797063e-09,4.57452593985e-07,697654.724121,747070.3125
772167.205811,1.12947875188e-08,1.75567722141e-07,747459.411621,796875
821971.893311,7.99695814126e-09,1.54416360321e-07,797264.099121,846679.6875
871776.580811,3.19547928775e-09,1.68991812019e-08,847068.786621,896484.375
921581.268311,2.33710019593e-09,1.11981275473e-08,896873.474121,946289.0625
971385.955811,3.99292889761e-09,1.16417519573e-07,946678.161621,996093.75
1021190.64331,3.36739265646e-09,6.8087228144e-08,996482.849121,1045898.4375
1070995.33081,2.27149384736e-09,1.66108680012e-08,1046287.53662,1095703.125
1120800.01831,2.60469907386e-09,1.38171488639e-08,1096092.22412,1145507.8125
1170604.70581,7.51945776179e-09,1.87453191363e-07,1145896.91162,1195312.5
1220409.39331,7.36011988737e-09,8.82461276511e-08,1195701.59912,1245117.1875
1270214.08081,7.34541624318e-09,3.73454041842e-08,1245506.28662,1294921.875
1320018.76831,7.70147633775e-09,4.05771812291e-08,1295310.97412,1344726.5625
1369823.45581,8.35210752713e-09,1.53832864881e-07,1345115.66162,1394531.25
1419628.14331,5.3672406024e-09,8.77180623158e-08,1394920.34912,1444335.9375
1469432.83081,5.94262395505e-09,1.24925691514e-07,1444725.03662,1494140.625
1519237.51831,3.72811397986e-09,1.70236072092e-08,1494529.72412,1543945.3125
1569042.20581,5.7203340204e-09,9.05167556633e-08,1544334.41162,1593750
1618846.89331,4.32375786557e-09,9.33414450638e-08,1594139.09912,1643554.6875
1668651.58081,2.67597513534e-09,1.67747446165e-08,1643943.78662,1693359.375
1718456.26831,2.39233847312e-09,1.07035759303e-08,1693748.47412,1743164.0625
1768260.95581,7.16611120629e-09,2.52362615999e-07,1743553.16162,1792968.75
1818065.64331,3.02974965819e-09,5.36091375132e-08,1793357.84912,1842773.4375
1867870.33081,2.12563190238e-09,1.26385318579e-08,1843162.53662,1892578.125
1917675.01831,1.84833008888e-09,1.12925055175e-08,1892967.22412,1942382.8125
1967479.70581,2.87718837603e-09,6.51622481053e-08,1942771.91162,1992187.5
2017284.39331,3.44570994896e-09,2.65338651533e-08,1992576.59912,2041992.1875
2067089.08081,2.3107918883e-09,1.396685184e-08,2042381.28662,2091796.875
2116893.76831,2.18551121949e-09,9.23370434928e-09,2092185.97412,2141601.5625
2166698.45581,3.25156389111e-09,4.50569506069e-08,2141990.66162,2191406.25
2216503.14331,3.65477446098e-09,6.19775755814e-08,2191795.34912,2241210.9375
2266307.83081,3.26830626586e-09,2.62252783183e-08,2241600.03662,2291015.625
2316112.51831,3.39969837181e-09,1.49573526045e-08,2291404.72412,2340820.3125
2365917.20581,3.60243839021e-09,4.78223836806e-08,2341209.41162,2390625
2415721.89331,3.47074371507e-09,3.2060089399e-08,2391014.09912,2440429.6875
2465526.58081,3.02516375296e-09,2.06344001781e-08,2440818.78662,2490234.375
2515331.26831,2.42075223983e-09,1.13645685199e-08,2490623.47412,2540039.0625
2565135.95581,2.83847427472e-09,2.16656648528e-08,2540428.16162,2589843.75
2614940.64331,2.86327641906e-09,1.13927847316e-08,2590232.84912,2639648.4375
2664745.33081,3.3791284626e-09,1.4172302221e-08,2640037.53662,2689453.125
2714550.01831,3.89898859817e-09,2.54410497864e-08,2689842.22412,2739257.8125
2764354.70581,3.67286806196e-09,1.7549276969e-08,2739646.91162,2789062.5
2814159.39331,3.14627898848e-09,2.71334039823e-08,2789451.59912,2838867.1875
2863964.08081,3.54621224778e-09,2.35296599403e-08,2839256.28662,2888671.875
2913768.76831,2.40218359955e-09,1.62728138158e-08,2889060.97412,2938476.5625
2963573.45581,3.06997297783e-09,1.71808566587e-08,2938865.66162,2988281.25
3013378.14331,3.2292685064e-09,2.81855450969e-08,2988670.34912,3038085.9375
3063182.83081,2.74070411207e-09,1.41226028129e-08,3038475.03662,3087890.625
3112987.51831,2.73545730143e-09,1.1205327569e-08,3088279.72412,3137695.3125
3162792.20581,3.54926536846e-09,2.45229075518e-08,3138084.41162,3187500
3212596.89331,2.95895199195e-09,2.45864965069e-08,3187889.09912,3237304.6875
3262401.58081,2.4749212628e-09,1.25612872764e-08,3237693.78662,3287109.375
3312206.26831,2.06658202917e-09,1.10181235237e-08,3287498.47412,3336914.0625
3362010.95581,2.47271454156e-09,1.81921321018e-08,3337303.16162,3386718.75
3411815.64331,2.0734321229e-09,2.24490131661e-08,3387107.84912,3436523.4375
3461620.33081,2.43254295775e-09,1.13760949453e-08,3436912.53662,3486328.125
3511425.01831,1.7406793651e-09,8.06049664981e-09,3486717.22412,3536132.8125
3561229.70581,3.73038410543e-09,5.7842195334e-08,3536521.91162,3585937.5
3611034.39331,2.39094024794e-09,2.07280248802e-08,3586326.59912,3635742.1875
3660839.08081,1.87217323225e-09,1.0874736771e-08,3636131.28662,3685546.875
3710643.76831,2.35302347919e-09,8.65259659128e-09,3685935.97412,3735351.5625
3760448.45581,2.3511193513e-09,3.34817371784e-08,3735740.66162,3785156.25
3810253.14331,2.87291123698e-09,1.20689079649e-08,3785545.34912,3834960.9375
3860057.83081,1.68994627077e-09,1.10146724856e-08,3835350.03662,3884765.625
3909862.51831,3.10804713002e-09,1.5198374672e-08,3885154.72412,3934570.3125
3959667.20581,2.18417736892e-09,3.07648562211e-08,3934959.41162,3984375
4009471.89331,2.75879640994e-09,3.11501131623e-08,3984764.09912,4034179.6875
4059276.58081,2.15631179796e-09,9.3395432358e-09,4034568.78662,4083984.375
4109081.26831,1.83283262283e-09,1.15434194902e-08,4084373.47412,4133789.0625
4158885.95581,2.50635603145e-09,3.31184266379e-08,4134178.16162,4183593.75
4208690.64331,2.43151305711e-09,2.74093653246e-08,4183982.84912,4233398.4375
4258495.33081,2.01024906386e-09,1.10675939446e-08,4233787.53662,4283203.125
4308300.01831,2.01782547222e-09,9.8995035194e-09,4283592.22412,4333007.8125
4358104.70581,2.64201626898e-09,2.1903515649e-08,4333396.91162,4382812.5
4407909.39331,2.29049938309e-09,2.62644512225e-08,4383201.59912,4432617.1875
4457714.08081,1.62622830556e-09,6.85007011584e-09,4433006.28662,4482421.875
4507518.76831,1.51300948397e-09,9.28150722083e-09,4482810.97412,4532226.5625
4557323.45581,2.83602548558e-09,4.95935368897e-08,4532615.66162,4582031.25
4607128.14331,2.26920714043e-09,2.42682776724e-08,4582420.34912,4631835.9375
4656932.83081,1.77222609303e-09,1.34040546578e-08,4632225.03662,4681640.625
4706737.51831,1.74537513755e-09,1.06126736421e-08,4682029.72412,4731445.3125
4756542.20581,2.26893495479e-09,3.22119982377e-08,4731834.41162,4781250
4806346.89331,2.59822451887e-09,2.74029348815e-08,4781639.09912,4831054.6875
4856151.58081,1.80570185237e-09,7.73978450906e-09,4831443.78662,4880859.375
4905956.26831,1.86574220967e-09,9.9897939812e-09,4881248.47412,4930664.0625
4955760.95581,2.59452962215e-09,3.06503577285e-08,4931053.16162,4980468.75
5005565.64331,2.45725872315e-09,3.95862930135e-08,4980857.84912,5030273.4375
5055370.33081,1.8122201998e-09,8.12975064418e-09,5030662.53662,5080078.125
5105175.01831,2.04360641728e-09,9.92603292507e-09,5080467.22412,5129882.8125
5154979.70581,2.78059793028e-09,2.87032745284e-08,5130271.91162,5179687.5
5204784.39331,2.33759051635e-09,1.00444809209e-08,5180076.59912,5229492.1875
5254589.08081,2.43005068612e-09,1.38863413496e-08,5229881.28662,5279296.875
5304393.76831,1.92031454755e-09,1.00586608603e-08,5279685.97412,5329101.5625
5354198.45581,2.55428919006e-09,3.35832821889e-08,5329490.66162,5378906.25
5404003.14331,3.24645713367e-09,1.28777935958e-08,5379295.34912,5428710.9375
5453807.83081,2.31121503999e-09,1.00421671466e-08,5429100.03662,5478515.625
5503612.51831,2.73944230076e-09,1.56187073438e-08,5478904.72412,5528320.3125
5553417.20581,2.96650438183e-09,1.75027666185e-08,5528709.41162,5578125
5603221.89331,2.62320335654e-09,1.73562897186e-08,5578514.09912,5627929.6875
5653026.58081,2.08289973813e-09,1.2162347305e-08,5628318.78662,5677734.375
5702831.26831,2.13073033811e-09,1.35845844208e-08,5678123.47412,5727539.0625
5752635.95581,2.45466909544e-09,1.29392835832e-08,5727928.16162,5777343.75
5802440.64331,2.69701020512e-09,1.2921244458e-08,5777732.84912,5827148.4375
5852245.33081,2.67836513844e-09,1.44267594335e-08,5827537.53662,5876953.125
5902050.01831,2.26390099346e-09,1.49662682308e-08,5877342.22412,5926757.8125
5951854.70581,3.05805402721e-09,1.7682638786e-08,5927146.91162,5976562.5
6001659.39331,3.47920816639e-09,3.68022796944e-08,5976951.59912,6026367.1875
6051464.08081,2.87486507211e-09,4.16950482155e-08,6026756.28662,6076171.875
6101268.76831,2.33980969762e-09,1.20014739881e-08,6076560.97412,6125976.5625
6151073.45581,2.49737633908e-09,2.48744739758e-08,6126365.66162,6175781.25
6200878.14331,2.77830829222e-09,3.53523426754e-08,6176170.34912,6225585.9375
6250682.83081,2.92165823474e-09,1.54713314364e-08,6225975.03662,6275390.625
6300487.51831,2.09303732171e-09,1.19073230185e-08,6275779.72412,6325195.3125
6350292.20581,2.77690609164e-09,1.57919596982e-08,6325584.41162,6375000
6400096.89331,3.86951024364e-09,2.00119038532e-08,6375389.09912,6424804.6875
6449901.58081,3.057444305e-09,1.85129490073e-08,6425193.78662,6474609.375
6499706.26831,2.6783276779e-09,1.55035052034e-08,6474998.47412,6524414.0625
6549510.95581,2.56007865005e-09,2.29789395366e-08,6524803.16162,6574218.75
6599315.64331,3.27098195365e-09,2.39061380103e-08,6574607.84912,6624023.4375
6649120.33081,2.44940415786e-09,9.31963094835e-09,6624412.53662,6673828.125
6698925.01831,2.60296250787e-09,1.24976528472e-08,6674217.22412,6723632.8125
6748729.70581,2.84260116857e-09,2.30679639363e-08,6724021.91162,6773437.5
6798534.39331,3.23566358692e-09,3.71329800461e-08,6773826.59912,6823242.1875
6848339.08081,2.28119021135e-09,1.13153273707e-08,6823631.28662,6873046.875
6898143.76831,2.55342041808e-09,1.22450592676e-08,6873435.97412,6922851.5625
6947948.45581,2.62133938137e-09,2.46443929455e-08,6923240.66162,6972656.25
6997753.14331,2.35020863584e-09,2.72231020133e-08,6973045.34912,7022460.9375
7047557.83081,2.01058464516e-09,9.71262992685e-09,7022850.03662,7072265.625
7097362.51831,2.56946414733e-09,1.29748195186e-08,7072654.72412,7122070.3125
7147167.20581,2.72060370333e-09,3.20028481318e-08,7122459.41162,7171875
7196971.89331,3.12947731665e-09,2.77877099875e-08,7172264.09912,7221679.6875
7246776.58081,1.77962970443e-09,7.72793139807e-09,7222068.78662,7271484.375
7296581.26831,1.58951568862e-09,9.90928979611e-09,7271873.47412,7321289.0625
7346385.95581,3.18069039702e-09,2.60637938176e-08,7321678.16162,7371093.75
7396190.64331,3.21130643445e-09,3.93759004311e-08,7371482.84912,7420898.4375
7445995.33081,1.68593617604e-09,8.17111774571e-09,7421287.53662,7470703.125
7495800.01831,1.77843906483e-09,1.08214756778e-08,7471092.22412,7520507.8125
7545604.70581,2.44379640985e-09,3.53081839725e-08,7520896.91162,7570312.5
7595409.39331,2.84386084739e-09,2.40876453279e-08,7570701.59912,7620117.1875
7645214.08081,1.90985807144e-09,7.25354113806e-09,7620506.28662,7669921.875
7695018.76831,2.37957152788e-09,1.08784924284e-08,7670310.97412,7719726.5625
7744823.45581,3.61785844146e-09,4.81127350831e-08,7720115.66162,7769531.25
7794628.14331,2.32547910957e-09,2.98266435402e-08,7769920.34912,7819335.9375
7844432.83081,1.73334578157e-09,6.89835932992e-09,7819725.03662,7869140.625
7894237.51831,2.13896519276e-09,1.27629045199e-08,7869529.72412,7918945.3125
7944042.20581,3.0854066842e-09,4.41085434513e-08,7919334.41162,7968750
7993846.89331,3.68783094762e-09,3.98201040725e-08,7969139.09912,8018554.6875
8043651.58081,1.85575716538e-09,8.54376347591e-09,8018943.78662,8068359.375
8093456.26831,1.70022462629e-09,7.55598227579e-09,8068748.47412,8118164.0625
8143260.95581,2.13940450766e-09,2.75184482828e-08,8118553.16162,8167968.75
8193065.64331,2.78249576854e-09,2.88834121755e-08,8168357.84912,8217773.4375
8242870.33081,2.30363573729e-09,1.18416600328e-08,8218162.53662,8267578.125
8292675.01831,2.41843910281e-09,1.1147571285e-08,8267967.22412,8317382.8125
8342479.70581,3.2492705717e-09,4.55926577705e-08,8317771.91162,8367187.5
8392284.39331,3.52516458865e-09,4.86020704233e-08,8367576.59912,8416992.1875
8442089.08081,2.3602720498e-09,1.79727595354e-08,8417381.28662,8466796.875
8491893.76831,2.65768465705e-09,1.38842389232e-08,8467185.97412,8516601.5625
8541698.45581,3.24888981228e-09,3.2195686408e-08,8516990.66162,8566406.25
8591503.14331,3.14681701331e-09,4.171498394e-08,8566795.34912,8616210.9375
8641307.83081,3.09223919235e-09,2.38185096094e-08,8616600.03662,8666015.625
8691112.51831,2.25419959715e-09,1.24480481089e-08,8666404.72412,8715820.3125
8740917.20581,3.37061158152e-09,3.92412581027e-08,8716209.41162,8765625
8790721.89331,3.70459649158e-09,4.25732668634e-08,8766014.09912,8815429.6875
8840526.58081,2.50335449093e-09,1.53553350832e-08,8815818.78662,8865234.375
8890331.26831,2.3072201179e-09,9.58404465166e-09,8865623.47412,8915039.0625
8940135.95581,4.11843295375e-09,5.55377333372e-08,8915428.16162,8964843.75
8989940.64331,3.84564678497e-09,4.34385461415e-08,8965232.84912,9014648.4375
9039745.33081,2.55601307409e-09,2.12919349262e-08,9015037.53662,9064453.125
9089550.01831,3.10359792782e-09,2.63330594406e-08,9064842.22412,9114257.8125
9139354.70581,3.95041502152e-09,3.50043231579e-08,9114646.91162,9164062.5
9189159.39331,4.01023649703e-09,3.86941290366e-08,9164451.59912,9213867.1875
9238964.08081,3.70472902597e-09,3.84518905637e-08,9214256.28662,9263671.875
9288768.76831,2.562945215e-09,1.10305236197e-08,9264060.97412,9313476.5625
9338573.45581,3.55725997178e-09,4.50580180808e-08,9313865.66162,9363281.25
9388378.14331,3.68836370515e-09,5.02899776176e-08,9363670.34912,9413085.9375
9438182.83081,2.06739967412e-09,2.23449463311e-08,9413475.03662,9462890.625
9487987.51831,2.03973274483e-09,1.17919202997e-08,9463279.72412,9512695.3125
9537792.20581,3.87110331871e-09,7.58657269682e-08,9513084.41162,9562500
9587596.89331,3.40251297848e-09,5.66968083732e-08,9562889.09912,9612304.6875
9637401.58081,2.23327193549e-09,1.43845778065e-08,9612693.78662,9662109.375
9687206.26831,2.1417889387e-09,1.12313206012e-08,9662498.47412,9711914.0625
9737010.95581,3.7370961017e-09,6.78591482637e-08,9712303.16162,9761718.75
9786815.64331,3.23575729227e-09,4.81917823118e-08,9762107.84912,9811523.4375
9836620.33081,1.94463189474e-09,1.13739969215e-08,9811912.53662,9861328.125
9886425.01831,2.08903617344e-09,9.42541013466e-09,9861717.22412,9911132.8125
9936229.70581,2.69235917984e-09,3.96867398204e-08,9911521.91162,9960937.5
9986034.39331,4.37986570041e-09,4.23918137995e-08,9961326.59912,10010742.1875
10035839.0808,1.55381545377e-09,1.26281329916e-08,10011131.2866,10060546.875
10085643.7683,2.08908513532e-09,1.15794256296e-08,10060935.9741,10110351.5625
10135448.4558,2.58230679811e-09,5.27730941785e-08,10110740.6616,10160156.25
10185253.1433,4.94961914063e-09,5.7114404551e-08,10160545.3491,10209960.9375
10235057.8308,2.54049298141e-09,1.34104675997e-08,10210350.0366,10259765.625
10284862.5183,1.78564254496e-09,9.78993749104e-09,10260154.7241,10309570.3125
10334667.2058,2.89918512208e-09,6.20347292847e-08,10309959.4116,10359375
10384471.8933,4.59788893623e-09,6.62340137408e-08,10359764.0991,10409179.6875
10434276.5808,2.37792556994e-09,1.2746016347e-08,10409568.7866,10458984.375
10484081.2683,3.48257772584e-09,2.81359062609e-08,10459373.4741,10508789.0625
10533885.9558,3.85519242815e-09,2.89255884607e-08,10509178.1616,10558593.75
10583690.6433,5.17013675966e-09,6.36466836558e-08,10558982.8491,10608398.4375
10633495.3308,4.4448834335e-09,3.1403775505e-08,10608787.5366,10658203.125
10683300.0183,3.12665436331e-09,2.1220809429e-08,10658592.2241,10708007.8125
10733104.7058,4.31990936071e-09,4.27365517387e-08,10708396.9116,10757812.5
10782909.3933,7.36305425361e-09,9.8544992032e-08,10758201.5991,10807617.1875
10832714.0808,2.51737021724e-09,1.25113382691e-08,10808006.2866,10857421.875
10882518.7683,2.82729220786e-09,1.91246891163e-08,10857810.9741,10907226.5625
10932323.4558,2.85648252181e-09,3.47533780224e-08,10907615.6616,10957031.25
10982128.1433,7.57733590022e-09,1.20895719204e-07,10957420.3491,11006835.9375
11031932.8308,2.50597769748e-09,2.11929024968e-08,11007225.0366,11056640.625
11081737.5183,2.53805649039e-09,1.25570693699e-08,11057029.7241,11106445.3125
11131542.2058,3.6420376073e-09,4.60963955064e-08,11106834.4116,11156250
11181346.8933,6.46330786956e-09,7.62589628054e-08,11156639.0991,11206054.6875
11231151.5808,5.63308406137e-09,1.09327889538e-07,11206443.7866,11255859.375
11280956.2683,2.34698286129e-09,1.30813455001e-08,11256248.4741,11305664.0625
11330760.9558,4.05773351695e-09,4.87533982217e-08,11306053.1616,11355468.75
11380565.6433,6.81586813968e-09,1.00992273625e-07,11355857.8491,11405273.4375
11430370.3308,3.08916334205e-09,1.47179522458e-08,11405662.5366,11455078.125
11480175.0183,1.98078210887e-09,1.43501662581e-08,11455467.2241,11504882.8125
11529979.7058,2.93693033532e-09,2.76234152389e-08,11505271.9116,11554687.5
11579784.3933,7.47238969956e-09,1.03934360522e-07,11555076.5991,11604492.1875
11629589.0808,3.69951945583e-09,3.13801396081e-08,11604881.2866,11654296.875
11679393.7683,8.00556248929e-09,5.76211404179e-08,11654685.9741,11704101.5625
11729198.4558,8.23038840546e-09,5.82164328529e-08,11704490.6616,11753906.25
11779003.1433,1.22276266142e-08,2.22607738833e-07,11754295.3491,11803710.9375
11828807.8308,5.70348481297e-09,7.85150874645e-08,11804100.0366,11853515.625
11878612.5183,4.32113655314e-09,1.24020390756e-07,11853904.7241,11903320.3125
11928417.2058,8.38389495185e-09,1.31791714651e-07,11903709.4116,11953125
11978221.8933,6.08074689612e-06,0.000383797520103,11953514.0991,12002929.6875
12028026.5808,1.06679300379e-08,3.04288658306e-07,12003318.7866,12052734.375
12077831.2683,8.0493098169e-09,1.05992358195e-07,12053123.4741,12102539.0625
12127635.9558,5.59657759131e-09,1.02863844807e-07,12102928.1616,12152343.75
12177440.6433,1.15190833038e-08,1.75024113217e-07,12152732.8491,12202148.4375
12227245.3308,4.22696951665e-09,5.23055993523e-08,12202537.5366,12251953.125
12277050.0183,8.24534502582e-09,6.37667122798e-08,12252342.2241,12301757.8125
12326854.7058,7.3403562629e-09,5.85358714395e-08,12302146.9116,12351562.5
12376659.3933,7.06335278967e-09,8.85208349563e-08,12351951.5991,12401367.1875
12426464.0808,2.75730418707e-09,1.76165983291e-08,12401756.2866,12451171.875
12476268.7683,2.29631514895e-09,1.64837438645e-08,12451560.9741,12500976.5625
12526073.4558,2.02407352458e-09,1.31332383497e-08,12501365.6616,12550781.25
12575878.1433,6.06161836862e-09,7.4845967994e-08,12551170.3491,12600585.9375
12625682.8308,2.43516735772e-09,1.39927417906e-08,12600975.0366,12650390.625
12675487.5183,2.59562151481e-09,2.48432211417e-08,12650779.7241,12700195.3125
12725292.2058,4.85263894552e-09,1.045293744e-07,12700584.4116,12750000
12775096.8933,8.20260908163e-09,8.2857938894e-08,12750389.0991,12799804.6875
12824901.5808,3.71806500655e-09,2.47071188693e-08,12800193.7866,12849609.375
12874706.2683,2.31775229198e-09,3.67193289594e-08,12849998.4741,12899414.0625
12924510.9558,3.00880260235e-09,3.65735397665e-08,12899803.1616,12949218.75
12974315.6433,5.83899781709e-09,9.20956935498e-08,12949607.8491,12999023.4375
13024120.3308,3.04940447876e-09,3.52773392487e-08,12999412.5366,13048828.125
13073925.0183,2.77154889251e-09,1.31977450117e-08,13049217.2241,13098632.8125
13123729.7058,3.24740391582e-09,2.92660962386e-08,13099021.9116,13148437.5
13173534.3933,6.19540486109e-09,8.04886729525e-08,13148826.5991,13198242.1875
13223339.0808,3.05227258655e-09,1.26357069871e-08,13198631.2866,13248046.875
13273143.7683,2.66397249329e-09,1.43690807211e-08,13248435.9741,13297851.5625
13322948.4558,3.82844235108e-09,3.42573023324e-08,13298240.6616,13347656.25
13372753.1433,5.8947024557e-09,5.5091624812e-08,13348045.3491,13397460.9375
13422557.8308,3.02335459912e-09,2.50970140233e-08,13397850.0366,13447265.625
13472362.5183,3.09826693982e-09,4.64852812904e-08,13447654.7241,13497070.3125
13522167.2058,8.68196539531e-09,2.92295993422e-07,13497459.4116,13546875
13571971.8933,4.41169487347e-09,4.48196935967e-08,13547264.0991,13596679.6875
13621776.5808,1.8097961216e-09,8.31689450465e-09,13597068.7866,13646484.375
13671581.2683,1.9308152552e-09,7.7305590053e-09,13646873.4741,13696289.0625
13721385.9558,2.1957547812e-09,1.70893024114e-08,13696678.1616,13746093.75
13771190.6433,4.06252043513e-09,6.82939400625e-08,13746482.8491,13795898.4375
13820995.3308,2.08666709163e-09,1.60613748513e-08,13796287.5366,13845703.125
13870800.0183,2.2678932308e-09,1.08994326032e-08,13846092.2241,13895507.8125
13920604.7058,1.84406542883e-09,1.81253328932e-08,13895896.9116,13945312.5
13970409.3933,3.19105431908e-09,2.81980503116e-08,13945701.5991,13995117.1875
14020214.0808,2.40918543001e-09,3.01396776034e-08,13995506.2866,14044921.875
14070018.7683,2.09516040733e-09,1.03922278563e-08,14045310.9741,14094726.5625
14119823.4558,1.95162766859e-09,1.66178152479e-08,14095115.6616,14144531.25
14169628.1433,2.47974944677e-09,2.00096412392e-08,14144920.3491,14194335.9375
14219432.8308,2.1000987374e-09,1.6276092031e-08,14194725.0366,14244140.625
14269237.5183,2.06250550827e-09,8.87082978467e-09,14244529.7241,14293945.3125
14319042.2058,2.46752681806e-09,1.26610222812e-08,14294334.4116,14343750
14368846.8933,2.83261768154e-09,2.07416334469e-08,14344139.0991,14393554.6875
14418651.5808,2.15615334686e-09,8.31544167471e-09,14393943.7866,14443359.375
14468456.2683,2.20731452337e-09,1.08128376843e-08,14443748.4741,14493164.0625
14518260.9558,2.19717245659e-09,1.05955771653e-08,14493553.1616,14542968.75
14568065.6433,2.63299654281e-09,1.83455477794e-08,14543357.8491,14592773.4375
14617870.3308,2.76608255768e-09,1.4221346082e-08,14593162.5366,14642578.125
14667675.0183,2.74142126344e-09,1.64474449494e-08,14642967.2241,14692382.8125
14717479.7058,2.90597539582e-09,2.06463986214e-08,14692771.9116,14742187.5
14767284.3933,4.11247326706e-09,3.26635196669e-08,14742576.5991,14791992.1875
14817089.0808,2.62230786771e-09,1.32487180184e-08,14792381.2866,14841796.875
14866893.7683,2.86634930605e-09,1.49915442276e-08,14842185.9741,14891601.5625
14916698.4558,2.67175970422e-09,1.1430266918e-08,14891990.6616,14941406.25
14966503.1433,3.12445027439e-09,3.43145516112e-08,14941795.3491,14991210.9375
15016307.8308,3.71203669531e-09,3.6030642378e-08,14991600.0366,15041015.625
15066112.5183,2.92545311839e-09,3.05193814797e-08,15041404.7241,15090820.3125
15115917.2058,2.54712046612e-09,2.02051240644e-08,15091209.4116,15140625
15165721.8933,2.61083818422e-09,1.3141302589e-08,15141014.0991,15190429.6875
15215526.5808,3.02796456915e-09,1.43217753551e-08,15190818.7866,15240234.375
15265331.2683,2.04966696743e-09,1.38124041071e-08,15240623.4741,15290039.0625
15315135.9558,2.17248679033e-09,1.05156858748e-08,15290428.1616,15339843.75
15364940.6433,2.15721138649e-09,1.55228952896e-08,15340232.8491,15389648.4375
15414745.3308,2.05780741126e-09,1.07522148999e-08,15390037.5366,15439453.125
15464550.0183,2.00879354349e-09,1.55291217472e-08,15439842.2241,15489257.8125
15514354.7058,2.29298860561e-09,1.26904406777e-08,15489646.9116,15539062.5
15564159.3933,2.66574753244e-09,1.50705941673e-08,15539451.5991,15588867.1875
15613964.0808,2.06830834448e-09,1.27321932172e-08,15589256.2866,15638671.875
15663768.7683,2.01079323487e-09,9.41916862219e-09,15639060.9741,15688476.5625
15713573.4558,2.40892283398e-09,1.08819919304e-08,15688865.6616,15738281.25
15763378.1433,2.14057174054e-09,1.40968414869e-08,15738670.3491,15788085.9375
15813182.8308,1.95294299585e-09,1.02181866843e-08,15788475.0366,15837890.625
15862987.5183,2.44124648175e-09,1.3301601671e-08,15838279.7241,15887695.3125
15912792.2058,2.44431056913e-09,1.15868177464e-08,15888084.4116,15937500
15962596.8933,2.20463405952e-09,1.65723490384e-08,15937889.0991,15987304.6875
16012401.5808,2.21711568649e-09,9.39481509088e-09,15987693.7866,16037109.375
16062206.2683,1.92582128955e-09,7.02255471868e-09,16037498.4741,16086914.0625
16112010.9558,1.85108177201e-09,1.14376983726e-08,16087303.1616,16136718.75
16161815.6433,2.03060315826e-09,7.86726906662e-09,16137107.8491,16186523.4375
16211620.3308,1.45100032515e-09,6.04658440062e-09,16186912.5366,16236328.125
16261425.0183,1.64941082869e-09,9.79454107775e-09,16236717.2241,16286132.8125
16311229.7058,1.7388853959e-09,1.18174066059e-08,16286521.9116,16335937.5
16361034.3933,1.5806844892e-09,8.16829557043e-09,16336326.5991,16385742.1875
16410839.0808,1.69354674599e-09,6.59823269829e-09,16386131.2866,16435546.875
16460643.7683,1.58662526699e-09,8.4547660424e-09,16435935.9741,16485351.5625
16510448.4558,2.05903516099e-09,1.37474268903e-08,16485740.6616,16535156.25
16560253.1433,2.20241159552e-09,2.35799802457e-08,16535545.3491,16584960.9375
16610057.8308,1.65266749749e-09,6.48331013277e-09,16585350.0366,16634765.625
16659862.5183,1.62766413976e-09,1.06534025549e-08,16635154.7241,16684570.3125
16709667.2058,2.00098012411e-09,8.07134056151e-09,16684959.4116,16734375
16759471.8933,1.6759952201e-09,7.15521881618e-09,16734764.0991,16784179.6875
16809276.5808,1.5896508829e-09,1.05412309456e-08,16784568.7866,16833984.375
16859081.2683,1.85515326908e-09,1.20793449371e-08,16834373.4741,16883789.0625
16908885.9558,1.75567232487e-09,8.23445080114e-09,16884178.1616,16933593.75
16958690.6433,1.6875831497e-09,1.01032730644e-08,16933982.8491,16983398.4375
17008495.3308,1.78374572058e-09,8.02751045913e-09,16983787.5366,17033203.125
17058300.0183,2.01807421152e-09,1.90012236092e-08,17033592.2241,17083007.8125
17108104.7058,1.57499171801e-09,9.33037913788e-09,17083396.9116,17132812.5
17157909.3933,1.87994118986e-09,1.04352854667e-08,17133201.5991,17182617.1875
17207714.0808,1.60819206769e-09,9.44474605275e-09,17183006.2866,17232421.875
17257518.7683,2.17142236292e-09,1.61072400218e-08,17232810.9741,17282226.5625
17307323.4558,1.7801070162e-09,8.7321654323e-09,17282615.6616,17332031.25
17357128.1433,1.93764777307e-09,6.99405312186e-09,17332420.3491,17381835.9375
17406932.8308,1.95867914676e-09,1.00024519973e-08,17382225.0366,17431640.625
17456737.5183,1.41566946511e-09,7.83240821212e-09,17432029.7241,17481445.3125
17506542.2058,1.98779465666e-09,9.86635987892e-09,17481834.4116,17531250
17556346.8933,2.22171523128e-09,1.16759173493e-08,17531639.0991,17581054.6875
17606151.5808,1.85091417406e-09,6.86922865056e-09,17581443.7866,17630859.375
17655956.2683,1.54468920486e-09,5.98182046554e-09,17631248.4741,17680664.0625
17705760.9558,2.25453952554e-09,1.41724371724e-08,17681053.1616,17730468.75
17755565.6433,1.68256266693e-09,8.03577664456e-09,17730857.8491,17780273.4375
17805370.3308,1.7941721267e-09,7.7135255173e-09,17780662.5366,17830078.125
17855175.0183,1.67272676567e-09,9.59506362906e-09,17830467.2241,17879882.8125
17904979.7058,1.62551980751e-09,8.64379004616e-09,17880271.9116,17929687.5
17954784.3933,2.21519436375e-09,1.45327933143e-08,17930076.5991,17979492.1875
18004589.0808,1.8681077599e-09,7.51338138839e-09,17979881.2866,18029296.875
18054393.7683,1.56204495812e-09,6.62996414863e-09,18029685.9741,18079101.5625
18104198.4558,1.52817963877e-09,1.01384116825e-08,18079490.6616,18128906.25
18154003.1433,1.97288165238e-09,9.40671839882e-09,18129295.3491,18178710.9375
18203807.8308,1.5611827822e-09,6.78185087662e-09,18179100.0366,18228515.625
18253612.5183,1.74332040194e-09,9.13816113461e-09,18228904.7241,18278320.3125
18303417.2058,2.22893952686e-09,8.54442934476e-09,18278709.4116,18328125
18353221.8933,1.67541402278e-09,5.70756852046e-09,18328514.0991,18377929.6875
18403026.5808,2.01994994668e-09,1.72779371757e-08,18378318.7866,18427734.375
18452831.2683,1.77310417383e-09,9.59018335335e-09,18428123.4741,18477539.0625
18502635.9558,1.51161289088e-09,7.68666170306e-09,18477928.1616,18527343.75
18552440.6433,1.73046049539e-09,1.06117474149e-08,18527732.8491,18577148.4375
18602245.3308,1.69926877416e-09,6.15213158567e-09,18577537.5366,18626953.125
18652050.0183,1.53851173653e-09,5.62195885683e-09,18627342.2241,18676757.8125
18701854.7058,1.60007604189e-09,1.224803938e-08,18677146.9116,18726562.5
18751659.3933,1.85959891751e-09,7.70819775802e-09,18726951.5991,18776367.1875
18801464.0808,1.76092275455e-09,9.05089511854e-09,18776756.2866,18826171.875
18851268.7683,1.69961618522e-09,1.60216314467e-08,18826560.9741,18875976.5625
18901073.4558,1.53334406783e-09,7.72960673762e-09,18876365.6616,18925781.25
18950878.1433,1.7516212797e-09,8.41109324141e-09,18926170.3491,18975585.9375
19000682.8308,1.78897275258e-09,1.13613229294e-08,18975975.0366,19025390.625
19050487.5183,1.83392927832e-09,1.50784318998e-08,19025779.7241,19075195.3125
19100292.2058,1.77391825256e-09,9.1897872206e-09,19075584.4116,19125000
19150096.8933,1.45513648218e-09,1.03947639017e-08,19125389.0991,19174804.6875
19199901.5808,1.39370245671e-09,5.68627891065e-09,19175193.7866,19224609.375
19249706.2683,1.69989383012e-09,9.38697579892e-09,19224998.4741,19274414.0625
19299510.9558,1.84947426669e-09,9.46663959175e-09,19274803.1616,19324218.75
19349315.6433,1.69608627699e-09,1.02520426853e-08,19324607.8491,19374023.4375
19399120.3308,1.59410276407e-09,5.7332598436e-09,19374412.5366,19423828.125
19448925.0183,1.58163274114e-09,7.61418470778e-09,19424217.2241,19473632.8125
19498729.7058,1.76525534486e-09,8.25047116277e-09,19474021.9116,19523437.5
19548534.3933,1.68870067095e-09,7.32482633506e-09,19523826.5991,19573242.1875
19598339.0808,1.30697826548e-09,6.42119453586e-09,19573631.2866,19623046.875
19648143.7683,1.44944348791e-09,5.88773813176e-09,19623435.9741,19672851.5625
19697948.4558,1.79503967977e-09,9.11919714021e-09,19673240.6616,19722656.25
19747753.1433,1.42835926136e-09,9.25135013213e-09,19723045.3491,19772460.9375
19797557.8308,1.71477133818e-09,1.27539843283e-08,19772850.0366,19822265.625
19847362.5183,1.75189787712e-09,8.71297562854e-09,19822654.7241,19872070.3125
19897167.2058,1.62886830774e-09,7.28894805017e-09,19872459.4116,19921875
19946971.8933,1.6050667168e-09,7.41088019371e-09,19922264.0991,19971679.6875
19996776.5808,1.62027138428e-09,2.20857776044e-08,19972068.7866,20021484.375
20046581.2683,1.49397580235e-09,5.90703477281e-09,20021873.4741,20071289.0625
20096385.9558,1.41061950808e-09,8.20806628241e-09,20071678.1616,20121093.75
20146190.6433,1.59942849423e-09,5.43431494866e-09,20121482.8491,20170898.4375
20195995.3308,1.73966973131e-09,1.37917419248e-08,20171287.5366,20220703.125
20245800.0183,1.86196195209e-09,1.35440967204e-08,20221092.2241,20270507.8125
20295604.7058,1.58297637126e-09,7.36929669719e-09,20270896.9116,20320312.5
20345409.3933,1.93494402775e-09,1.124399822e-08,20320701.5991,20370117.1875
20395214.0808,1.51523111677e-09,9.44814426467e-09,20370506.2866,20419921.875
20445018.7683,1.50899149482e-09,1.03158812353e-08,20420310.9741,20469726.5625
20494823.4558,1.24564673412e-09,6.79853120451e-09,20470115.6616,20519531.25
20544628.1433,1.75763284436e-09,1.16070739369e-08,20519920.3491,20569335.9375
20594432.8308,1.39934117381e-09,6.54566145842e-09,20569725.0366,20619140.625
20644237.5183,1.66576629605e-09,9.91327143998e-09,20619529.7241,20668945.3125
20694042.2058,1.57635374187e-09,8.68096090689e-09,20669334.4116,20718750
20743846.8933,1.5346413282e-09,1.25787977543e-08,20719139.0991,20768554.6875
20793651.5808,1.51876020053e-09,7.95346858435e-09,20768943.7866,20818359.375
20843456.2683,1.30950555234e-09,5.28952481796e-09,20818748.4741,20868164.0625
20893260.9558,1.22980844187e-09,7.64565141085e-09,20868553.1616,20917968.75
20943065.6433,1.72718174421e-09,7.2944994499e-09,20918357.8491,20967773.4375
20992870.3308,2.13220445317e-09,1.52678581479e-08,20968162.5366,21017578.125
21042675.0183,1.77481616401e-09,9.50845313888e-09,21017967.2241,21067382.8125
21092479.7058,1.71923068173e-09,8.26370065608e-09,21067771.9116,21117187.5
21142284.3933,1.45802801453e-09,6.02581197769e-09,21117576.5991,21166992.1875
21192089.0808,1.38492668229e-09,9.15196119909e-09,21167381.2866,21216796.875
21241893.7683,1.61406503238e-09,9.98516389562e-09,21217185.9741,21266601.5625
21291698.4558,1.36225099793e-09,8.28596496894e-09,21266990.6616,21316406.25
21341503.1433,1.49166523683e-09,1.26578854848e-08,21316795.3491,21366210.9375
21391307.8308,1.23428655149e-09,9.22788850383e-09,21366600.0366,21416015.625
21441112.5183,1.50322826958e-09,1.51320603233e-08,21416404.7241,21465820.3125
21490917.2058,1.73571573402e-09,8.96033883386e-09,21466209.4116,21515625
21540721.8933,1.71358016035e-09,1.25934592361e-08,21516014.0991,21565429.6875
21590526.5808,1.18747349701e-09,6.26699890372e-09,21565818.7866,21615234.375
21640331.2683,1.3635186685e-09,7.18102274535e-09,21615623.4741,21665039.0625
21690135.9558,1.42787620329e-09,8.95748578311e-09,21665428.1616,21714843.75
21739940.6433,1.63110372356e-09,6.70339650739e-09,21715232.8491,21764648.4375
21789745.3308,1.31784108749e-09,8.97165083731e-09,21765037.5366,21814453.125
21839550.0183,1.02908304889e-09,7.64291505428e-09,21814842.2241,21864257.8125
21889354.7058,1.27421900478e-09,6.55091364634e-09,21864646.9116,21914062.5
21939159.3933,1.67256898578e-09,7.34070873949e-09,21914451.5991,21963867.1875
21988964.0808,1.64868281665e-09,1.22548348722e-08,21964256.2866,22013671.875
22038768.7683,1.41945169974e-09,7.23980365612e-09,22014060.9741,22063476.5625
22088573.4558,1.64967733521e-09,1.27274271227e-08,22063865.6616,22113281.25
22138378.1433,1.34474153514e-09,7.72012418148e-09,22113670.3491,22163085.9375
22188182.8308,9.3683247229e-10,4.04818911177e-09,22163475.0366,22212890.625
22237987.5183,1.12737570394e-09,6.42966218742e-09,22213279.7241,22262695.3125
22287792.2058,1.15503921176e-09,5.23476427166e-09,22263084.4116,22312500
22337596.8933,1.71587038462e-09,7.25441374686e-09,22312889.0991,22362304.6875
22387401.5808,1.16643890178e-09,7.5854521368e-09,22362693.7866,22412109.375
22437206.2683,1.27509118315e-09,5.47851998743e-09,22412498.4741,22461914.0625
22487010.9558,1.83204063928e-09,3.28744485323e-08,22462303.1616,22511718.75
22536815.6433,1.56097410581e-09,1.02377028114e-08,22512107.8491,22561523.4375
22586620.3308,1.3310713294e-09,6.09162136245e-09,22561912.5366,22611328.125
22636425.0183,1.48739593978e-09,7.05777388797e-09,22611717.2241,22661132.8125
22686229.7058,1.31714868263e-09,7.177520904e-09,22661521.9116,22710937.5
22736034.3933,1.32412495691e-09,6.08361066227e-09,22711326.5991,22760742.1875
22785839.0808,1.26795745215e-09,8.4614306128e-09,22761131.2866,22810546.875
22835643.7683,1.53681976413e-09,8.90769689693e-09,22810935.9741,22860351.5625
22885448.4558,1.30298324704e-09,6.46818460501e-09,22860740.6616,22910156.25
22935253.1433,1.20751234109e-09,6.69928347084e-09,22910545.3491,22959960.9375
22985057.8308,1.52520767267e-09,7.53360984598e-09,22960350.0366,23009765.625
23034862.5183,1.49381173006e-09,8.00944124913e-09,23010154.7241,23059570.3125
23084667.2058,9.83490128974e-10,8.18688180375e-09,23059959.4116,23109375
23134471.8933,1.22930786262e-09,7.04139944319e-09,23109764.0991,23159179.6875
23184276.5808,1.42046077694e-09,7.93132608372e-09,23159568.7866,23208984.375
23234081.2683,1.4382317533e-09,8.18117896671e-09,23209373.4741,23258789.0625
23283885.9558,1.31318186276e-09,7.55255574028e-09,23259178.1616,23308593.75
23333690.6433,1.42942188127e-09,9.00990885826e-09,23308982.8491,23358398.4375
23383495.3308,1.55197968211e-09,1.40417058035e-08,23358787.5366,23408203.125
23433300.0183,1.59353852087e-09,1.14034463263e-08,23408592.2241,23458007.8125
23483104.7058,1.35245950137e-09,5.98933054758e-09,23458396.9116,23507812.5
23532909.3933,1.3744061959e-09,1.01925331948e-08,23508201.5991,23557617.1875
23582714.0808,1.77022932773e-09,1.12431859013e-08,23558006.2866,23607421.875
23632518.7683,1.41297009774e-09,4.86692346715e-09,23607810.9741,23657226.5625
23682323.4558,1.57880605948e-09,1.72206088853e-08,23657615.6616,23707031.25
23732128.1433,1.79765907712e-09,1.43644419719e-08,23707420.3491,23756835.9375
23781932.8308,1.48852368007e-09,6.69107883456e-09,23757225.0366,23806640.625
23831737.5183,2.16354833002e-09,3.12875581253e-08,23807029.7241,23856445.3125
23881542.2058,1.83113717008e-09,1.80036534652e-08,23856834.4116,23906250
23931346.8933,1.82921392803e-09,1.43528701904e-08,23906639.0991,23956054.6875
23981151.5808,3.25000128815e-09,7.01101832521e-08,23956443.7866,24005859.375
24030956.2683,1.69191828539e-09,2.77255393418e-08,24006248.4741,24055664.0625
24080760.9558,2.34528922234e-09,1.59795613911e-08,24056053.1616,24105468.75
24130565.6433,1.97119208984e-09,1.18303026758e-08,24105857.8491,24155273.4375
24180370.3308,1.77441347661e-09,9.80865350469e-09,24155662.5366,24205078.125
24230175.0183,1.86648406687e-09,8.82067568284e-09,24205467.2241,24254882.8125
24279979.7058,1.78336552526e-09,9.67751632514e-09,24255271.9116,24304687.5
24329784.3933,1.67549288829e-09,9.19802396069e-09,24305076.5991,24354492.1875
24379589.0808,1.38765521398e-09,9.11787251832e-09,24354881.2866,24404296.875
24429393.7683,1.88533851357e-09,9.68774667718e-09,24404685.9741,24454101.5625
24479198.4558,1.32856806053e-09,9.87717494195e-09,24454490.6616,24503906.25
24529003.1433,1.64684055998e-09,7.29530681794e-09,24504295.3491,24553710.9375
24578807.8308,1.27483119731e-09,4.98847553186e-09,24554100.0366,24603515.625
24628612.5183,1.13754071312e-09,5.20163304835e-09,24603904.7241,24653320.3125
24678417.2058,1.72811228941e-09,1.02242988008e-08,24653709.4116,24703125
24728221.8933,1.61389815073e-09,9.37650552604e-09,24703514.0991,24752929.6875
24778026.5808,1.26541020492e-09,6.56204038119e-09,24753318.7866,24802734.375
24827831.2683,1.45284669787e-09,6.98878351538e-09,24803123.4741,24852539.0625
24877635.9558,1.29811191017e-09,1.00742303096e-08,24852928.1616,24902343.75
24927440.6433,1.27840102917e-09,5.92213952444e-09,24902732.8491,24952148.4375
24977245.3308,1.63272369332e-09,8.40517160719e-09,24952537.5366,25001953.125
25027050.0183,1.58807075381e-09,8.26611553448e-09,25002342.2241,25051757.8125
25076854.7058,1.83518952907e-09,1.19134104697e-08,25052146.9116,25101562.5
25126659.3933,1.36096382003e-09,6.683496189e-09,25101951.5991,25151367.1875
25176464.0808,1.45851908975e-09,8.04279652542e-09,25151756.2866,25201171.875
25226268.7683,1.45378347035e-09,5.57832825661e-09,25201560.9741,25250976.5625
25276073.4558,1.22385158426e-09,5.84140215249e-09,25251365.6616,25300781.25
25325878.1433,1.63010133795e-09,1.00673667278e-08,25301170.3491,25350585.9375
25375682.8308,1.36640587612e-09,7.33340952161e-09,25350975.0366,25400390.625
25425487.5183,1.27590871058e-09,7.18434747445e-09,25400779.7241,25450195.3125
25475292.2058,1.07504611888e-08,9.90922719565e-07,25450584.4116,25500000
25525096.8933,3.62725324631e-09,2.73785737597e-07,25500389.0991,25549804.6875
25574901.5808,1.33296199178e-09,8.15018687173e-09,25550193.7866,25599609.375
25624706.2683,1.50357736798e-09,8.10204894014e-09,25599998.4741,25649414.0625
25674510.9558,1.42154208066e-09,9.89179912778e-09,25649803.1616,25699218.75
25724315.6433,1.29789384537e-09,6.02983855395e-09,25699607.8491,25749023.4375
25774120.3308,1.57946534702e-09,8.25459219563e-09,25749412.5366,25798828.125
25823925.0183,1.33836612242e-09,5.53225103665e-09,25799217.2241,25848632.8125
25873729.7058,1.52222798881e-09,1.15906916573e-08,25849021.9116,25898437.5
25923534.3933,1.60831394423e-09,8.03777593028e-09,25898826.5991,25948242.1875
25973339.0808,1.48495640358e-09,1.52586170071e-08,25948631.2866,25998046.875
26023143.7683,1.49364083714e-09,6.68789772968e-09,25998435.9741,26047851.5625
26072948.4558,1.23403752054e-09,7.36182195032e-09,26048240.6616,26097656.25
26122753.1433,1.30563595436e-09,4.89641270064e-09,26098045.3491,26147460.9375
26172557.8308,1.32819906099e-09,6.02920382018e-09,26147850.0366,26197265.625
26222362.5183,1.48861001606e-09,6.94821921584e-09,26197654.7241,26247070.3125
26272167.2058,1.43115334955e-09,6.43248264731e-09,26247459.4116,26296875
26321971.8933,1.32375544975e-09,5.55151140311e-09,26297264.0991,26346679.6875
26371776.5808,1.4685604862e-09,9.89275141797e-09,26347068.7866,26396484.375
26421581.2683,1.25517967232e-09,8.51650789935e-09,26396873.4741,26446289.0625
26471385.9558,1.64341130264e-09,1.33056210717e-08,26446678.1616,26496093.75
26521190.6433,1.24040256771e-09,5.61916340916e-09,26496482.8491,26545898.4375
26570995.3308,1.25316286335e-09,6.86504530441e-09,26546287.5366,26595703.125
26620800.0183,1.43763166853e-09,6.53351086783e-09,26596092.2241,26645507.8125
26670604.7058,1.28577600819e-09,5.71067826344e-09,26645896.9116,26695312.5
26720409.3933,1.34931229341e-09,6.16996344923e-09,26695701.5991,26745117.1875
26770214.0808,1.42416524116e-09,8.59545593807e-09,26745506.2866,26794921.875
26820018.7683,1.44647899223e-09,7.81104577536e-09,26795310.9741,26844726.5625
26869823.4558,1.4944383015e-09,8.40598999084e-09,26845115.6616,26894531.25
26919628.1433,1.42395730022e-09,6.65111205171e-09,26894920.3491,26944335.9375
26969432.8308,1.23708372418e-09,5.68428111468e-09,26944725.0366,26994140.625
27019237.5183,2.00791675083e-09,3.59820323458e-08,26994529.7241,27043945.3125
27069042.2058,1.08062165113e-09,7.14767425001e-09,27044334.4116,27093750
27118846.8933,1.4389510502e-09,7.44003294933e-09,27094139.0991,27143554.6875
27168651.5808,1.32845640177e-09,7.86712223489e-09,27143943.7866,27193359.375
27218456.2683,1.42390381287e-09,7.09028746264e-09,27193748.4741,27243164.0625
27268260.9558,1.62650007112e-09,8.22254338428e-09,27243553.1616,27292968.75
27318065.6433,1.510203291e-09,1.13553020316e-08,27293357.8491,27342773.4375
27367870.3308,1.52782335676e-09,8.13460807253e-09,27343162.5366,27392578.125
27417675.0183,1.40523962009e-09,1.2229251145e-08,27392967.2241,27442382.8125
27467479.7058,1.13762968397e-09,4.60177066931e-09,27442771.9116,27492187.5
27517284.3933,1.2211853958e-09,6.51152756707e-09,27492576.5991,27541992.1875
27567089.0808,1.28938543915e-09,5.667301309e-09,27542381.2866,27591796.875
27616893.7683,1.36189901047e-09,7.33897850692e-09,27592185.9741,27641601.5625
27666698.4558,1.23690059636e-09,6.25171421819e-09,27641990.6616,27691406.25
27716503.1433,1.08585595721e-09,5.07170719665e-09,27691795.3491,27741210.9375
27766307.8308,1.22575824431e-09,5.45579110615e-09,27741600.0366,27791015.625
27816112.5183,1.19275100256e-09,7.30443840355e-09,27791404.7241,27840820.3125
27865917.2058,1.23628000799e-09,5.20441909096e-09,27841209.4116,27890625
27915721.8933,1.22330171331e-09,6.16861329543e-09,27891014.0991,27940429.6875
27965526.5808,1.13189219106e-09,6.37171950999e-09,27940818.7866,27990234.375
28015331.2683,1.62349706341e-09,8.19328227369e-09,27990623.4741,28040039.0625
28065135.9558,1.48349933311e-09,7.89903056557e-09,28040428.1616,28089843.75
28114940.6433,1.56164925848e-09,7.49003005406e-09,28090232.8491,28139648.4375
28164745.3308,1.41309490874e-09,6.68537099305e-09,28140037.5366,28189453.125
28214550.0183,1.31338280551e-09,5.61919840734e-09,28189842.2241,28239257.8125
28264354.7058,1.48023764853e-09,1.04323498546e-08,28239646.9116,28289062.5
28314159.3933,1.50031419185e-09,6.17328473598e-09,28289451.5991,28338867.1875
28363964.0808,1.26684283356e-09,8.88734849071e-09,28339256.2866,28388671.875
28413768.7683,1.12963742628e-09,6.69549244172e-09,28389060.9741,28438476.5625
28463573.4558,1.26923649992e-09,5.75842114127e-09,28438865.6616,28488281.25
28513378.1433,2.05807331175e-09,4.4760041155e-08,28488670.3491,28538085.9375
28563182.8308,1.16868980763e-09,6.76229837569e-09,28538475.0366,28587890.625
28612987.5183,1.27261375992e-09,5.75738415311e-09,28588279.7241,28637695.3125
28662792.2058,1.35115600556e-09,1.01328409731e-08,28638084.4116,28687500
28712596.8933,1.496245546e-09,6.19584390999e-09,28687889.0991,28737304.6875
28762401.5808,1.39872372722e-09,8.03229865395e-09,28737693.7866,28787109.375
28812206.2683,1.16013158936e-09,1.02831913502e-08,28787498.4741,28836914.0625
28862010.9558,1.4331853261e-09,7.76786034638e-09,28837303.1616,28886718.75
28911815.6433,1.17555726972e-09,4.51735195417e-09,28887107.8491,28936523.4375
28961620.3308,1.21663937484e-09,5.11068504962e-09,28936912.5366,28986328.125
29011425.0183,1.32883779178e-09,6.22748419699e-09,28986717.2241,29036132.8125
29061229.7058,1.3372840458e-09,8.54464189834e-09,29036521.9116,29085937.5
29111034.3933,1.54534064505e-09,8.40786401933e-09,29086326.5991,29135742.1875
29160839.0808,1.53323522186e-09,8.73817902061e-09,29136131.2866,29185546.875
29210643.7683,1.2810975336e-09,7.47780437209e-09,29185935.9741,29235351.5625
29260448.4558,1.3863412319e-09,7.81605579688e-09,29235740.6616,29285156.25
29310253.1433,1.2964232195e-09,6.39921837663e-09,29285545.3491,29334960.9375
29360057.8308,1.56913839373e-09,6.80151805379e-09,29335350.0366,29384765.625
29409862.5183,1.41096653678e-09,1.1264040726e-08,29385154.7241,29434570.3125
29459667.2058,1.21941478788e-09,4.94365947987e-09,29434959.4116,29484375
29509471.8933,1.4798982186e-09,5.63769880935e-09,29484764.0991,29534179.6875
29559276.5808,1.33015898007e-09,5.36795257729e-09,29534568.7866,29583984.375
29609081.2683,1.39879155967e-09,6.27850167092e-09,29584373.4741,29633789.0625
29658885.9558,1.36796732675e-09,8.70147793366e-09,29634178.1616,29683593.75
29708690.6433,1.60905221279e-09,1.0752939102e-08,29683982.8491,29733398.4375
29758495.3308,1.11254450808e-09,5.02386846639e-09,29733787.5366,29783203.125
29808300.0183,1.44516779304e-09,1.02265709686e-08,29783592.2241,29833007.8125
29858104.7058,1.44076141632e-09,5.82307645538e-09,29833396.9116,29882812.5
29907909.3933,1.38690264382e-09,1.03973784019e-08,29883201.5991,29932617.1875
29957714.0808,1.32106880401e-09,1.2079708244e-08,29933006.2866,29982421.875
30007518.7683,1.99917015869e-09,9.69339269417e-09,29982810.9741,30032226.5625
30057323.4558,1.14322662163e-09,5.32840938615e-09,30032615.6616,30082031.25
30107128.1433,1.36240094924e-09,5.52162083221e-09,30082420.3491,30131835.9375
30156932.8308,1.54463851388e-09,9.35965892089e-09,30132225.0366,30181640.625
30206737.5183,1.55662783656e-09,7.50679775437e-09,30182029.7241,30231445.3125
30256542.2058,1.50458573051e-09,6.37531976984e-09,30231834.4116,30281250
30306346.8933,1.84922566463e-09,8.40689508999e-09,30281639.0991,30331054.6875
30356151.5808,1.54509038344e-09,8.15474381843e-09,30331443.7866,30380859.375
30405956.2683,1.32791976577e-09,5.49849790168e-09,30381248.4741,30430664.0625
30455760.9558,1.74447466305e-09,8.95090608037e-09,30431053.1616,30480468.75
30505565.6433,1.21960346928e-09,6.27905857192e-09,30480857.8491,30530273.4375
30555370.3308,1.43480698683e-09,8.35589809635e-09,30530662.5366,30580078.125
30605175.0183,1.19900187597e-09,6.46142630214e-09,30580467.2241,30629882.8125
30654979.7058,1.26926633728e-09,8.41338769169e-09,30630271.9116,30679687.5
30704784.3933,1.28912506731e-09,7.69063507342e-09,30680076.5991,30729492.1875
30754589.0808,1.61006294139e-09,9.0679731845e-09,30729881.2866,30779296.875
30804393.7683,1.45446890102e-09,9.11275592863e-09,30779685.9741,30829101.5625
30854198.4558,1.15095217463e-09,7.01485915232e-09,30829490.6616,30878906.25
30904003.1433,1.23344799518e-09,4.65707605641e-09,30879295.3491,30928710.9375
30953807.8308,1.28089735159e-09,6.37570073051e-09,30929100.0366,30978515.625
31003612.5183,1.98510845242e-09,8.77116579626e-09,30978904.7241,31028320.3125
31053417.2058,1.12302076892e-09,4.72315779272e-09,31028709.4116,31078125
31103221.8933,1.308093175e-09,7.71284251376e-09,31078514.0991,31127929.6875
31153026.5808,1.69970391058e-09,9.94773426245e-09,31128318.7866,31177734.375
31202831.2683,1.46558199029e-09,8.79183226131e-09,31178123.4741,31227539.0625
31252635.9558,2.00120787363e-09,7.88239015422e-09,31227928.1616,31277343.75
31302440.6433,1.62687784607e-09,9.18945759427e-09,31277732.8491,31327148.4375
31352245.3308,1.67953572327e-09,9.6697862379e-09,31327537.5366,31376953.125
31402050.0183,1.53348713582e-09,7.30809169916e-09,31377342.2241,31426757.8125
31451854.7058,1.3814589141e-09,6.7292775922e-09,31427146.9116,31476562.5
31501659.3933,1.93360937996e-09,9.20217486983e-09,31476951.5991,31526367.1875
31551464.0808,1.288876331e-09,8.23196780347e-09,31526756.2866,31576171.875
31601268.7683,1.65746600478e-09,7.3612372791e-09,31576560.9741,31625976.5625
31651073.4558,1.40178664052e-09,7.96779679783e-09,31626365.6616,31675781.25
31700878.1433,1.55049975605e-09,6.0572949292e-09,31676170.3491,31725585.9375
31750682.8308,1.36022885201e-09,6.16939516124e-09,31725975.0366,31775390.625
31800487.5183,1.46580078432e-09,7.16456616963e-09,31775779.7241,31825195.3125
31850292.2058,1.42615129524e-09,7.37815106868e-09,31825584.4116,31875000
31900096.8933,1.88339711741e-09,1.54334625888e-08,31875389.0991,31924804.6875
31949901.5808,1.52190262965e-09,9.36031511662e-09,31925193.7866,31974609.375
31999706.2683,1.41725949461e-09,1.44260132004e-08,31974998.4741,32024414.0625
32049510.9558,1.41976464667e-09,6.63945043492e-09,32024803.1616,32074218.75
32099315.6433,1.5349372182e-09,9.61185628361e-09,32074607.8491,32124023.4375
32149120.3308,1.41920892017e-09,9.30703989265e-09,32124412.5366,32173828.125
32198925.0183,1.44596348864e-09,7.15555037346e-09,32174217.2241,32223632.8125
32248729.7058,1.87910970241e-09,8.20181880355e-09,32224021.9116,32273437.5
32298534.3933,1.5041663871e-09,9.13789785432e-09,32273826.5991,32323242.1875
32348339.0808,1.45878654684e-09,5.49817145173e-09,32323631.2866,32373046.875
32398143.7683,1.67403063786e-09,7.28483821933e-09,32373435.9741,32422851.5625
32447948.4558,1.52084543298e-09,5.90133242505e-09,32423240.6616,32472656.25
32497753.1433,1.49760773381e-09,8.35951453112e-09,32473045.3491,32522460.9375
32547557.8308,1.36317319463e-09,6.50363510744e-09,32522850.0366,32572265.625
32597362.5183,1.40324094973e-09,5.67343133751e-09,32572654.7241,32622070.3125
32647167.2058,1.44385859788e-09,7.62917918571e-09,32622459.4116,32671875
32696971.8933,1.81871599897e-09,8.36635704261e-09,32672264.0991,32721679.6875
32746776.5808,1.48479087647e-09,5.79320846404e-09,32722068.7866,32771484.375
32796581.2683,1.3591729918e-09,6.18531965379e-09,32771873.4741,32821289.0625
32846385.9558,1.54802969897e-09,8.20408505515e-09,32821678.1616,32871093.75
32896190.6433,1.42699023703e-09,1.21397484413e-08,32871482.8491,32920898.4375
32945995.3308,1.11601894847e-09,7.74052705861e-09,32921287.5366,32970703.125
32995800.0183,2.03959195668e-09,1.8515761115e-08,32971092.2241,33020507.8125
33045604.7058,1.64257923849e-09,1.12643847891e-08,33020896.9116,33070312.5
33095409.3933,1.73781130944e-09,1.19085283527e-08,33070701.5991,33120117.1875
33145214.0808,1.25250431395e-09,6.88920570213e-09,33120506.2866,33169921.875
33195018.7683,1.56827845457e-09,8.17763486307e-09,33170310.9741,33219726.5625
33244823.4558,1.68672864697e-09,9.24360258514e-09,33220115.6616,33269531.25
33294628.1433,1.49198565739e-09,7.17322986202e-09,33269920.3491,33319335.9375
33344432.8308,1.34897165474e-09,7.70185629065e-09,33319725.0366,33369140.625
33394237.5183,1.77946818693e-09,1.12484060856e-08,33369529.7241,33418945.3125
33444042.2058,1.50560432022e-09,9.21255523284e-09,33419334.4116,33468750
33493846.8933,1.23680486688e-09,6.34286374163e-09,33469139.0991,33518554.6875
33543651.5808,1.46696382812e-09,8.084080856e-09,33518943.7866,33568359.375
33593456.2683,1.57068802315e-09,7.67191189695e-09,33568748.4741,33618164.0625
33643260.9558,1.21981368594e-09,5.47087470556e-09,33618553.1616,33667968.75
33693065.6433,1.09626672298e-09,4.50843436631e-09,33668357.8491,33717773.4375
33742870.3308,1.15383900259e-09,6.61138839718e-09,33718162.5366,33767578.125
33792675.0183,1.58962555786e-09,7.06354946439e-09,33767967.2241,33817382.8125
33842479.7058,1.48529151809e-09,8.10830801624e-09,33817771.9116,33867187.5
33892284.3933,1.94887637346e-09,1.94459739493e-08,33867576.5991,33916992.1875
33942089.0808,1.13828702059e-09,6.04472740827e-09,33917381.2866,33966796.875
33991893.7683,1.82829106226e-09,3.76428125534e-08,33967185.9741,34016601.5625
34041698.4558,1.49881665311e-09,9.23361035855e-09,34016990.6616,34066406.25
34091503.1433,1.38798958257e-09,8.32394783243e-09,34066795.3491,34116210.9375
34141307.8308,1.43038916851e-09,7.1082422758e-09,34116600.0366,34166015.625
34191112.5183,1.34224443507e-09,1.05014355008e-08,34166404.7241,34215820.3125
34240917.2058,1.59876802039e-09,1.08559697199e-08,34216209.4116,34265625
34290721.8933,1.43523833362e-09,8.19638716858e-09,34266014.0991,34315429.6875
34340526.5808,1.12012588331e-09,5.20586654918e-09,34315818.7866,34365234.375
34390331.2683,1.33182602141e-09,6.0532116285e-09,34365623.4741,34415039.0625
34440135.9558,1.46176604212e-09,1.12306528705e-08,34415428.1616,34464843.75
34489940.6433,3.20207457102e-09,2.55520048594e-08,34465232.8491,34514648.4375
34539745.3308,1.90249288529e-09,1.18521522466e-08,34515037.5366,34564453.125
34589550.0183,1.55646013625e-09,8.078452099e-09,34564842.2241,34614257.8125
34639354.7058,1.55180210892e-09,9.74787911199e-09,34614646.9116,34664062.5
34689159.3933,1.47859039821e-09,7.16624891494e-09,34664451.5991,34713867.1875
34738964.0808,1.04028054337e-09,6.070700329e-09,34714256.2866,34763671.875
34788768.7683,1.43846424674e-09,7.93327598513e-09,34764060.9741,34813476.5625
34838573.4558,1.40128053542e-09,1.41340734667e-08,34813865.6616,34863281.25
34888378.1433,1.59345273477e-09,1.18067068737e-08,34863670.3491,34913085.9375
34938182.8308,1.28120897574e-09,5.99603373518e-09,34913475.0366,34962890.625
34987987.5183,1.36574532743e-09,7.47824152822e-09,34963279.7241,35012695.3125
35037792.2058,1.45154884899e-09,1.05891907263e-08,35013084.4116,35062500
35087596.8933,1.57010066282e-09,1.19569103701e-08,35062889.0991,35112304.6875
35137401.5808,1.17940564149e-09,6.2134854806e-09,35112693.7866,35162109.375
35187206.2683,1.9242928627e-09,1.35537587635e-08,35162498.4741,35211914.0625
35237010.9558,1.7273976779e-09,6.85305307479e-09,35212303.1616,35261718.75
35286815.6433,1.54092988085e-09,7.34161017904e-09,35262107.8491,35311523.4375
35336620.3308,1.35378457324e-09,6.21023268658e-09,35311912.5366,35361328.125
35386425.0183,1.63456820615e-09,1.12265237622e-08,35361717.2241,35411132.8125
35436229.7058,1.46831023683e-09,9.30598533381e-09,35411521.9116,35460937.5
35486034.3933,1.40136228655e-09,1.15290380204e-08,35461326.5991,35510742.1875
35535839.0808,1.21008567087e-09,5.34491425352e-09,35511131.2866,35560546.875
35585643.7683,1.96011897981e-09,1.41656158569e-08,35560935.9741,35610351.5625
35635448.4558,1.4993859882e-09,1.20354870324e-08,35610740.6616,35660156.25
35685253.1433,1.55775444187e-09,6.95424679099e-09,35660545.3491,35709960.9375
35735057.8308,2.10361567273e-09,1.12545404533e-08,35710350.0366,35759765.625
35784862.5183,1.87829702313e-09,1.16584154238e-08,35760154.7241,35809570.3125
35834667.2058,2.02383761137e-09,1.24350594618e-08,35809959.4116,35859375
35884471.8933,1.32337223342e-09,1.19092565341e-08,35859764.0991,35909179.6875
35934276.5808,1.35173714766e-09,8.06679298774e-09,35909568.7866,35958984.375
35984081.2683,4.10663465021e-07,2.78645374135e-05,35959373.4741,36008789.0625
36033885.9558,1.77860295211e-09,1.26703115759e-08,36009178.1616,36058593.75
36083690.6433,1.85740707892e-09,9.25765273725e-09,36058982.8491,36108398.4375
36133495.3308,1.90918313206e-09,1.82175097053e-08,36108787.5366,36158203.125
36183300.0183,1.79854250231e-09,9.18308387572e-09,36158592.2241,36208007.8125
36233104.7058,1.81855232564e-09,1.2489101588e-08,36208396.9116,36257812.5
36282909.3933,1.61970839842e-09,8.98473860199e-09,36258201.5991,36307617.1875
36332714.0808,1.30607189002e-09,8.18349263621e-09,36308006.2866,36357421.875
36382518.7683,1.63462402862e-09,5.45277981991e-09,36357810.9741,36407226.5625
36432323.4558,1.41429188619e-09,7.74595834607e-09,36407615.6616,36457031.25
36482128.1433,1.43549061031e-09,6.80791655462e-09,36457420.3491,36506835.9375
36531932.8308,1.12298994504e-09,8.65466230513e-09,36507225.0366,36556640.625
36581737.5183,1.36803195376e-09,7.52890229529e-09,36557029.7241,36606445.3125
36631542.2058,1.47010129944e-09,8.26494513132e-09,36606834.4116,36656250
36681346.8933,1.3542490935e-09,8.64483207646e-09,36656639.0991,36706054.6875
36731151.5808,1.55729463486e-09,7.33502876345e-09,36706443.7866,36755859.375
36780956.2683,1.60984706789e-09,6.97004389286e-09,36756248.4741,36805664.0625
36830760.9558,1.47122081608e-09,9.46369782384e-09,36806053.1616,36855468.75
36880565.6433,1.18800672116e-09,7.06132716223e-09,36855857.8491,36905273.4375
36930370.3308,1.29970130582e-09,7.09991390488e-09,36905662.5366,36955078.125
36980175.0183,1.60210145647e-09,7.36120188497e-09,36955467.2241,37004882.8125
37029979.7058,1.34672031326e-09,6.37731386343e-09,37005271.9116,37054687.5
37079784.3933,9.68283228143e-10,4.33310752721e-09,37055076.5991,37104492.1875
37129589.0808,1.16847673893e-09,9.24051772267e-09,37104881.2866,37154296.875
37179393.7683,1.31774888648e-09,1.41535887958e-08,37154685.9741,37204101.5625
37229198.4558,1.23580371782e-09,5.8150653877e-09,37204490.6616,37253906.25
37279003.1433,1.45882361888e-09,7.20296920837e-09,37254295.3491,37303710.9375
37328807.8308,1.21640450814e-09,8.07341477744e-09,37304100.0366,37353515.625
37378612.5183,1.47951905707e-09,7.94857852228e-09,37353904.7241,37403320.3125
37428417.2058,1.18459103957e-09,8.30209258984e-09,37403709.4116,37453125
37478221.8933,3.91695214044e-09,1.80986667316e-07,37453514.0991,37502929.6875
37528026.5808,1.00504563817e-09,5.60980784376e-09,37503318.7866,37552734.375
37577831.2683,1.46915303387e-09,6.85620294432e-09,37553123.4741,37602539.0625
37627635.9558,1.31559340679e-09,5.56535708977e-09,37602928.1616,37652343.75
37677440.6433,1.45114224886e-09,8.79548411094e-09,37652732.8491,37702148.4375
37727245.3308,1.27485185973e-09,6.63822672415e-09,37702537.5366,37751953.125
37777050.0183,1.23912218111e-09,7.35202666581e-09,37752342.2241,37801757.8125
37826854.7058,1.16652653022e-09,8.48259852567e-09,37802146.9116,37851562.5
37876659.3933,1.52051830946e-09,5.76466783424e-09,37851951.5991,37901367.1875
37926464.0808,9.61529197719e-10,5.44907987521e-09,37901756.2866,37951171.875
37976268.7683,1.88437277778e-09,4.32901801496e-08,37951560.9741,38000976.5625
38026073.4558,1.45046407927e-09,2.12531517468e-08,38001365.6616,38050781.25
38075878.1433,1.07111194797e-09,5.27296112062e-09,38051170.3491,38100585.9375
38125682.8308,1.29414207787e-09,5.51456307197e-09,38100975.0366,38150390.625
38175487.5183,1.05620404222e-09,6.92317973928e-09,38150779.7241,38200195.3125
38225292.2058,1.07679359512e-09,6.13767611333e-09,38200584.4116,38250000
38275096.8933,1.45722119353e-09,7.36240960042e-09,38250389.0991,38299804.6875
38324901.5808,1.45292795872e-09,5.04780376605e-09,38300193.7866,38349609.375
38374706.2683,1.23362695368e-09,9.51738210027e-09,38349998.4741,38399414.0625
38424510.9558,1.26896418527e-09,6.64665126516e-09,38399803.1616,38449218.75
38474315.6433,1.30088545615e-09,7.2575815092e-09,38449607.8491,38499023.4375
38524120.3308,1.33857614788e-09,6.53094793386e-09,38499412.5366,38548828.125
38573925.0183,1.23685057992e-09,1.03040795181e-08,38549217.2241,38598632.8125
38623729.7058,1.12405354051e-09,5.81514100534e-09,38599021.9116,38648437.5
38673534.3933,1.33728563573e-09,8.70975204754e-09,38648826.5991,38698242.1875
38723339.0808,1.09826880744e-09,6.10751275851e-09,38698631.2866,38748046.875
38773143.7683,1.26820894466e-09,5.51626470952e-09,38748435.9741,38797851.5625
38822948.4558,1.2134278993e-09,1.15323724961e-08,38798240.6616,38847656.25
38872753.1433,1.31873103272e-09,1.09632586922e-08,38848045.3491,38897460.9375
38922557.8308,1.43819696909e-09,7.27168873947e-09,38897850.0366,38947265.625
38972362.5183,1.14990735917e-09,7.74473112293e-09,38947654.7241,38997070.3125
39022167.2058,1.63745537691e-09,2.38820907603e-08,38997459.4116,39046875
39071971.8933,1.71690518849e-09,1.01636769758e-08,39047264.0991,39096679.6875
39121776.5808,1.46351318534e-09,7.77031716218e-09,39097068.7866,39146484.375
39171581.2683,1.40404443315e-09,6.99616703598e-09,39146873.4741,39196289.0625
39221385.9558,1.11088232732e-09,4.70622574072e-09,39196678.1616,39246093.75
39271190.6433,1.30629885567e-09,7.416860417e-09,39246482.8491,39295898.4375
39320995.3308,1.07957211044e-09,3.84265862266e-09,39296287.5366,39345703.125
39370800.0183,1.36931080737e-09,6.73726236018e-09,39346092.2241,39395507.8125
39420604.7058,1.20997705307e-09,4.67596077139e-09,39395896.9116,39445312.5
39470409.3933,1.0896623565e-09,5.55058718405e-09,39445701.5991,39495117.1875
39520214.0808,1.05743384009e-09,6.12700031868e-09,39495506.2866,39544921.875
39570018.7683,1.16820563637e-09,5.08573480531e-09,39545310.9741,39594726.5625
39619823.4558,1.10690103192e-09,5.14846439084e-09,39595115.6616,39644531.25
39669628.1433,1.21143067946e-09,5.64039196045e-09,39644920.3491,39694335.9375
39719432.8308,1.32022248153e-09,8.36800646028e-09,39694725.0366,39744140.625
39769237.5183,1.00085415018e-09,6.7613178433e-09,39744529.7241,39793945.3125
39819042.2058,1.16784230787e-09,7.12531827154e-09,39794334.4116,39843750
39868846.8933,1.20422035528e-09,6.07122186014e-09,39844139.0991,39893554.6875
39918651.5808,1.32097218433e-09,5.4514308912e-09,39893943.7866,39943359.375
39968456.2683,1.17022681513e-09,5.94920585371e-09,39943748.4741,39993164.0625
40018260.9558,1.84045222089e-09,2.35106744045e-08,39993553.1616,40042968.75
40068065.6433,1.16070927791e-09,4.62571423269e-09,40043357.8491,40092773.4375
40117870.3308,1.01269154606e-09,5.72869141394e-09,40093162.5366,40142578.125
40167675.0183,1.05198292103e-09,7.87355058331e-09,40142967.2241,40192382.8125
40217479.7058,1.34834013333e-09,5.72424717381e-09,40192771.9116,40242187.5
40267284.3933,1.30147053398e-09,9.67900739338e-09,40242576.5991,40291992.1875
40317089.0808,1.02842001772e-09,4.98834188825e-09,40292381.2866,40341796.875
40366893.7683,1.16583437535e-09,6.40252382556e-09,40342185.9741,40391601.5625
40416698.4558,1.17893823196e-09,6.42385410652e-09,40391990.6616,40441406.25
40466503.1433,1.54009648743e-09,6.47612553127e-09,40441795.3491,40491210.9375
40516307.8308,1.23324341595e-09,6.06960574699e-09,40491600.0366,40541015.625
40566112.5183,1.13761441941e-09,4.3737527857e-09,40541404.7241,40590820.3125
40615917.2058,1.21818022984e-09,6.46192494104e-09,40591209.4116,40640625
40665721.8933,1.72305139559e-09,7.75564689365e-09,40641014.0991,40690429.6875
40715526.5808,1.40245198186e-09,7.49002329687e-09,40690818.7866,40740234.375
40765331.2683,1.04545058301e-09,6.60591601373e-09,40740623.4741,40790039.0625
40815135.9558,1.3385728511e-09,5.71154332935e-09,40790428.1616,40839843.75
40864940.6433,1.21447341281e-09,5.49079111325e-09,40840232.8491,40889648.4375
40914745.3308,1.15061238466e-09,5.27479219475e-09,40890037.5366,40939453.125
40964550.0183,1.19073673614e-09,7.68904356217e-09,40939842.2241,40989257.8125
41014354.7058,1.40821495809e-09,1.08356844613e-08,40989646.9116,41039062.5
41064159.3933,1.22194606537e-09,1.00032962951e-08,41039451.5991,41088867.1875
41113964.0808,1.76575792249e-09,1.1769113408e-08,41089256.2866,41138671.875
41163768.7683,1.33994729143e-09,8.67259577149e-09,41139060.9741,41188476.5625
41213573.4558,1.27908809471e-09,6.37527379271e-09,41188865.6616,41238281.25
41263378.1433,9.87426614325e-10,6.32195165493e-09,41238670.3491,41288085.9375
41313182.8308,1.29288609493e-09,8.7487623638e-09,41288475.0366,41337890.625
41362987.5183,1.31629007614e-09,7.98060139147e-09,41338279.7241,41387695.3125
41412792.2058,1.38089722627e-09,1.5738655523e-08,41388084.4116,41437500
41462596.8933,1.15952797866e-09,5.52099758261e-09,41437889.0991,41487304.6875
41512401.5808,1.25442972672e-09,6.01887649738e-09,41487693.7866,41537109.375
41562206.2683,1.3211976137e-09,8.9828700488e-09,41537498.4741,41586914.0625
41612010.9558,1.56043740811e-09,1.03036268845e-08,41587303.1616,41636718.75
41661815.6433,1.40972613533e-09,8.34837900126e-09,41637107.8491,41686523.4375
41711620.3308,1.31357567974e-09,5.9108809052e-09,41686912.5366,41736328.125
41761425.0183,1.10109078812e-09,4.85368546848e-09,41736717.2241,41786132.8125
41811229.7058,1.03554614711e-09,8.88861867594e-09,41786521.9116,41835937.5
41861034.3933,1.46227964263e-09,9.27553514596e-09,41836326.5991,41885742.1875
41910839.0808,1.04126963269e-09,5.01656804098e-09,41886131.2866,41935546.875
41960643.7683,1.29718608849e-09,7.75883952327e-09,41935935.9741,41985351.5625
42010448.4558,1.38122430117e-09,9.11256201708e-09,41985740.6616,42035156.25
42060253.1433,1.29150401937e-09,8.64635198801e-09,42035545.3491,42084960.9375
42110057.8308,1.09611206355e-09,4.3583962957e-09,42085350.0366,42134765.625
42159862.5183,1.29663060464e-09,5.81658420727e-09,42135154.7241,42184570.3125
42209667.2058,1.45177564808e-09,8.87027158621e-09,42184959.4116,42234375
42259471.8933,1.30084525998e-09,5.12383145628e-09,42234764.0991,42284179.6875
42309276.5808,1.3872021281e-09,4.93911450072e-09,42284568.7866,42333984.375
42359081.2683,1.26297507958e-09,5.93612632366e-09,42334373.4741,42383789.0625
42408885.9558,1.64872851761e-09,6.39890891649e-09,42384178.1616,42433593.75
42458690.6433,1.72904428281e-09,8.66010274373e-09,42433982.8491,42483398.4375
42508495.3308,1.34924792314e-09,9.04224672227e-09,42483787.5366,42533203.125
42558300.0183,1.78149757976e-09,1.47825784718e-08,42533592.2241,42583007.8125
42608104.7058,1.57828944409e-09,9.90005495578e-09,42583396.9116,42632812.5
42657909.3933,1.47247586076e-09,8.413026228e-09,42633201.5991,42682617.1875
42707714.0808,1.27316475544e-09,4.90146823604e-09,42683006.2866,42732421.875
42757518.7683,1.63191753078e-09,7.16202793839e-09,42732810.9741,42782226.5625
42807323.4558,1.75192684605e-09,9.97324812578e-09,42782615.6616,42832031.25
42857128.1433,1.82232968464e-09,6.62760007526e-09,42832420.3491,42881835.9375
42906932.8308,1.17094254604e-09,4.93486661254e-09,42882225.0366,42931640.625
42956737.5183,1.60108695667e-09,8.37120813304e-09,42932029.7241,42981445.3125
43006542.2058,1.78105201173e-09,1.33993622533e-08,42981834.4116,43031250
43056346.8933,1.71301599065e-09,1.22228776108e-08,43031639.0991,43081054.6875
43106151.5808,1.39747114299e-09,9.29042489768e-09,43081443.7866,43130859.375
43155956.2683,1.34438602783e-09,7.27675717863e-09,43131248.4741,43180664.0625
43205760.9558,1.57450057556e-09,9.27792818869e-09,43181053.1616,43230468.75
43255565.6433,1.65092996936e-09,9.58093367038e-09,43230857.8491,43280273.4375
43305370.3308,1.49033961634e-09,1.20650434579e-08,43280662.5366,43330078.125
43355175.0183,1.94185292439e-09,1.54160284894e-08,43330467.2241,43379882.8125
43404979.7058,2.01803816053e-09,1.74247798646e-08,43380271.9116,43429687.5
43454784.3933,1.83035326851e-09,1.1524274884e-08,43430076.5991,43479492.1875
43504589.0808,1.94793137315e-09,1.48303699131e-08,43479881.2866,43529296.875
43554393.7683,1.57887759286e-09,6.29752245239e-09,43529685.9741,43579101.5625
43604198.4558,2.2175755864e-09,1.04379658281e-08,43579490.6616,43628906.25
43654003.1433,1.86764895413e-09,1.62303543091e-08,43629295.3491,43678710.9375
43703807.8308,1.71013075804e-09,9.47181546822e-09,43679100.0366,43728515.625
43753612.5183,1.79355534185e-09,8.21161291545e-09,43728904.7241,43778320.3125
43803417.2058,2.04040327491e-09,9.60435857794e-09,43778709.4116,43828125
43853221.8933,2.14738377676e-09,1.47757223327e-08,43828514.0991,43877929.6875
43903026.5808,2.22226270328e-09,1.80287044622e-08,43878318.7866,43927734.375
43952831.2683,1.70439052341e-09,1.80609765765e-08,43928123.4741,43977539.0625
44002635.9558,2.37857135212e-09,8.95186958667e-09,43977928.1616,44027343.75
44052440.6433,1.93419058051e-09,9.33162136579e-09,44027732.8491,44077148.4375
44102245.3308,1.72955168193e-09,8.52708428217e-09,44077537.5366,44126953.125
44152050.0183,2.17802054992e-09,1.43171755633e-08,44127342.2241,44176757.8125
44201854.7058,2.18038044164e-09,1.09242442619e-08,44177146.9116,44226562.5
44251659.3933,2.06388538805e-09,1.67217559613e-08,44226951.5991,44276367.1875
44301464.0808,2.1394773164e-09,1.30059666183e-08,44276756.2866,44326171.875
44351268.7683,2.20594369163e-09,2.96242774514e-08,44326560.9741,44375976.5625
44401073.4558,2.795900969e-09,2.15873711783e-08,44376365.6616,44425781.25
44450878.1433,2.66879022293e-09,3.46860258578e-08,44426170.3491,44475585.9375
44500682.8308,2.10279479755e-09,1.42426111042e-08,44475975.0366,44525390.625
44550487.5183,2.26228351287e-09,9.81694736562e-09,44525779.7241,44575195.3125
44600292.2058,2.63782568391e-09,2.56971132235e-08,44575584.4116,44625000
44650096.8933,2.16949691401e-09,1.39428815406e-08,44625389.0991,44674804.6875
44699901.5808,2.24235130376e-09,1.0976285072e-08,44675193.7866,44724609.375
44749706.2683,2.63396551689e-09,1.42786687138e-08,44724998.4741,44774414.0625
44799510.9558,3.06704497497e-09,3.24072225157e-08,44774803.1616,44824218.75
44849315.6433,1.99007013912e-09,9.03204109429e-09,44824607.8491,44874023.4375
44899120.3308,2.01838395476e-09,1.55902013917e-08,44874412.5366,44923828.125
44948925.0183,2.97103368934e-09,1.52373522263e-08,44924217.2241,44973632.8125
44998729.7058,3.58739400108e-09,6.82542032234e-08,44974021.9116,45023437.5
45048534.3933,2.63822733924e-09,1.99182114315e-08,45023826.5991,45073242.1875
45098339.0808,3.53224617298e-09,2.44739507157e-08,45073631.2866,45123046.875
45148143.7683,2.37064894322e-09,1.51352644096e-08,45123435.9741,45172851.5625
45197948.4558,2.58655204409e-09,1.7969698854e-08,45173240.6616,45222656.25
45247753.1433,2.55393011304e-09,1.25769115626e-08,45223045.3491,45272460.9375
45297557.8308,2.37186288842e-09,1.20397836543e-08,45272850.0366,45322265.625
45347362.5183,2.41704355024e-09,2.27209517753e-08,45322654.7241,45372070.3125
45397167.2058,3.87458695379e-09,5.36732818143e-08,45372459.4116,45421875
45446971.8933,3.33111353001e-09,1.91999240538e-08,45422264.0991,45471679.6875
45496776.5808,2.30331270251e-09,1.39985500093e-08,45472068.7866,45521484.375
45546581.2683,2.42059302572e-09,1.63765585517e-08,45521873.4741,45571289.0625
45596385.9558,3.35591103564e-09,4.34435352008e-08,45571678.1616,45621093.75
45646190.6433,2.79951840117e-09,5.10888725389e-08,45621482.8491,45670898.4375
45695995.3308,2.15127833916e-09,2.68843439032e-08,45671287.5366,45720703.125
45745800.0183,2.33325685951e-09,1.15904145767e-08,45721092.2241,45770507.8125
45795604.7058,3.73281260512e-09,5.24638896511e-08,45770896.9116,45820312.5
45845409.3933,2.43314002233e-09,1.78032197947e-08,45820701.5991,45870117.1875
45895214.0808,2.31798097061e-09,2.38167725158e-08,45870506.2866,45919921.875
45945018.7683,1.99074779933e-09,1.45200183998e-08,45920310.9741,45969726.5625
45994823.4558,2.98925656375e-09,4.6706252151e-08,45970115.6616,46019531.25
46044628.1433,3.15895133965e-09,4.1075702145e-08,46019920.3491,46069335.9375
46094432.8308,2.25025432635e-09,1.2643820216e-08,46069725.0366,46119140.625
46144237.5183,2.04209767956e-09,9.06949573815e-09,46119529.7241,46168945.3125
46194042.2058,3.70648708311e-09,7.80358416438e-08,46169334.4116,46218750
46243846.8933,3.11465080471e-09,5.54791980805e-08,46219139.0991,46268554.6875
46293651.5808,2.3650187731e-09,1.37706631566e-08,46268943.7866,46318359.375
46343456.2683,2.17498218212e-09,1.10963392654e-08,46318748.4741,46368164.0625
46393260.9558,4.47078846511e-09,9.52950389912e-08,46368553.1616,46417968.75
46443065.6433,3.85731742837e-09,7.62111686721e-08,46418357.8491,46467773.4375
46492870.3308,4.8483697195e-09,1.50506777368e-07,46468162.5366,46517578.125
46542675.0183,2.16321848784e-09,1.07221488298e-08,46517967.2241,46567382.8125
46592479.7058,4.14882163201e-09,8.65332395035e-08,46567771.9116,46617187.5
46642284.3933,3.37727949235e-09,9.2766130973e-08,46617576.5991,46666992.1875
46692089.0808,2.20868739572e-09,1.09228705989e-08,46667381.2866,46716796.875
46741893.7683,1.91638031732e-09,1.18910035296e-08,46717185.9741,46766601.5625
46791698.4558,5.17099720136e-09,1.05687916775e-07,46766990.6616,46816406.25
46841503.1433,3.89373045148e-09,9.81639834785e-08,46816795.3491,46866210.9375
46891307.8308,1.7562802419e-09,1.81246229933e-08,46866600.0366,46916015.625
46941112.5183,1.71896836734e-09,9.38638027702e-09,46916404.7241,46965820.3125
46990917.2058,5.42455085465e-09,1.01923139767e-07,46966209.4116,47015625
47040721.8933,3.38658600721e-09,8.07236906526e-08,47016014.0991,47065429.6875
47090526.5808,1.75710163012e-09,1.25666673448e-08,47065818.7866,47115234.375
47140331.2683,1.82929966588e-09,9.23110185105e-09,47115623.4741,47165039.0625
47190135.9558,4.51775603082e-09,1.34291789937e-07,47165428.1616,47214843.75
47239940.6433,2.79491974518e-09,9.5880927515e-08,47215232.8491,47264648.4375
47289745.3308,1.74550792138e-09,1.04252111297e-08,47265037.5366,47314453.125
47339550.0183,1.74030337183e-09,1.11302864219e-08,47314842.2241,47364257.8125
47389354.7058,4.27016228878e-09,1.22820334798e-07,47364646.9116,47414062.5
47439159.3933,3.86518046153e-09,1.13191585761e-07,47414451.5991,47463867.1875
47488964.0808,2.17262585228e-09,1.193753191e-08,47464256.2866,47513671.875
47538768.7683,2.00697467092e-09,1.07861237762e-08,47514060.9741,47563476.5625
47588573.4558,4.42247933258e-09,7.63055382113e-08,47563865.6616,47613281.25
47638378.1433,3.86055499763e-09,7.20212039666e-08,47613670.3491,47663085.9375
47688182.8308,2.23771783899e-09,1.34229427674e-08,47663475.0366,47712890.625
47737987.5183,2.55460364572e-09,2.58361263618e-08,47713279.7241,47762695.3125
47787792.2058,5.45491521643e-09,1.06205169505e-07,47763084.4116,47812500
47837596.8933,3.69938798176e-09,5.28144073953e-08,47812889.0991,47862304.6875
47887401.5808,2.56946767585e-09,1.65460307162e-08,47862693.7866,47912109.375
47937206.2683,3.0996363098e-09,2.33738485189e-08,47912498.4741,47961914.0625
47987010.9558,4.25436406118e-08,3.17036860184e-06,47962303.1616,48011718.75
48036815.6433,3.77678183719e-09,4.42314980219e-08,48012107.8491,48061523.4375
48086620.3308,2.99647790381e-09,2.43611364947e-08,48061912.5366,48111328.125
48136425.0183,3.12676285154e-09,2.32795544407e-08,48111717.2241,48161132.8125
48186229.7058,3.83776974455e-09,6.65874950575e-08,48161521.9116,48210937.5
48236034.3933,3.26642414765e-09,4.34448651969e-08,48211326.5991,48260742.1875
48285839.0808,3.0848970769e-09,2.90434641977e-08,48261131.2866,48310546.875
48335643.7683,3.16555202725e-09,1.7615274897e-08,48310935.9741,48360351.5625
48385448.4558,3.78832231253e-09,4.25341681115e-08,48360740.6616,48410156.25
48435253.1433,2.51966147706e-09,3.88624674258e-08,48410545.3491,48459960.9375
48485057.8308,1.95488299189e-09,1.22902800107e-08,48460350.0366,48509765.625
48534862.5183,1.86964836307e-09,6.97805427612e-09,48510154.7241,48559570.3125
48584667.2058,2.30489966447e-09,4.8303959775e-08,48559959.4116,48609375
48634471.8933,2.27532086324e-09,3.11682114947e-08,48609764.0991,48659179.6875
48684276.5808,1.67057436166e-09,1.1564761386e-08,48659568.7866,48708984.375
48734081.2683,1.4241418581e-09,7.14143551105e-09,48709373.4741,48758789.0625
48783885.9558,2.26014680774e-09,2.78539089061e-08,48759178.1616,48808593.75
48833690.6433,2.07358316414e-09,1.89631786205e-08,48808982.8491,48858398.4375
48883495.3308,1.88031864587e-09,7.70184733141e-09,48858787.5366,48908203.125
48933300.0183,1.92534534337e-09,1.12689463328e-08,48908592.2241,48958007.8125
48983104.7058,2.8784241982e-09,1.73012618004e-08,48958396.9116,49007812.5
49032909.3933,1.69730580824e-09,2.07627227842e-08,49008201.5991,49057617.1875
49082714.0808,1.67716230854e-09,1.45460816718e-08,49058006.2866,49107421.875
49132518.7683,1.92041805572e-09,1.27213762707e-08,49107810.9741,49157226.5625
49182323.4558,1.84682658289e-09,1.48753391297e-08,49157615.6616,49207031.25
49232128.1433,1.89681930428e-09,1.17316857818e-08,49207420.3491,49256835.9375
49281932.8308,1.32141286351e-09,4.86007910895e-09,49257225.0366,49306640.625
49331737.5183,1.1781837732e-09,5.42412088153e-09,49307029.7241,49356445.3125
49381542.2058,2.02991875021e-09,1.48691999409e-08,49356834.4116,49406250
49431346.8933,1.55221940542e-09,1.16512717898e-08,49406639.0991,49456054.6875
49481151.5808,1.93382600763e-09,2.22019467562e-08,49456443.7866,49505859.375
49530956.2683,1.84109954264e-09,9.55297329164e-09,49506248.4741,49555664.0625
49580760.9558,1.81808984292e-09,2.12526219139e-08,49556053.1616,49605468.75
49630565.6433,1.61142148408e-09,1.46586016792e-08,49605857.8491,49655273.4375
49680370.3308,1.63137393745e-09,6.64764594316e-09,49655662.5366,49705078.125
49730175.0183,1.5138811407e-09,7.87561423602e-09,49705467.2241,49754882.8125
49779979.7058,1.65639872817e-09,1.82522690472e-08,49755271.9116,49804687.5
49829784.3933,2.0550303042e-09,2.19586265162e-08,49805076.5991,49854492.1875
49879589.0808,2.20044897555e-09,1.08718649394e-08,49854881.2866,49904296.875
49929393.7683,1.76099226946e-09,9.62883782466e-09,49904685.9741,49954101.5625
49979198.4558,2.96625208587e-09,6.5833370796e-08,49954490.6616,50003906.25
50029003.1433,2.80861690631e-09,4.01118008291e-08,50004295.3491,50053710.9375
50078807.8308,1.54426145673e-09,6.85555297583e-09,50054100.0366,50103515.625
50128612.5183,1.75250874748e-09,9.46408651852e-09,50103904.7241,50153320.3125
50178417.2058,1.55520418137e-09,1.04662912865e-08,50153709.4116,50203125
50228221.8933,1.96839740321e-09,7.36288379301e-09,50203514.0991,50252929.6875
50278026.5808,1.70790693796e-09,9.09168144768e-09,50253318.7866,50302734.375
50327831.2683,2.02169760299e-09,1.24694127542e-08,50303123.4741,50352539.0625
50377635.9558,2.15652314673e-09,8.52535731261e-09,50352928.1616,50402343.75
50427440.6433,2.61323594392e-09,1.4989888486e-08,50402732.8491,50452148.4375
50477245.3308,2.2176855558e-09,1.11224703585e-08,50452537.5366,50501953.125
50527050.0183,2.73719397718e-09,1.10678830249e-08,50502342.2241,50551757.8125
50576854.7058,2.38164350274e-09,1.43862580625e-08,50552146.9116,50601562.5
50626659.3933,2.14613734406e-09,8.22624082304e-09,50601951.5991,50651367.1875
50676464.0808,2.06714756582e-09,1.25721019556e-08,50651756.2866,50701171.875
50726268.7683,2.1877809111e-09,1.4225803016e-08,50701560.9741,50750976.5625
50776073.4558,2.14616404412e-09,1.03662387879e-08,50751365.6616,50800781.25
50825878.1433,1.76789538925e-09,8.70520180582e-09,50801170.3491,50850585.9375
50875682.8308,2.2482793161e-09,1.02303010729e-08,50850975.0366,50900390.625
50925487.5183,1.85395919182e-09,1.50830987923e-08,50900779.7241,50950195.3125
50975292.2058,5.05540242039e-09,2.2494067731e-07,50950584.4116,51000000
51025096.8933,3.2419881345e-09,9.2746871475e-08,51000389.0991,51049804.6875
51074901.5808,2.9390993435e-09,1.32838020758e-08,51050193.7866,51099609.375
51124706.2683,2.60862352633e-09,9.88448023877e-09,51099998.4741,51149414.0625
51174510.9558,2.31812854676e-09,1.531954869e-08,51149803.1616,51199218.75
51224315.6433,2.47816657751e-09,9.87081187978e-09,51199607.8491,51249023.4375
51274120.3308,2.50561756594e-09,1.28860387407e-08,51249412.5366,51298828.125
51323925.0183,1.99365442002e-09,8.51963764732e-09,51299217.2241,51348632.8125
51373729.7058,2.32690533724e-09,9.63300741983e-09,51349021.9116,51398437.5
51423534.3933,1.98069832718e-09,1.1274324696e-08,51398826.5991,51448242.1875
51473339.0808,2.56467601137e-09,1.01205175362e-08,51448631.2866,51498046.875
51523143.7683,2.08749527543e-09,1.0627970123e-08,51498435.9741,51547851.5625
51572948.4558,2.67862862286e-09,1.82880644685e-08,51548240.6616,51597656.25
51622753.1433,2.42471203356e-09,1.60781777523e-08,51598045.3491,51647460.9375
51672557.8308,2.24120085109e-09,1.03541676666e-08,51647850.0366,51697265.625
51722362.5183,2.44400438382e-09,1.54837872156e-08,51697654.7241,51747070.3125
51772167.2058,2.07184450702e-09,9.07394104042e-09,51747459.4116,51796875
51821971.8933,1.68752719724e-09,8.03990699515e-09,51797264.0991,51846679.6875
51871776.5808,2.53781720361e-09,1.6212278944e-08,51847068.7866,51896484.375
51921581.2683,2.28704903312e-09,1.20798025309e-08,51896873.4741,51946289.0625
51971385.9558,2.54224015266e-09,1.27842053872e-08,51946678.1616,51996093.75
52021190.6433,2.44937053666e-09,1.51885070944e-08,51996482.8491,52045898.4375
52070995.3308,2.25032457011e-09,1.28904706131e-08,52046287.5366,52095703.125
52120800.0183,2.17006436749e-09,1.53396031203e-08,52096092.2241,52145507.8125
52170604.7058,1.9215724912e-09,1.14600817758e-08,52145896.9116,52195312.5
52220409.3933,2.95535758995e-09,2.00428967743e-08,52195701.5991,52245117.1875
52270214.0808,2.62255819538e-09,1.49664797359e-08,52245506.2866,52294921.875
52320018.7683,2.34879484003e-09,1.07504976347e-08,52295310.9741,52344726.5625
52369823.4558,2.56707270646e-09,1.46695550043e-08,52345115.6616,52394531.25
52419628.1433,2.22141213021e-09,1.06220195168e-08,52394920.3491,52444335.9375
52469432.8308,2.68869723525e-09,1.36688681966e-08,52444725.0366,52494140.625
52519237.5183,2.53665772447e-09,1.70452625712e-08,52494529.7241,52543945.3125
52569042.2058,2.31466287315e-09,1.21289145007e-08,52544334.4116,52593750
52618846.8933,2.31261639979e-09,9.30498042372e-09,52594139.0991,52643554.6875
52668651.5808,1.91770753008e-09,1.48716256355e-08,52643943.7866,52693359.375
52718456.2683,2.27380604858e-09,1.17603592291e-08,52693748.4741,52743164.0625
52768260.9558,2.37438548724e-09,1.43301321831e-08,52743553.1616,52792968.75
52818065.6433,2.41989790013e-09,1.35866866445e-08,52793357.8491,52842773.4375
52867870.3308,1.88582231229e-09,1.75879576983e-08,52843162.5366,52892578.125
52917675.0183,2.33356002458e-09,1.49472781511e-08,52892967.2241,52942382.8125
52967479.7058,2.6453865166e-09,1.60450149108e-08,52942771.9116,52992187.5
53017284.3933,2.86452725677e-09,2.33236617845e-08,52992576.5991,53041992.1875
53067089.0808,2.30243343854e-09,1.41447132583e-08,53042381.2866,53091796.875
53116893.7683,2.97012679319e-09,2.09362243563e-08,53092185.9741,53141601.5625
53166698.4558,3.14471051837e-09,1.64724278908e-08,53141990.6616,53191406.25
53216503.1433,2.91773986174e-09,1.93167300519e-08,53191795.3491,53241210.9375
53266307.8308,2.64122204803e-09,1.78326468783e-08,53241600.0366,53291015.625
53316112.5183,2.60103833782e-09,1.28998376858e-08,53291404.7241,53340820.3125
53365917.2058,3.23445919505e-09,2.13153007081e-08,53341209.4116,53390625
53415721.8933,2.91280707516e-09,1.92880224542e-08,53391014.0991,53440429.6875
53465526.5808,2.71589568045e-09,1.28703826596e-08,53440818.7866,53490234.375
53515331.2683,3.11124322982e-09,1.48539876091e-08,53490623.4741,53540039.0625
53565135.9558,2.72664411132e-09,1.52004114194e-08,53540428.1616,53589843.75
53614940.6433,3.02266473139e-09,1.40210115614e-08,53590232.8491,53639648.4375
53664745.3308,3.17167348563e-09,1.89272239424e-08,53640037.5366,53689453.125
53714550.0183,2.85569952159e-09,1.52956279757e-08,53689842.2241,53739257.8125
53764354.7058,3.41078079768e-09,1.59609868554e-08,53739646.9116,53789062.5
53814159.3933,3.05199344024e-09,2.33221065102e-08,53789451.5991,53838867.1875
53863964.0808,4.01371516494e-09,2.55009432376e-08,53839256.2866,53888671.875
53913768.7683,3.14723332042e-09,1.38161121403e-08,53889060.9741,53938476.5625
53963573.4558,3.31698120502e-09,1.54535603253e-08,53938865.6616,53988281.25
54013378.1433,4.44875242363e-09,2.40910877749e-08,53988670.3491,54038085.9375
54063182.8308,3.986956787e-09,2.50163701837e-08,54038475.0366,54087890.625
54112987.5183,3.66524729655e-09,1.7830253573e-08,54088279.7241,54137695.3125
54162792.2058,4.02161690041e-09,2.14617960086e-08,54138084.4116,54187500
54212596.8933,3.58281541938e-09,2.40806222016e-08,54187889.0991,54237304.6875
54262401.5808,3.61503631155e-09,1.66905552331e-08,54237693.7866,54287109.375
54312206.2683,4.07363382559e-09,2.01371591302e-08,54287498.4741,54336914.0625
54362010.9558,4.47904670908e-09,2.46836578233e-08,54337303.1616,54386718.75
54411815.6433,4.96458377859e-09,3.3568259967e-08,54387107.8491,54436523.4375
54461620.3308,4.35001457006e-09,2.14034529316e-08,54436912.5366,54486328.125
54511425.0183,5.06757154074e-09,2.04694826199e-08,54486717.2241,54536132.8125
54561229.7058,6.58707907691e-09,6.50495274295e-08,54536521.9116,54585937.5
54611034.3933,4.3127069276e-09,2.21037820826e-08,54586326.5991,54635742.1875
54660839.0808,5.16330665453e-09,2.78856594262e-08,54636131.2866,54685546.875
54710643.7683,4.7318033387e-09,2.38963976574e-08,54685935.9741,54735351.5625
54760448.4558,6.25038778571e-09,3.97703290664e-08,54735740.6616,54785156.25
54810253.1433,4.96032157426e-09,7.92552369339e-08,54785545.3491,54834960.9375
54860057.8308,4.8468849101e-09,2.41305248824e-08,54835350.0366,54884765.625
54909862.5183,3.18317257175e-09,1.78806307679e-08,54885154.7241,54934570.3125
54959667.2058,5.73076593691e-09,6.49860605234e-08,54934959.4116,54984375
55009471.8933,6.13787706393e-09,3.74715456401e-08,54984764.0991,55034179.6875
55059276.5808,4.29433210996e-09,4.3513272328e-08,55034568.7866,55083984.375
55109081.2683,4.47986234501e-09,2.29880062289e-08,55084373.4741,55133789.0625
55158885.9558,5.39633270894e-09,3.8735997225e-08,55134178.1616,55183593.75
55208690.6433,5.44491218035e-09,5.30709966146e-08,55183982.8491,55233398.4375
55258495.3308,4.05001850448e-09,1.93490494314e-08,55233787.5366,55283203.125
55308300.0183,6.13880507261e-09,4.27154871e-08,55283592.2241,55333007.8125
55358104.7058,6.33078142768e-09,8.30248391697e-08,55333396.9116,55382812.5
55407909.3933,6.35490082187e-09,7.08973363642e-08,55383201.5991,55432617.1875
55457714.0808,7.22032501109e-09,3.33207348818e-08,55433006.2866,55482421.875
55507518.7683,6.18145888578e-09,2.95726171398e-08,55482810.9741,55532226.5625
55557323.4558,7.99571859021e-09,5.78676076567e-08,55532615.6616,55582031.25
55607128.1433,6.11197277333e-09,3.55334708486e-08,55582420.3491,55631835.9375
55656932.8308,4.70506075242e-09,3.01605287171e-08,55632225.0366,55681640.625
55706737.5183,4.99115798725e-09,2.91366085681e-08,55682029.7241,55731445.3125
55756542.2058,7.02104799819e-09,9.9969101322e-08,55731834.4116,55781250
55806346.8933,6.94150580846e-09,1.06977871746e-07,55781639.0991,55831054.6875
55856151.5808,6.42787652607e-09,3.68403494583e-08,55831443.7866,55880859.375
55905956.2683,4.90163591374e-09,1.83335835954e-08,55881248.4741,55930664.0625
55955760.9558,6.99874294644e-09,8.00282617874e-08,55931053.1616,55980468.75
56005565.6433,5.93508481478e-09,5.98571895476e-08,55980857.8491,56030273.4375
56055370.3308,6.08366554389e-09,3.21873036849e-08,56030662.5366,56080078.125
56105175.0183,5.29215453344e-09,3.78631585024e-08,56080467.2241,56129882.8125
56154979.7058,6.08868364539e-09,4.91678804869e-08,56130271.9116,56179687.5
56204784.3933,5.59776972457e-09,2.79186235735e-08,56180076.5991,56229492.1875
56254589.0808,4.60627100465e-09,2.20919299228e-08,56229881.2866,56279296.875
56304393.7683,5.02855104517e-09,2.18317407713e-08,56279685.9741,56329101.5625
56354198.4558,5.78455050504e-09,2.86151419878e-08,56329490.6616,56378906.25
56404003.1433,5.29014265047e-09,2.98979469076e-08,56379295.3491,56428710.9375
56453807.8308,5.11749634647e-09,2.33587847147e-08,56429100.0366,56478515.625
56503612.5183,5.89774730622e-09,3.1691423413e-08,56478904.7241,56528320.3125
56553417.2058,5.56275622334e-09,4.78166364641e-08,56528709.4116,56578125
56603221.8933,4.9506255651e-09,2.53535554626e-08,56578514.0991,56627929.6875
56653026.5808,5.68096787469e-09,2.32491721181e-08,56628318.7866,56677734.375
56702831.2683,4.6955946547e-09,2.84743692723e-08,56678123.4741,56727539.0625
56752635.9558,4.6810821427e-09,2.81657090667e-08,56727928.1616,56777343.75
56802440.6433,5.31939134912e-09,3.18310783074e-08,56777732.8491,56827148.4375
56852245.3308,6.53573050106e-09,3.8754756678e-08,56827537.5366,56876953.125
56902050.0183,5.55796752134e-09,2.40587105412e-08,56877342.2241,56926757.8125
56951854.7058,6.24097846865e-09,3.37986097758e-08,56927146.9116,56976562.5
57001659.3933,4.74468572424e-09,4.2981764066e-08,56976951.5991,57026367.1875
57051464.0808,4.79579119093e-09,4.49097223499e-08,57026756.2866,57076171.875
57101268.7683,5.2354246148e-09,2.42803034223e-08,57076560.9741,57125976.5625
57151073.4558,4.54898515702e-09,2.18666968117e-08,57126365.6616,57175781.25
57200878.1433,3.38118822656e-09,1.56286516722e-08,57176170.3491,57225585.9375
57250682.8308,4.04145638249e-09,1.84457911068e-08,57225975.0366,57275390.625
57300487.5183,5.59403797727e-09,4.1332434987e-08,57275779.7241,57325195.3125
57350292.2058,4.64121988164e-09,3.18064874548e-08,57325584.4116,57375000
57400096.8933,5.25068581614e-09,2.71495071988e-08,57375389.0991,57424804.6875
57449901.5808,4.25082697892e-09,2.40582498638e-08,57425193.7866,57474609.375
57499706.2683,4.51302999739e-09,1.73870741762e-08,57474998.4741,57524414.0625
57549510.9558,4.74296304925e-09,2.85609471535e-08,57524803.1616,57574218.75
57599315.6433,4.11775299849e-09,1.81255713362e-08,57574607.8491,57624023.4375
57649120.3308,3.36729913286e-09,1.78450580236e-08,57624412.5366,57673828.125
57698925.0183,4.34106842749e-09,1.96053468553e-08,57674217.2241,57723632.8125
57748729.7058,4.86172355528e-09,2.95328068578e-08,57724021.9116,57773437.5
57798534.3933,4.46081178725e-09,2.33560881608e-08,57773826.5991,57823242.1875
57848339.0808,3.68707045458e-09,1.53659441259e-08,57823631.2866,57873046.875
57898143.7683,4.11852528729e-09,2.41309839759e-08,57873435.9741,57922851.5625
57947948.4558,4.20425838295e-09,2.20997605402e-08,57923240.6616,57972656.25
57997753.1433,4.09478250305e-09,2.92579017536e-08,57973045.3491,58022460.9375
58047557.8308,4.59134639282e-09,2.26231902614e-08,58022850.0366,58072265.625
58097362.5183,4.66193895398e-09,2.01904682113e-08,58072654.7241,58122070.3125
58147167.2058,4.24276593228e-09,3.8408709681e-08,58122459.4116,58171875
58196971.8933,5.32248326594e-09,2.85082518912e-08,58172264.0991,58221679.6875
58246776.5808,3.56061583394e-09,2.13078144386e-08,58222068.7866,58271484.375
58296581.2683,3.75492066983e-09,1.92826125634e-08,58271873.4741,58321289.0625
58346385.9558,4.56440484048e-09,3.64979872482e-08,58321678.1616,58371093.75
58396190.6433,3.45912202251e-09,1.5642774739e-08,58371482.8491,58420898.4375
58445995.3308,3.71337695514e-09,2.413096841e-08,58421287.5366,58470703.125
58495800.0183,5.92989852605e-09,8.57168633319e-08,58471092.2241,58520507.8125
58545604.7058,5.10468347164e-09,4.99640242786e-08,58520896.9116,58570312.5
58595409.3933,4.74140567877e-09,3.90349283291e-08,58570701.5991,58620117.1875
58645214.0808,4.20131312191e-09,3.02155268452e-08,58620506.2866,58669921.875
58695018.7683,3.55002133198e-09,1.8795528877e-08,58670310.9741,58719726.5625
58744823.4558,3.93053588354e-09,3.26051139029e-08,58720115.6616,58769531.25
58794628.1433,5.05389417037e-09,5.37382599308e-08,58769920.3491,58819335.9375
58844432.8308,4.71071532268e-09,2.111630548e-08,58819725.0366,58869140.625
58894237.5183,3.2859752811e-09,1.18934352368e-08,58869529.7241,58918945.3125
58944042.2058,3.24142533857e-09,3.37002175087e-08,58919334.4116,58968750
58993846.8933,5.02267541757e-09,3.83826104651e-08,58969139.0991,59018554.6875
59043651.5808,3.89852274946e-09,1.4842306193e-08,59018943.7866,59068359.375
59093456.2683,3.36011326682e-09,1.79989006602e-08,59068748.4741,59118164.0625
59143260.9558,3.55607477965e-09,5.25850780272e-08,59118553.1616,59167968.75
59193065.6433,3.43997346711e-09,1.83906626772e-08,59168357.8491,59217773.4375
59242870.3308,3.44207800103e-09,4.6865514826e-08,59218162.5366,59267578.125
59292675.0183,3.11117353192e-09,1.27335748328e-08,59267967.2241,59317382.8125
59342479.7058,4.37850295213e-09,1.96202910834e-08,59317771.9116,59367187.5
59392284.3933,3.39011984462e-09,1.45873613998e-08,59367576.5991,59416992.1875
59442089.0808,3.41793465598e-09,2.44688097941e-08,59417381.2866,59466796.875
59491893.7683,3.20114710839e-09,1.50085927039e-08,59467185.9741,59516601.5625
59541698.4558,4.05542331969e-09,2.22330993892e-08,59516990.6616,59566406.25
59591503.1433,3.39940395068e-09,1.86187807013e-08,59566795.3491,59616210.9375
59641307.8308,3.83645084599e-09,2.13176151925e-08,59616600.0366,59666015.625
59691112.5183,2.99147470878e-09,1.92822109375e-08,59666404.7241,59715820.3125
59740917.2058,4.16762645398e-09,3.04641752318e-08,59716209.4116,59765625
59790721.8933,3.02233040972e-09,2.13947187083e-08,59766014.0991,59815429.6875
59840526.5808,3.47988154804e-09,1.36235797197e-08,59815818.7866,59865234.375
59890331.2683,3.82377590392e-09,1.72896245304e-08,59865623.4741,59915039.0625
59940135.9558,4.50093571074e-09,2.03686951705e-08,59915428.1616,59964843.75
59989940.6433,1.26416893181e-07,8.58478714111e-06,59965232.8491,60014648.4375
60039745.3308,4.79713872647e-09,5.02433382828e-08,60015037.5366,60064453.125
60089550.0183,4.50667719243e-09,2.2133197278e-08,60064842.2241,60114257.8125
60139354.7058,3.7749388011e-09,1.60682964872e-08,60114646.9116,60164062.5
60189159.3933,4.73230008062e-09,2.57213123374e-08,60164451.5991,60213867.1875
60238964.0808,3.43701040659e-09,1.62643274108e-08,60214256.2866,60263671.875
60288768.7683,6.70962526577e-09,3.18970921709e-08,60264060.9741,60313476.5625
60338573.4558,4.02469357356e-09,2.19442536634e-08,60313865.6616,60363281.25
60388378.1433,4.2970172547e-09,3.57153965469e-08,60363670.3491,60413085.9375
60438182.8308,3.42518000806e-09,2.29849226324e-08,60413475.0366,60462890.625
60487987.5183,3.26076776722e-09,1.44526665065e-08,60463279.7241,60512695.3125
60537792.2058,3.48831527865e-09,2.8628072433e-08,60513084.4116,60562500
60587596.8933,2.82431047644e-09,1.78852186658e-08,60562889.0991,60612304.6875
60637401.5808,3.1108479511e-09,1.31869612771e-08,60612693.7866,60662109.375
60687206.2683,2.56191434969e-09,1.73652117855e-08,60662498.4741,60711914.0625
60737010.9558,2.09051442202e-09,8.9626386195e-09,60712303.1616,60761718.75
60786815.6433,2.9502342803e-09,1.11830738018e-08,60762107.8491,60811523.4375
60836620.3308,2.55820240154e-09,1.01489849445e-08,60811912.5366,60861328.125
60886425.0183,3.21829437327e-09,1.75987744447e-08,60861717.2241,60911132.8125
60936229.7058,2.42420284279e-09,1.43396522385e-08,60911521.9116,60960937.5
60986034.3933,3.05554920736e-09,1.40580017873e-08,60961326.5991,61010742.1875
61035839.0808,2.78168308742e-09,1.68515491485e-08,61011131.2866,61060546.875
61085643.7683,2.78614574994e-09,1.30659785816e-08,61060935.9741,61110351.5625
61135448.4558,3.27005328195e-09,2.55920958997e-08,61110740.6616,61160156.25
61185253.1433,2.81773165466e-09,1.39448011167e-08,61160545.3491,61209960.9375
61235057.8308,2.58744255571e-09,9.77320354195e-09,61210350.0366,61259765.625
61284862.5183,2.86125977305e-09,1.85790374129e-08,61260154.7241,61309570.3125
61334667.2058,2.71086382446e-09,1.52990503722e-08,61309959.4116,61359375
61384471.8933,2.79056687644e-09,1.30762244861e-08,61359764.0991,61409179.6875
61434276.5808,2.32456144734e-09,1.43402894926e-08,61409568.7866,61458984.375
61484081.2683,2.11643628792e-09,1.34661216257e-08,61459373.4741,61508789.0625
61533885.9558,1.80840889874e-09,9.14321943761e-09,61509178.1616,61558593.75
61583690.6433,2.41842895569e-09,1.09393268528e-08,61558982.8491,61608398.4375
61633495.3308,1.87873863188e-09,1.21661551027e-08,61608787.5366,61658203.125
61683300.0183,2.48182063346e-09,1.05937168769e-08,61658592.2241,61708007.8125
61733104.7058,2.40087100779e-09,1.22727738237e-08,61708396.9116,61757812.5
61782909.3933,2.02932329961e-09,1.662321072e-08,61758201.5991,61807617.1875
61832714.0808,1.94015585989e-09,1.09659701068e-08,61808006.2866,61857421.875
61882518.7683,2.32410389212e-09,1.46562890691e-08,61857810.9741,61907226.5625
61932323.4558,2.80616190553e-09,1.22068305343e-08,61907615.6616,61957031.25
61982128.1433,2.88767315521e-09,1.61243759719e-08,61957420.3491,62006835.9375
62031932.8308,3.99611723633e-09,6.84627916991e-08,62007225.0366,62056640.625
62081737.5183,2.25442511294e-09,1.02422682104e-08,62057029.7241,62106445.3125
62131542.2058,2.42648999409e-09,1.63898630698e-08,62106834.4116,62156250
62181346.8933,2.33022559737e-09,1.62381009809e-08,62156639.0991,62206054.6875
62231151.5808,2.93172952536e-09,1.28479162892e-08,62206443.7866,62255859.375
62280956.2683,2.24848183844e-09,1.06093672484e-08,62256248.4741,62305664.0625
62330760.9558,2.56684130877e-09,1.50583814776e-08,62306053.1616,62355468.75
62380565.6433,2.83412434543e-09,1.46871648404e-08,62355857.8491,62405273.4375
62430370.3308,2.50992984647e-09,1.25146737462e-08,62405662.5366,62455078.125
62480175.0183,3.04452857716e-09,1.46324770317e-08,62455467.2241,62504882.8125
62529979.7058,2.33295673191e-09,1.69665305823e-08,62505271.9116,62554687.5
62579784.3933,2.80577153902e-09,1.24598431929e-08,62555076.5991,62604492.1875
62629589.0808,2.29780544239e-09,1.24934918351e-08,62604881.2866,62654296.875
62679393.7683,2.78080737235e-09,2.24174575692e-08,62654685.9741,62704101.5625
62729198.4558,2.33401414529e-09,9.91589414205e-09,62704490.6616,62753906.25
62779003.1433,2.84815696415e-09,1.70375316411e-08,62754295.3491,62803710.9375
62828807.8308,1.91142632512e-09,1.06180223287e-08,62804100.0366,62853515.625
62878612.5183,2.95682812316e-09,1.48779199739e-08,62853904.7241,62903320.3125
62928417.2058,2.32793079556e-09,1.51313072032e-08,62903709.4116,62953125
62978221.8933,3.34443495311e-09,5.43140951169e-08,62953514.0991,63002929.6875
63028026.5808,2.37284133425e-09,1.14207361017e-08,63003318.7866,63052734.375
63077831.2683,2.71119572879e-09,2.36565984925e-08,63053123.4741,63102539.0625
63127635.9558,3.17785306288e-09,1.7934664428e-08,63102928.1616,63152343.75
63177440.6433,3.13812225152e-09,1.62663907112e-08,63152732.8491,63202148.4375
63227245.3308,3.54478484513e-09,1.37996299702e-08,63202537.5366,63251953.125
63277050.0183,3.10885443204e-09,1.72251580665e-08,63252342.2241,63301757.8125
63326854.7058,2.29500030963e-09,1.11813359032e-08,63302146.9116,63351562.5
63376659.3933,2.88736666573e-09,1.51080456114e-08,63351951.5991,63401367.1875
63426464.0808,2.49973774407e-09,1.37917385677e-08,63401756.2866,63451171.875
63476268.7683,3.42325306084e-09,1.8092311876e-08,63451560.9741,63500976.5625
63526073.4558,3.4387337261e-09,2.30798847387e-08,63501365.6616,63550781.25
63575878.1433,2.74055307327e-09,1.49928867001e-08,63551170.3491,63600585.9375
63625682.8308,3.13656040629e-09,2.35024721421e-08,63600975.0366,63650390.625
63675487.5183,2.58388926239e-09,1.05727812945e-08,63650779.7241,63700195.3125
63725292.2058,3.21938883896e-09,1.86173378124e-08,63700584.4116,63750000
63775096.8933,2.96969864471e-09,1.34601110901e-08,63750389.0991,63799804.6875
63824901.5808,3.19116214156e-09,1.20005312671e-08,63800193.7866,63849609.375
63874706.2683,3.4239954584e-09,1.53536032119e-08,63849998.4741,63899414.0625
63924510.9558,3.01845022293e-09,1.31450913193e-08,63899803.1616,63949218.75
63974315.6433,3.07679219424e-09,1.54247801581e-08,63949607.8491,63999023.4375
64024120.3308,2.89438939278e-09,1.59029491922e-08,63999412.5366,64048828.125
64073925.0183,3.06292405519e-09,1.49085345888e-08,64049217.2241,64098632.8125
64123729.7058,3.44792816092e-09,1.29408001975e-08,64099021.9116,64148437.5
64173534.3933,2.91690865695e-09,1.42210186971e-08,64148826.5991,64198242.1875
64223339.0808,3.85336247794e-09,1.73788116514e-08,64198631.2866,64248046.875
64273143.7683,4.06602223179e-09,1.57281943708e-08,64248435.9741,64297851.5625
64322948.4558,3.27334786683e-09,1.45557852625e-08,64298240.6616,64347656.25
64372753.1433,3.32105461568e-09,1.76550883064e-08,64348045.3491,64397460.9375
64422557.8308,3.12510909439e-09,1.40399679815e-08,64397850.0366,64447265.625
64472362.5183,4.08277047448e-09,2.64531091794e-08,64447654.7241,64497070.3125
64522167.2058,4.25324424382e-09,2.55443543015e-08,64497459.4116,64546875
64571971.8933,3.7430002116e-09,2.012871561e-08,64547264.0991,64596679.6875
64621776.5808,3.18183663814e-09,1.42557001002e-08,64597068.7866,64646484.375
64671581.2683,3.41499940749e-09,2.57504469945e-08,64646873.4741,64696289.0625
64721385.9558,3.81841050501e-09,1.93253246364e-08,64696678.1616,64746093.75
64771190.6433,3.70185032169e-09,1.55576082286e-08,64746482.8491,64795898.4375
64820995.3308,3.16678037139e-09,1.99381997621e-08,64796287.5366,64845703.125
64870800.0183,3.27138876627e-09,1.77437013103e-08,64846092.2241,64895507.8125
64920604.7058,3.30737542791e-09,2.13501125106e-08,64895896.9116,64945312.5
64970409.3933,4.23428733961e-09,1.77385820199e-08,64945701.5991,64995117.1875
65020214.0808,3.82344133373e-09,1.96054225579e-08,64995506.2866,65044921.875
65070018.7683,3.44827942597e-09,2.23241552253e-08,65045310.9741,65094726.5625
65119823.4558,3.98022564629e-09,1.80345079707e-08,65095115.6616,65144531.25
65169628.1433,3.92934237769e-09,2.32155428498e-08,65144920.3491,65194335.9375
65219432.8308,4.59816408745e-09,2.34110065845e-08,65194725.0366,65244140.625
65269237.5183,4.02055889551e-09,1.43379297407e-08,65244529.7241,65293945.3125
65319042.2058,3.86610701471e-09,1.62892527715e-08,65294334.4116,65343750
65368846.8933,4.17188090775e-09,2.25860385246e-08,65344139.0991,65393554.6875
65418651.5808,4.35984078672e-09,2.69746148354e-08,65393943.7866,65443359.375
65468456.2683,3.9465912794e-09,1.69804400661e-08,65443748.4741,65493164.0625
65518260.9558,4.92497396496e-09,2.25931999365e-08,65493553.1616,65542968.75
65568065.6433,4.7793014274e-09,2.23906495994e-08,65543357.8491,65592773.4375
65617870.3308,4.11194398522e-09,2.3444356989e-08,65593162.5366,65642578.125
65667675.0183,4.19731445639e-09,2.94230785531e-08,65642967.2241,65692382.8125
65717479.7058,3.71999264296e-09,1.43791166643e-08,65692771.9116,65742187.5
65767284.3933,4.66062843347e-09,2.07345284318e-08,65742576.5991,65791992.1875
65817089.0808,5.01969371296e-09,2.07012555939e-08,65792381.2866,65841796.875
65866893.7683,4.59914384614e-09,3.68772071671e-08,65842185.9741,65891601.5625
65916698.4558,5.66806926511e-09,2.09083883831e-08,65891990.6616,65941406.25
65966503.1433,5.66196376788e-09,2.96408815365e-08,65941795.3491,65991210.9375
66016307.8308,4.51773294638e-09,1.56336757427e-08,65991600.0366,66041015.625
66066112.5183,5.04869716384e-09,1.98868627156e-08,66041404.7241,66090820.3125
66115917.2058,4.53097899386e-09,2.33683712881e-08,66091209.4116,66140625
66165721.8933,6.12398101898e-09,4.10923088008e-08,66141014.0991,66190429.6875
66215526.5808,5.95871447305e-09,2.81015119599e-08,66190818.7866,66240234.375
66265331.2683,5.99450951137e-09,2.37544928468e-08,66240623.4741,66290039.0625
66315135.9558,5.29504510387e-09,2.30454916063e-08,66290428.1616,66339843.75
66364940.6433,5.28961820714e-09,2.39766840349e-08,66340232.8491,66389648.4375
66414745.3308,5.1063070648e-09,2.9695922728e-08,66390037.5366,66439453.125
66464550.0183,5.00429214954e-09,2.13449488944e-08,66439842.2241,66489257.8125
66514354.7058,5.14761775796e-09,3.45909282796e-08,66489646.9116,66539062.5
66564159.3933,4.89164224789e-09,2.33949352839e-08,66539451.5991,66588867.1875
66613964.0808,3.29978186574e-09,1.96561409212e-08,66589256.2866,66638671.875
66663768.7683,4.84351011233e-09,1.9146042054e-08,66639060.9741,66688476.5625
66713573.4558,4.53749304437e-09,1.89119806495e-08,66688865.6616,66738281.25
66763378.1433,3.67173096613e-09,1.88566363921e-08,66738670.3491,66788085.9375
66813182.8308,3.15761917638e-09,1.32344614741e-08,66788475.0366,66837890.625
66862987.5183,2.98150437899e-09,1.24092696869e-08,66838279.7241,66887695.3125
66912792.2058,3.35792614455e-09,1.44661858564e-08,66888084.4116,66937500
66962596.8933,2.73594500881e-09,9.63023534812e-09,66937889.0991,66987304.6875
67012401.5808,3.24486416674e-09,1.75791242444e-08,66987693.7866,67037109.375
67062206.2683,3.14160008735e-09,1.69510826659e-08,67037498.4741,67086914.0625
67112010.9558,2.97355597932e-09,1.53425541874e-08,67087303.1616,67136718.75
67161815.6433,2.7562470212e-09,1.66123558903e-08,67137107.8491,67186523.4375
67211620.3308,3.57648402487e-09,2.34938576272e-08,67186912.5366,67236328.125
67261425.0183,3.93320277345e-09,1.7611601605e-08,67236717.2241,67286132.8125
67311229.7058,4.00648264759e-09,1.84247677007e-08,67286521.9116,67335937.5
67361034.3933,4.47951189544e-09,2.66162169884e-08,67336326.5991,67385742.1875
67410839.0808,4.98282233894e-09,2.3965304275e-08,67386131.2866,67435546.875
67460643.7683,6.16246114516e-09,2.84019461808e-08,67435935.9741,67485351.5625
67510448.4558,5.62434870779e-09,4.03869767104e-08,67485740.6616,67535156.25
67560253.1433,5.62237488718e-09,3.1451341532e-08,67535545.3491,67584960.9375
67610057.8308,5.24158231109e-09,2.40062732946e-08,67585350.0366,67634765.625
67659862.5183,6.67378872697e-09,2.93688050801e-08,67635154.7241,67684570.3125
67709667.2058,6.09212797847e-09,3.5489476315e-08,67684959.4116,67734375
67759471.8933,7.60252472236e-09,3.80787181829e-08,67734764.0991,67784179.6875
67809276.5808,6.39685063346e-09,3.26360472088e-08,67784568.7866,67833984.375
67859081.2683,7.77175271068e-09,7.12954890824e-08,67834373.4741,67883789.0625
67908885.9558,6.78686910419e-09,3.49977744151e-08,67884178.1616,67933593.75
67958690.6433,6.94726605751e-09,3.3817621717e-08,67933982.8491,67983398.4375
68008495.3308,4.892618031e-09,2.57600584916e-08,67983787.5366,68033203.125
68058300.0183,6.36105682853e-09,3.77586181152e-08,68033592.2241,68083007.8125
68108104.7058,6.18919515936e-09,2.94104514819e-08,68083396.9116,68132812.5
68157909.3933,5.46129888245e-09,2.59461591072e-08,68133201.5991,68182617.1875
68207714.0808,5.52837210644e-09,3.28073956455e-08,68183006.2866,68232421.875
68257518.7683,5.08254615579e-09,2.79381655798e-08,68232810.9741,68282226.5625
68307323.4558,4.68203130358e-09,2.13619443224e-08,68282615.6616,68332031.25
68357128.1433,5.76263065558e-09,2.80074512489e-08,68332420.3491,68381835.9375
68406932.8308,5.36014307772e-09,2.5424939223e-08,68382225.0366,68431640.625
68456737.5183,6.87659473164e-09,3.99770533042e-08,68432029.7241,68481445.3125
68506542.2058,7.54866559905e-09,2.83982021881e-08,68481834.4116,68531250
68556346.8933,6.37808407252e-09,2.09875382951e-08,68531639.0991,68581054.6875
68606151.5808,6.26789388807e-09,2.46923215836e-08,68581443.7866,68630859.375
68655956.2683,7.34922478984e-09,3.16296466929e-08,68631248.4741,68680664.0625
68705760.9558,5.81240638267e-09,2.84963579367e-08,68681053.1616,68730468.75
68755565.6433,6.61806812968e-09,2.62142527191e-08,68730857.8491,68780273.4375
68805370.3308,8.99121782815e-09,4.46806882002e-08,68780662.5366,68830078.125
68855175.0183,7.81961497369e-09,4.14803039503e-08,68830467.2241,68879882.8125
68904979.7058,6.13602785759e-09,2.21231486575e-08,68880271.9116,68929687.5
68954784.3933,7.49078487568e-09,4.09518035787e-08,68930076.5991,68979492.1875
69004589.0808,6.71506951963e-09,8.2777551993e-08,68979881.2866,69029296.875
69054393.7683,6.72061672707e-09,2.73688937217e-08,69029685.9741,69079101.5625
69104198.4558,7.65006701671e-09,2.74031385763e-08,69079490.6616,69128906.25
69154003.1433,6.43477028642e-09,3.05190236283e-08,69129295.3491,69178710.9375
69203807.8308,6.71413974164e-09,2.60115167381e-08,69179100.0366,69228515.625
69253612.5183,7.31664467768e-09,3.83998328831e-08,69228904.7241,69278320.3125
69303417.2058,6.58593517248e-09,2.80525565908e-08,69278709.4116,69328125
69353221.8933,6.11744490904e-09,2.89916122034e-08,69328514.0991,69377929.6875
69403026.5808,6.91359488798e-09,2.53131087198e-08,69378318.7866,69427734.375
69452831.2683,6.59091032615e-09,3.09026425006e-08,69428123.4741,69477539.0625
69502635.9558,7.52131558408e-09,4.75870901579e-08,69477928.1616,69527343.75
69552440.6433,6.42406563086e-09,2.33151600996e-08,69527732.8491,69577148.4375
69602245.3308,6.99111987789e-09,2.75995927905e-08,69577537.5366,69626953.125
69652050.0183,5.30604239301e-09,4.14488165715e-08,69627342.2241,69676757.8125
69701854.7058,6.58127642e-09,3.21386792445e-08,69677146.9116,69726562.5
69751659.3933,7.20921260843e-09,4.3938668047e-08,69726951.5991,69776367.1875
69801464.0808,6.83641553706e-09,2.86840481344e-08,69776756.2866,69826171.875
69851268.7683,6.15643612581e-09,3.16229497534e-08,69826560.9741,69875976.5625
69901073.4558,6.21183931739e-09,3.13133428793e-08,69876365.6616,69925781.25
69950878.1433,7.63634504504e-09,2.98016894498e-08,69926170.3491,69975585.9375
70000682.8308,4.56567122603e-09,1.54339556802e-08,69975975.0366,70025390.625
70050487.5183,5.80604686926e-09,4.19803318349e-08,70025779.7241,70075195.3125
70100292.2058,5.94467065623e-09,2.21867564519e-08,70075584.4116,70125000
70150096.8933,4.54565239631e-09,1.95254302954e-08,70125389.0991,70174804.6875
70199901.5808,6.32962485613e-09,2.94019959188e-08,70175193.7866,70224609.375
70249706.2683,4.17721103688e-09,1.93013465344e-08,70224998.4741,70274414.0625
70299510.9558,5.49672526502e-09,3.13767522774e-08,70274803.1616,70324218.75
70349315.6433,6.22268784182e-09,6.30668015692e-08,70324607.8491,70374023.4375
70399120.3308,4.90946806663e-09,2.15095949604e-08,70374412.5366,70423828.125
70448925.0183,5.43866190801e-09,2.90701203393e-08,70424217.2241,70473632.8125
70498729.7058,7.01811559939e-09,9.18651473785e-08,70474021.9116,70523437.5
70548534.3933,8.01996906956e-09,3.94551689121e-08,70523826.5991,70573242.1875
70598339.0808,6.67747722779e-09,3.82965481789e-08,70573631.2866,70623046.875
70648143.7683,5.92805808351e-09,3.82158607533e-08,70623435.9741,70672851.5625
70697948.4558,5.82612249139e-09,3.0643728572e-08,70673240.6616,70722656.25
70747753.1433,5.6013580507e-09,3.05116738002e-08,70723045.3491,70772460.9375
70797557.8308,5.33944639271e-09,3.30894269741e-08,70772850.0366,70822265.625
70847362.5183,5.33488594904e-09,2.37541885671e-08,70822654.7241,70872070.3125
70897167.2058,5.52864410655e-09,3.53401343351e-08,70872459.4116,70921875
70946971.8933,4.52206076947e-09,1.83901212508e-08,70922264.0991,70971679.6875
70996776.5808,6.26842170992e-09,4.14904233772e-08,70972068.7866,71021484.375
71046581.2683,5.71463382876e-09,4.01172594395e-08,71021873.4741,71071289.0625
71096385.9558,4.66942629992e-09,2.45981271443e-08,71071678.1616,71121093.75
71146190.6433,5.84828010119e-09,3.09356904429e-08,71121482.8491,71170898.4375
71195995.3308,5.67395306307e-09,2.88714114252e-08,71171287.5366,71220703.125
71245800.0183,6.21757827082e-09,5.2068178093e-08,71221092.2241,71270507.8125
71295604.7058,4.49914065087e-09,2.54254333031e-08,71270896.9116,71320312.5
71345409.3933,4.91125654262e-09,2.18965519955e-08,71320701.5991,71370117.1875
71395214.0808,5.67672533483e-09,4.4407203952e-08,71370506.2866,71419921.875
71445018.7683,4.80923711286e-09,2.23680293119e-08,71420310.9741,71469726.5625
71494823.4558,5.39091976276e-09,2.39385459513e-08,71470115.6616,71519531.25
71544628.1433,4.95168257394e-09,3.13516949757e-08,71519920.3491,71569335.9375
71594432.8308,7.89298447543e-09,4.1602938076e-08,71569725.0366,71619140.625
71644237.5183,4.86094133214e-09,2.22372733569e-08,71619529.7241,71668945.3125
71694042.2058,5.38528004701e-09,3.50662945175e-08,71669334.4116,71718750
71743846.8933,5.27343379311e-09,3.09260543332e-08,71719139.0991,71768554.6875
71793651.5808,6.57719422755e-09,3.61160036278e-08,71768943.7866,71818359.375
71843456.2683,5.86376940716e-09,2.96282728233e-08,71818748.4741,71868164.0625
71893260.9558,5.88843266555e-09,3.85589964177e-08,71868553.1616,71917968.75
71943065.6433,7.43922989548e-09,7.11956140261e-08,71918357.8491,71967773.4375
71992870.3308,3.92885177979e-07,3.26672043992e-05,71968162.5366,72017578.125
72042675.0183,4.76540259546e-09,3.21705756415e-08,72017967.2241,72067382.8125
72092479.7058,7.21501160332e-09,5.99229748558e-08,72067771.9116,72117187.5
72142284.3933,4.32733756602e-09,2.1970988109e-08,72117576.5991,72166992.1875
72192089.0808,6.40908742932e-09,3.79043447377e-08,72167381.2866,72216796.875
72241893.7683,3.88667030333e-09,3.06798820827e-08,72217185.9741,72266601.5625
72291698.4558,6.6237718932e-09,3.40963065193e-08,72266990.6616,72316406.25
72341503.1433,5.22782755156e-09,2.29127985042e-08,72316795.3491,72366210.9375
72391307.8308,5.14692267975e-09,2.18248962399e-08,72366600.0366,72416015.625
72441112.5183,4.85273594445e-09,2.36774020685e-08,72416404.7241,72465820.3125
72490917.2058,4.36977093588e-09,2.34867092093e-08,72466209.4116,72515625
72540721.8933,3.42658816581e-09,2.10697557356e-08,72516014.0991,72565429.6875
72590526.5808,5.04001442036e-09,3.43647926515e-08,72565818.7866,72615234.375
72640331.2683,3.87664347619e-09,1.9185898379e-08,72615623.4741,72665039.0625
72690135.9558,4.61761416936e-09,2.13092640864e-08,72665428.1616,72714843.75
72739940.6433,5.08075516443e-09,3.01125106732e-08,72715232.8491,72764648.4375
72789745.3308,6.5451547738e-09,5.28069090741e-08,72765037.5366,72814453.125
72839550.0183,3.95089947555e-09,1.82507207967e-08,72814842.2241,72864257.8125
72889354.7058,4.31736756741e-09,1.59334579054e-08,72864646.9116,72914062.5
72939159.3933,3.28891513612e-09,1.43501831965e-08,72914451.5991,72963867.1875
72988964.0808,5.29939651869e-09,4.95195145622e-08,72964256.2866,73013671.875
73038768.7683,4.17251707091e-09,2.27971717737e-08,73014060.9741,73063476.5625
73088573.4558,4.39273315183e-09,3.02764693283e-08,73063865.6616,73113281.25
73138378.1433,4.00521704631e-09,2.25268322908e-08,73113670.3491,73163085.9375
73188182.8308,4.27213064434e-09,2.28133964429e-08,73163475.0366,73212890.625
73237987.5183,3.77144288862e-09,2.17824621036e-08,73213279.7241,73262695.3125
73287792.2058,4.792937842e-09,3.2043491185e-08,73263084.4116,73312500
73337596.8933,5.026338135e-09,3.13641121267e-08,73312889.0991,73362304.6875
73387401.5808,4.26257210767e-09,1.60351609348e-08,73362693.7866,73412109.375
73437206.2683,4.42444591708e-09,2.0423594274e-08,73412498.4741,73461914.0625
73487010.9558,2.95311634824e-09,1.70736325375e-08,73462303.1616,73511718.75
73536815.6433,3.0896686269e-09,1.38883804125e-08,73512107.8491,73561523.4375
73586620.3308,3.55550944652e-09,1.71754515908e-08,73561912.5366,73611328.125
73636425.0183,3.0313153827e-09,1.55437277604e-08,73611717.2241,73661132.8125
73686229.7058,3.28359547481e-09,1.98438561133e-08,73661521.9116,73710937.5
73736034.3933,4.05966967914e-09,2.03466269246e-08,73711326.5991,73760742.1875
73785839.0808,3.32533481408e-09,2.44083508434e-08,73761131.2866,73810546.875
73835643.7683,2.90361728973e-09,1.59242889681e-08,73810935.9741,73860351.5625
73885448.4558,3.21776982098e-09,3.80041879363e-08,73860740.6616,73910156.25
73935253.1433,3.82529062477e-09,1.78134260099e-08,73910545.3491,73959960.9375
73985057.8308,3.33948992001e-09,1.5089033302e-08,73960350.0366,74009765.625
74034862.5183,3.17931784825e-09,2.08849455867e-08,74010154.7241,74059570.3125
74084667.2058,3.47292672022e-09,1.58352065403e-08,74059959.4116,74109375
74134471.8933,3.48767418788e-09,1.29125351876e-08,74109764.0991,74159179.6875
74184276.5808,2.62667958807e-09,1.38181582975e-08,74159568.7866,74208984.375
74234081.2683,2.68152768006e-09,1.19506075182e-08,74209373.4741,74258789.0625
74283885.9558,3.41426499306e-09,1.33357167073e-08,74259178.1616,74308593.75
74333690.6433,2.74092352192e-09,1.34031195919e-08,74308982.8491,74358398.4375
74383495.3308,3.597171349e-09,1.45239992816e-08,74358787.5366,74408203.125
74433300.0183,3.57174553554e-09,2.10147611999e-08,74408592.2241,74458007.8125
74483104.7058,3.28284174721e-09,1.60084963178e-08,74458396.9116,74507812.5
74532909.3933,3.12220357291e-09,1.91264116115e-08,74508201.5991,74557617.1875
74582714.0808,3.83057480294e-09,1.67510979224e-08,74558006.2866,74607421.875
74632518.7683,3.33606511194e-09,1.56840821347e-08,74607810.9741,74657226.5625
74682323.4558,3.04038656136e-09,1.40363238288e-08,74657615.6616,74707031.25
74732128.1433,3.48632066355e-09,2.9411241851e-08,74707420.3491,74756835.9375
74781932.8308,3.23095503101e-09,1.57831702707e-08,74757225.0366,74806640.625
74831737.5183,3.25935116793e-09,1.56004898902e-08,74807029.7241,74856445.3125
74881542.2058,3.5582445726e-09,2.6056429054e-08,74856834.4116,74906250
74931346.8933,3.49302613362e-09,1.59740273896e-08,74906639.0991,74956054.6875
74981151.5808,3.23830704796e-09,2.22314209767e-08,74956443.7866,75005859.375
75030956.2683,3.1593002154e-09,2.09914879471e-08,75006248.4741,75055664.0625
75080760.9558,2.68685136762e-09,1.90775520857e-08,75056053.1616,75105468.75
75130565.6433,3.16033078464e-09,1.53435437143e-08,75105857.8491,75155273.4375
75180370.3308,3.52623103974e-09,2.41642954874e-08,75155662.5366,75205078.125
75230175.0183,3.1877099531e-09,1.25172869158e-08,75205467.2241,75254882.8125
75279979.7058,2.85994148153e-09,2.05281597294e-08,75255271.9116,75304687.5
75329784.3933,3.15758796704e-09,1.89353418862e-08,75305076.5991,75354492.1875
75379589.0808,2.61784033521e-09,2.07248506951e-08,75354881.2866,75404296.875
75429393.7683,2.57423620797e-09,1.08899165451e-08,75404685.9741,75454101.5625
75479198.4558,3.1050800312e-09,2.62631586671e-08,75454490.6616,75503906.25
75529003.1433,2.65580242945e-09,1.36421027905e-08,75504295.3491,75553710.9375
75578807.8308,2.54328109098e-09,1.25950698285e-08,75554100.0366,75603515.625
75628612.5183,3.17667893533e-09,1.4140931508e-08,75603904.7241,75653320.3125
75678417.2058,2.66340672754e-09,1.42430934911e-08,75653709.4116,75703125
75728221.8933,3.65739343103e-09,2.33134236532e-08,75703514.0991,75752929.6875
75778026.5808,3.01107085467e-09,1.61093641243e-08,75753318.7866,75802734.375
75827831.2683,2.75517072833e-09,1.15905833001e-08,75803123.4741,75852539.0625
75877635.9558,2.32748368405e-09,1.26847256252e-08,75852928.1616,75902343.75
75927440.6433,2.58540459387e-09,1.39738206446e-08,75902732.8491,75952148.4375
75977245.3308,3.0040578211e-09,2.70515761396e-08,75952537.5366,76001953.125
76027050.0183,2.19536376144e-09,9.56836140742e-09,76002342.2241,76051757.8125
76076854.7058,3.8316548352e-09,1.70483695738e-08,76052146.9116,76101562.5
76126659.3933,3.29403639903e-09,1.99232006416e-08,76101951.5991,76151367.1875
76176464.0808,2.18823879851e-09,1.29489211416e-08,76151756.2866,76201171.875
76226268.7683,3.01807725187e-09,1.51994922543e-08,76201560.9741,76250976.5625
76276073.4558,2.82392454068e-09,1.73324791889e-08,76251365.6616,76300781.25
76325878.1433,2.34497003708e-09,9.28764797086e-09,76301170.3491,76350585.9375
76375682.8308,2.02287097867e-09,1.18745292845e-08,76350975.0366,76400390.625
76425487.5183,2.25598973218e-09,1.53678278364e-08,76400779.7241,76450195.3125
76475292.2058,3.33894792611e-09,5.30337592578e-08,76450584.4116,76500000
76525096.8933,3.16616425646e-09,1.45423114961e-08,76500389.0991,76549804.6875
76574901.5808,2.19461203483e-09,1.55302308217e-08,76550193.7866,76599609.375
76624706.2683,2.84397863893e-09,1.53918321757e-08,76599998.4741,76649414.0625
76674510.9558,2.68053979194e-09,1.9172218932e-08,76649803.1616,76699218.75
76724315.6433,2.31522982135e-09,1.04147604594e-08,76699607.8491,76749023.4375
76774120.3308,2.28766289671e-09,9.82178174043e-09,76749412.5366,76798828.125
76823925.0183,2.30286689552e-09,1.71039038317e-08,76799217.2241,76848632.8125
76873729.7058,2.70149008789e-09,1.79766020207e-08,76849021.9116,76898437.5
76923534.3933,2.16368649817e-09,9.7357785274e-09,76898826.5991,76948242.1875
76973339.0808,2.46304583995e-09,9.61967656125e-09,76948631.2866,76998046.875
77023143.7683,3.24579576481e-09,2.04027229254e-08,76998435.9741,77047851.5625
77072948.4558,2.50307114165e-09,1.58951798784e-08,77048240.6616,77097656.25
77122753.1433,2.98181150519e-09,1.67335810485e-08,77098045.3491,77147460.9375
77172557.8308,1.95824742715e-09,7.93520605937e-09,77147850.0366,77197265.625
77222362.5183,2.70182930857e-09,1.12451755759e-08,77197654.7241,77247070.3125
77272167.2058,2.16948890908e-09,1.66780078244e-08,77247459.4116,77296875
77321971.8933,2.59424758173e-09,1.5294358345e-08,77297264.0991,77346679.6875
77371776.5808,2.40892119077e-09,8.66699139468e-09,77347068.7866,77396484.375
77421581.2683,3.11028463162e-09,1.59213757164e-08,77396873.4741,77446289.0625
77471385.9558,2.79177909149e-09,1.34789123003e-08,77446678.1616,77496093.75
77521190.6433,2.90131710826e-09,1.27733517855e-08,77496482.8491,77545898.4375
77570995.3308,2.88427880085e-09,1.20967562731e-08,77546287.5366,77595703.125
77620800.0183,2.29152804832e-09,1.11805657674e-08,77596092.2241,77645507.8125
77670604.7058,3.01984884094e-09,1.5145690486e-08,77645896.9116,77695312.5
77720409.3933,2.45277136803e-09,1.31607540558e-08,77695701.5991,77745117.1875
77770214.0808,2.28498991568e-09,1.57217187923e-08,77745506.2866,77794921.875
77820018.7683,2.69418489251e-09,1.70347846012e-08,77795310.9741,77844726.5625
77869823.4558,2.95500030952e-09,2.73773538014e-08,77845115.6616,77894531.25
77919628.1433,2.56403317567e-09,1.77343376221e-08,77894920.3491,77944335.9375
77969432.8308,3.03322012165e-09,1.25848520917e-08,77944725.0366,77994140.625
78019237.5183,2.69013940191e-09,1.18424094397e-08,77994529.7241,78043945.3125
78069042.2058,2.67268117997e-09,1.81192271552e-08,78044334.4116,78093750
78118846.8933,2.78316325948e-09,1.50474090893e-08,78094139.0991,78143554.6875
78168651.5808,2.89968860074e-09,1.82169090548e-08,78143943.7866,78193359.375
78218456.2683,2.71325770828e-09,1.2732729964e-08,78193748.4741,78243164.0625
78268260.9558,2.88787997575e-09,1.53164950846e-08,78243553.1616,78292968.75
78318065.6433,2.71350501812e-09,1.51843021616e-08,78293357.8491,78342773.4375
78367870.3308,3.13102398283e-09,1.28976859663e-08,78343162.5366,78392578.125
78417675.0183,2.26817783997e-09,1.39209119906e-08,78392967.2241,78442382.8125
78467479.7058,2.48073298236e-09,1.08751525296e-08,78442771.9116,78492187.5
78517284.3933,2.33933390498e-09,2.31486445561e-08,78492576.5991,78541992.1875
78567089.0808,2.65152239374e-09,1.73874991083e-08,78542381.2866,78591796.875
78616893.7683,2.59422208989e-09,1.40219853028e-08,78592185.9741,78641601.5625
78666698.4558,2.47114790276e-09,1.62657434857e-08,78641990.6616,78691406.25
78716503.1433,2.6389730215e-09,1.65028487583e-08,78691795.3491,78741210.9375
78766307.8308,2.41296030309e-09,1.16152005169e-08,78741600.0366,78791015.625
78816112.5183,2.19153672538e-09,1.29973787136e-08,78791404.7241,78840820.3125
78865917.2058,2.52955190417e-09,1.32070740488e-08,78841209.4116,78890625
78915721.8933,2.52036677213e-09,1.32173742619e-08,78891014.0991,78940429.6875
78965526.5808,2.31096102016e-09,2.20417867825e-08,78940818.7866,78990234.375
79015331.2683,2.3858285384e-09,1.26264651313e-08,78990623.4741,79040039.0625
79065135.9558,2.40543762108e-09,1.39143928995e-08,79040428.1616,79089843.75
79114940.6433,1.71239890634e-09,7.94208450758e-09,79090232.8491,79139648.4375
79164745.3308,1.75873347667e-09,9.8819728939e-09,79140037.5366,79189453.125
79214550.0183,1.87012774686e-09,8.3017370136e-09,79189842.2241,79239257.8125
79264354.7058,2.14883336371e-09,9.16742222998e-09,79239646.9116,79289062.5
79314159.3933,2.62392941502e-09,1.23986075579e-08,79289451.5991,79338867.1875
79363964.0808,2.08774321398e-09,1.10536863034e-08,79339256.2866,79388671.875
79413768.7683,2.23207372062e-09,1.77869119875e-08,79389060.9741,79438476.5625
79463573.4558,3.46376842117e-09,2.02235603658e-08,79438865.6616,79488281.25
79513378.1433,3.51419803317e-09,1.58920532235e-08,79488670.3491,79538085.9375
79563182.8308,2.11621478908e-09,1.00430924629e-08,79538475.0366,79587890.625
79612987.5183,2.79042230994e-09,1.14997085994e-08,79588279.7241,79637695.3125
79662792.2058,3.88874519478e-09,2.07957290317e-08,79638084.4116,79687500
79712596.8933,2.45874149254e-09,1.09234074954e-08,79687889.0991,79737304.6875
79762401.5808,3.35203212937e-09,1.55931276769e-08,79737693.7866,79787109.375
79812206.2683,2.68977675376e-09,1.37407289378e-08,79787498.4741,79836914.0625
79862010.9558,2.69187634953e-09,1.46011389423e-08,79837303.1616,79886718.75
79911815.6433,2.96190790853e-09,1.16478746642e-08,79887107.8491,79936523.4375
79961620.3308,3.36827435514e-09,1.69640608181e-08,79936912.5366,79986328.125
80011425.0183,2.38649473766e-09,1.29374476222e-08,79986717.2241,80036132.8125
80061229.7058,3.50745895102e-09,1.97595030205e-08,80036521.9116,80085937.5
80111034.3933,2.41644879875e-09,1.85444473082e-08,80086326.5991,80135742.1875
80160839.0808,3.13800653026e-09,1.33180598176e-08,80136131.2866,80185546.875
80210643.7683,3.01626282392e-09,1.74828429212e-08,80185935.9741,80235351.5625
80260448.4558,3.10248429144e-09,1.54290757955e-08,80235740.6616,80285156.25
80310253.1433,2.4668176106e-09,1.34415821394e-08,80285545.3491,80334960.9375
80360057.8308,2.91102103261e-09,1.28316487393e-08,80335350.0366,80384765.625
80409862.5183,2.41228583349e-09,1.04505078532e-08,80385154.7241,80434570.3125
80459667.2058,3.79923291434e-09,2.47672349974e-08,80434959.4116,80484375
80509471.8933,3.36059477554e-09,1.19995727798e-08,80484764.0991,80534179.6875
80559276.5808,3.22814215294e-09,1.2439644338e-08,80534568.7866,80583984.375
80609081.2683,3.33050268512e-09,2.15542485436e-08,80584373.4741,80633789.0625
80658885.9558,3.45457514246e-09,1.52703065486e-08,80634178.1616,80683593.75
80708690.6433,2.64327078456e-09,1.14580532842e-08,80683982.8491,80733398.4375
80758495.3308,2.77094667978e-09,1.47519543811e-08,80733787.5366,80783203.125
80808300.0183,4.27156285674e-09,2.43362162196e-08,80783592.2241,80833007.8125
80858104.7058,3.94033259102e-09,1.55141622692e-08,80833396.9116,80882812.5
80907909.3933,3.7676641393e-09,1.46818521787e-08,80883201.5991,80932617.1875
80957714.0808,3.94335313115e-09,2.11529030298e-08,80933006.2866,80982421.875
81007518.7683,4.8671566687e-09,4.80449659984e-08,80982810.9741,81032226.5625
81057323.4558,2.79697519801e-09,1.13384543032e-08,81032615.6616,81082031.25
81107128.1433,3.38701920328e-09,1.38051025728e-08,81082420.3491,81131835.9375
81156932.8308,3.16005133609e-09,1.3262522902e-08,81132225.0366,81181640.625
81206737.5183,4.85963135872e-09,3.27320592709e-08,81182029.7241,81231445.3125
81256542.2058,3.98686878629e-09,2.03044214945e-08,81231834.4116,81281250
81306346.8933,3.66551156363e-09,1.7896526053e-08,81281639.0991,81331054.6875
81356151.5808,3.44801595031e-09,2.55707985329e-08,81331443.7866,81380859.375
81405956.2683,3.53388423627e-09,1.65580836823e-08,81381248.4741,81430664.0625
81455760.9558,3.17224599501e-09,1.77585049863e-08,81431053.1616,81480468.75
81505565.6433,3.66917929081e-09,1.8691118854e-08,81480857.8491,81530273.4375
81555370.3308,3.51110930003e-09,1.79572563273e-08,81530662.5366,81580078.125
81605175.0183,3.85347403498e-09,2.10284654266e-08,81580467.2241,81629882.8125
81654979.7058,2.45467749353e-09,1.21473806829e-08,81630271.9116,81679687.5
81704784.3933,3.86494516712e-09,1.6907237557e-08,81680076.5991,81729492.1875
81754589.0808,3.98199009167e-09,2.55271894909e-08,81729881.2866,81779296.875
81804393.7683,3.5131451451e-09,1.21057576198e-08,81779685.9741,81829101.5625
81854198.4558,3.68679947392e-09,1.5471313814e-08,81829490.6616,81878906.25
81904003.1433,3.55387100801e-09,2.1827414769e-08,81879295.3491,81928710.9375
81953807.8308,3.63196087917e-09,1.47288107991e-08,81929100.0366,81978515.625
82003612.5183,3.42197664899e-09,2.76006222184e-08,81978904.7241,82028320.3125
82053417.2058,3.13041167265e-09,1.7280331261e-08,82028709.4116,82078125
82103221.8933,3.21564870145e-09,2.00756485239e-08,82078514.0991,82127929.6875
82153026.5808,3.40662147521e-09,2.06474691349e-08,82128318.7866,82177734.375
82202831.2683,3.73434867052e-09,2.55293017104e-08,82178123.4741,82227539.0625
82252635.9558,3.16083561716e-09,4.43871341699e-08,82227928.1616,82277343.75
82302440.6433,3.47950152591e-09,3.10531568535e-08,82277732.8491,82327148.4375
82352245.3308,3.36722559194e-09,1.74357770965e-08,82327537.5366,82376953.125
82402050.0183,2.94495675103e-09,2.72575065654e-08,82377342.2241,82426757.8125
82451854.7058,2.61218766712e-09,1.58051814789e-08,82427146.9116,82476562.5
82501659.3933,3.63604233764e-09,2.85947490948e-08,82476951.5991,82526367.1875
82551464.0808,3.24792074555e-09,2.23914734062e-08,82526756.2866,82576171.875
82601268.7683,4.41803999406e-09,4.01248506872e-08,82576560.9741,82625976.5625
82651073.4558,3.21645627731e-09,1.60209868037e-08,82626365.6616,82675781.25
82700878.1433,3.56619094019e-09,2.36500857774e-08,82676170.3491,82725585.9375
82750682.8308,2.50526407044e-09,1.14070225819e-08,82725975.0366,82775390.625
82800487.5183,4.2901953559e-09,3.48345041247e-08,82775779.7241,82825195.3125
82850292.2058,3.52440625125e-09,3.24416003797e-08,82825584.4116,82875000
82900096.8933,2.85208728766e-09,3.20944567021e-08,82875389.0991,82924804.6875
82949901.5808,3.2538617991e-09,1.75173777661e-08,82925193.7866,82974609.375
82999706.2683,4.37641888448e-09,3.38498760602e-08,82974998.4741,83024414.0625
83049510.9558,3.55075261266e-09,1.57015750133e-08,83024803.1616,83074218.75
83099315.6433,3.54663849926e-09,1.76780465424e-08,83074607.8491,83124023.4375
83149120.3308,3.60826752817e-09,1.82476426421e-08,83124412.5366,83173828.125
83198925.0183,3.98600615338e-09,4.19486065798e-08,83174217.2241,83223632.8125
83248729.7058,3.00536176989e-09,1.48979819921e-08,83224021.9116,83273437.5
83298534.3933,3.42468112948e-09,1.7715626226e-08,83273826.5991,83323242.1875
83348339.0808,3.14717204712e-09,1.47235484337e-08,83323631.2866,83373046.875
83398143.7683,4.31687349406e-09,5.12385236193e-08,83373435.9741,83422851.5625
83447948.4558,3.47439307471e-09,3.32711011997e-08,83423240.6616,83472656.25
83497753.1433,3.4725572583e-09,4.01985879642e-08,83473045.3491,83522460.9375
83547557.8308,3.55693802823e-09,1.46023448538e-08,83522850.0366,83572265.625
83597362.5183,5.65119274255e-09,3.40299174527e-08,83572654.7241,83622070.3125
83647167.2058,3.42219719598e-09,2.55798036229e-08,83622459.4116,83671875
83696971.8933,4.26536455023e-09,1.8512464436e-08,83672264.0991,83721679.6875
83746776.5808,4.8063359747e-09,2.50077794089e-08,83722068.7866,83771484.375
83796581.2683,5.40161602116e-09,4.31991083571e-08,83771873.4741,83821289.0625
83846385.9558,3.74001589835e-09,3.20056404011e-08,83821678.1616,83871093.75
83896190.6433,4.23790014169e-09,2.38625974962e-08,83871482.8491,83920898.4375
83945995.3308,4.51210147646e-09,2.96396650925e-08,83921287.5366,83970703.125
83995800.0183,1.58035012993e-06,0.000120577224425,83971092.2241,84020507.8125
84045604.7058,3.47013287731e-09,3.42565824261e-08,84020896.9116,84070312.5
84095409.3933,4.97041198565e-09,3.94973048101e-08,84070701.5991,84120117.1875
84145214.0808,4.02401566425e-09,2.19454368946e-08,84120506.2866,84169921.875
84195018.7683,5.13538300054e-09,4.10657156022e-08,84170310.9741,84219726.5625
84244823.4558,3.11336138078e-09,1.83171364796e-08,84220115.6616,84269531.25
84294628.1433,5.21932698991e-09,2.98761610678e-08,84269920.3491,84319335.9375
84344432.8308,3.72262249753e-09,2.38229411955e-08,84319725.0366,84369140.625
84394237.5183,3.69918787311e-09,2.43796580449e-08,84369529.7241,84418945.3125
84444042.2058,3.14581209748e-09,2.04579071532e-08,84419334.4116,84468750
84493846.8933,3.03844454691e-09,1.33280491233e-08,84469139.0991,84518554.6875
84543651.5808,3.32954423631e-09,2.72285914739e-08,84518943.7866,84568359.375
84593456.2683,4.45821169038e-09,7.40708032728e-08,84568748.4741,84618164.0625
84643260.9558,3.38141472935e-09,3.11031455799e-08,84618553.1616,84667968.75
84693065.6433,3.14501611662e-09,1.35199543551e-08,84668357.8491,84717773.4375
84742870.3308,3.44821332583e-09,2.65378630216e-08,84718162.5366,84767578.125
84792675.0183,4.62308487033e-09,5.42635971183e-08,84767967.2241,84817382.8125
84842479.7058,3.31616699746e-09,1.55589508017e-08,84817771.9116,84867187.5
84892284.3933,3.339786142e-09,1.35559338745e-08,84867576.5991,84916992.1875
84942089.0808,2.81577276301e-09,1.59598014128e-08,84917381.2866,84966796.875
84991893.7683,4.49364542957e-09,2.74531825457e-08,84967185.9741,85016601.5625
85041698.4558,3.09166319503e-09,1.94640738561e-08,85016990.6616,85066406.25
85091503.1433,3.63987803843e-09,2.17622110966e-08,85066795.3491,85116210.9375
85141307.8308,3.06150915735e-09,1.2215017996e-08,85116600.0366,85166015.625
85191112.5183,3.67489056621e-09,2.17294325156e-08,85166404.7241,85215820.3125
85240917.2058,3.1708874768e-09,1.40343852633e-08,85216209.4116,85265625
85290721.8933,3.15570923841e-09,1.3468928528e-08,85266014.0991,85315429.6875
85340526.5808,3.41300421617e-09,1.7716192502e-08,85315818.7866,85365234.375
85390331.2683,3.23192245983e-09,2.71996438951e-08,85365623.4741,85415039.0625
85440135.9558,3.16063192416e-09,1.90634957854e-08,85415428.1616,85464843.75
85489940.6433,2.93335179822e-09,1.54943731733e-08,85465232.8491,85514648.4375
85539745.3308,3.21455226627e-09,2.03823230786e-08,85515037.5366,85564453.125
85589550.0183,3.90007057642e-09,2.43371377823e-08,85564842.2241,85614257.8125
85639354.7058,3.00703980206e-09,1.66111178745e-08,85614646.9116,85664062.5
85689159.3933,3.15808920346e-09,1.62440772314e-08,85664451.5991,85713867.1875
85738964.0808,3.60437955982e-09,1.78462161143e-08,85714256.2866,85763671.875
85788768.7683,3.90596948988e-09,1.54952993179e-08,85764060.9741,85813476.5625
85838573.4558,2.18683927482e-09,1.00305885375e-08,85813865.6616,85863281.25
85888378.1433,3.19964001617e-09,1.70785989283e-08,85863670.3491,85913085.9375
85938182.8308,3.70513191667e-09,1.68132416651e-08,85913475.0366,85962890.625
85987987.5183,2.65525275215e-09,1.50915842635e-08,85963279.7241,86012695.3125
86037792.2058,3.78100393873e-09,6.58793281511e-08,86013084.4116,86062500
86087596.8933,2.83067593398e-09,1.28460596076e-08,86062889.0991,86112304.6875
86137401.5808,3.63489173171e-09,2.24561040112e-08,86112693.7866,86162109.375
86187206.2683,2.75504517066e-09,1.66845775894e-08,86162498.4741,86211914.0625
86237010.9558,3.24325265583e-09,1.81424635648e-08,86212303.1616,86261718.75
86286815.6433,2.70830130846e-09,1.17081620574e-08,86262107.8491,86311523.4375
86336620.3308,2.3517208851e-09,9.83614509501e-09,86311912.5366,86361328.125
86386425.0183,3.23279003639e-09,1.49235378394e-08,86361717.2241,86411132.8125
86436229.7058,3.09290449731e-09,1.5805193302e-08,86411521.9116,86460937.5
86486034.3933,3.04177919579e-09,1.66163349633e-08,86461326.5991,86510742.1875
86535839.0808,2.55121527544e-09,1.41116400708e-08,86511131.2866,86560546.875
86585643.7683,2.91362693241e-09,2.58414564957e-08,86560935.9741,86610351.5625
86635448.4558,3.20192179776e-09,1.94297762089e-08,86610740.6616,86660156.25
86685253.1433,3.48260233355e-09,3.7622631213e-08,86660545.3491,86709960.9375
86735057.8308,3.19486164919e-09,1.41375671089e-08,86710350.0366,86759765.625
86784862.5183,3.40012372412e-09,1.45239749239e-08,86760154.7241,86809570.3125
86834667.2058,4.03427783005e-09,5.34461846881e-08,86809959.4116,86859375
86884471.8933,3.63619603458e-09,1.47413306667e-08,86859764.0991,86909179.6875
86934276.5808,4.01343764773e-09,1.55043326206e-08,86909568.7866,86958984.375
86984081.2683,4.14467410412e-09,4.56355471618e-08,86959373.4741,87008789.0625
87033885.9558,3.84387729338e-09,2.62633444211e-08,87009178.1616,87058593.75
87083690.6433,3.53371294957e-09,3.32305268861e-08,87058982.8491,87108398.4375
87133495.3308,4.1491549821e-09,2.82455824912e-08,87108787.5366,87158203.125
87183300.0183,3.90841266323e-09,2.40004402262e-08,87158592.2241,87208007.8125
87233104.7058,4.77467272648e-09,2.26910289875e-08,87208396.9116,87257812.5
87282909.3933,4.30703316937e-09,2.71025348179e-08,87258201.5991,87307617.1875
87332714.0808,4.36007582761e-09,2.4610745142e-08,87308006.2866,87357421.875
87382518.7683,3.4613123613e-09,1.72758542963e-08,87357810.9741,87407226.5625
87432323.4558,3.76123968308e-09,4.71670643388e-08,87407615.6616,87457031.25
87482128.1433,4.03059599681e-09,1.94650255022e-08,87457420.3491,87506835.9375
87531932.8308,3.75629651095e-09,2.52707206094e-08,87507225.0366,87556640.625
87581737.5183,4.28977993618e-09,2.02800650049e-08,87557029.7241,87606445.3125
87631542.2058,6.36238889302e-09,6.87607720376e-08,87606834.4116,87656250
87681346.8933,4.38581651001e-09,6.20307817963e-08,87656639.0991,87706054.6875
87731151.5808,3.23354672178e-09,1.55179760684e-08,87706443.7866,87755859.375
87780956.2683,3.97391823966e-09,1.96768896199e-08,87756248.4741,87805664.0625
87830760.9558,4.42774107849e-09,2.82080054991e-08,87806053.1616,87855468.75
87880565.6433,3.74044391994e-09,1.46880104768e-08,87855857.8491,87905273.4375
87930370.3308,4.43843694512e-09,2.61848205013e-08,87905662.5366,87955078.125
87980175.0183,3.92511324489e-09,2.13446575963e-08,87955467.2241,88004882.8125
88029979.7058,5.53827723148e-09,5.14502567964e-08,88005271.9116,88054687.5
88079784.3933,9.39742307855e-09,6.84819398795e-08,88055076.5991,88104492.1875
88129589.0808,3.52758134221e-09,1.66307586898e-08,88104881.2866,88154296.875
88179393.7683,3.61525531377e-09,1.77551874237e-08,88154685.9741,88204101.5625
88229198.4558,4.92926911578e-09,3.36887546327e-08,88204490.6616,88253906.25
88279003.1433,5.10678073479e-09,5.00474107373e-08,88254295.3491,88303710.9375
88328807.8308,4.3560365946e-09,1.83603187275e-08,88304100.0366,88353515.625
88378612.5183,4.25950192671e-09,3.7272126209e-08,88353904.7241,88403320.3125
88428417.2058,5.34850302314e-09,3.84140512368e-08,88403709.4116,88453125
88478221.8933,5.35927368758e-09,4.40283465141e-08,88453514.0991,88502929.6875
88528026.5808,4.58770319522e-09,1.99364216253e-08,88503318.7866,88552734.375
88577831.2683,3.4195314286e-09,1.85619459358e-08,88553123.4741,88602539.0625
88627635.9558,4.74895456543e-09,1.83918399749e-08,88602928.1616,88652343.75
88677440.6433,4.80158030739e-09,2.42431052116e-08,88652732.8491,88702148.4375
88727245.3308,4.55057003883e-09,1.84089502229e-08,88702537.5366,88751953.125
88777050.0183,3.60677443351e-09,2.2039115985e-08,88752342.2241,88801757.8125
88826854.7058,5.11865931575e-09,2.41457483819e-08,88802146.9116,88851562.5
88876659.3933,4.45514967373e-09,2.71475339328e-08,88851951.5991,88901367.1875
88926464.0808,4.31947874666e-09,2.64759390492e-08,88901756.2866,88951171.875
88976268.7683,4.23563298972e-09,2.40342204938e-08,88951560.9741,89000976.5625
89026073.4558,5.03776924371e-09,4.49015640343e-08,89001365.6616,89050781.25
89075878.1433,4.07560286007e-09,1.80077915223e-08,89051170.3491,89100585.9375
89125682.8308,4.28230459802e-09,2.50716946831e-08,89100975.0366,89150390.625
89175487.5183,3.84443326513e-09,2.64051324566e-08,89150779.7241,89200195.3125
89225292.2058,3.75455758303e-09,2.7192303503e-08,89200584.4116,89250000
89275096.8933,4.61905664271e-09,2.14422203253e-08,89250389.0991,89299804.6875
89324901.5808,3.85145190553e-09,2.09397438467e-08,89300193.7866,89349609.375
89374706.2683,4.41840046905e-09,1.86415914172e-08,89349998.4741,89399414.0625
89424510.9558,4.64502697122e-09,5.56875245061e-08,89399803.1616,89449218.75
89474315.6433,2.77943463185e-09,1.34078012854e-08,89449607.8491,89499023.4375
89524120.3308,4.28405815121e-09,2.27823473095e-08,89499412.5366,89548828.125
89573925.0183,3.52519899674e-09,1.63798226878e-08,89549217.2241,89598632.8125
89623729.7058,4.344996944e-09,2.11061154159e-08,89599021.9116,89648437.5
89673534.3933,4.36831215796e-09,2.61426610874e-08,89648826.5991,89698242.1875
89723339.0808,3.51511905012e-09,1.37595629511e-08,89698631.2866,89748046.875
89773143.7683,3.0299160223e-09,2.53451008642e-08,89748435.9741,89797851.5625
89822948.4558,3.74596565801e-09,2.64156047089e-08,89798240.6616,89847656.25
89872753.1433,3.2433926826e-09,1.41600247195e-08,89848045.3491,89897460.9375
89922557.8308,2.9382288628e-09,1.5598098701e-08,89897850.0366,89947265.625
89972362.5183,3.72311412381e-09,1.53178371638e-08,89947654.7241,89997070.3125
90022167.2058,3.72050642844e-09,2.86551173571e-08,89997459.4116,90046875
90071971.8933,3.36563309387e-09,1.57647905096e-08,90047264.0991,90096679.6875
90121776.5808,3.58537425715e-09,2.63544808541e-08,90097068.7866,90146484.375
90171581.2683,3.7551961706e-09,2.05203702565e-08,90146873.4741,90196289.0625
90221385.9558,2.53277223688e-09,1.0892750254e-08,90196678.1616,90246093.75
90271190.6433,3.04542248714e-09,3.09334239168e-08,90246482.8491,90295898.4375
90320995.3308,3.72183323112e-09,1.98840509335e-08,90296287.5366,90345703.125
90370800.0183,3.26613159966e-09,1.94256754506e-08,90346092.2241,90395507.8125
90420604.7058,2.9992279931e-09,1.23478572832e-08,90395896.9116,90445312.5
90470409.3933,3.19540252708e-09,1.7148170084e-08,90445701.5991,90495117.1875
90520214.0808,2.9914690875e-09,2.17902406171e-08,90495506.2866,90544921.875
90570018.7683,3.05433243721e-09,1.58621826581e-08,90545310.9741,90594726.5625
90619823.4558,3.42177651943e-09,1.92377053815e-08,90595115.6616,90644531.25
90669628.1433,3.0532036419e-09,1.11311952583e-08,90644920.3491,90694335.9375
90719432.8308,3.60975111352e-09,1.44030173439e-08,90694725.0366,90744140.625
90769237.5183,3.58163268043e-09,1.7439633624e-08,90744529.7241,90793945.3125
90819042.2058,2.50966428154e-09,1.26448307069e-08,90794334.4116,90843750
90868846.8933,2.79633550051e-09,1.53552011411e-08,90844139.0991,90893554.6875
90918651.5808,2.46388864937e-09,9.18712550617e-09,90893943.7866,90943359.375
90968456.2683,3.24647963789e-09,1.87295304924e-08,90943748.4741,90993164.0625
91018260.9558,2.52360008163e-09,1.65228999515e-08,90993553.1616,91042968.75
91068065.6433,2.70987363225e-09,1.7455199229e-08,91043357.8491,91092773.4375
91117870.3308,2.63853382305e-09,1.39841883741e-08,91093162.5366,91142578.125
91167675.0183,2.72789877516e-09,1.42015130215e-08,91142967.2241,91192382.8125
91217479.7058,3.3741693656e-09,1.8914772496e-08,91192771.9116,91242187.5
91267284.3933,2.99515421211e-09,1.18518778887e-08,91242576.5991,91291992.1875
91317089.0808,2.76928127404e-09,2.05264231909e-08,91292381.2866,91341796.875
91366893.7683,2.73893099522e-09,1.43304372869e-08,91342185.9741,91391601.5625
91416698.4558,2.66496571021e-09,1.27144131754e-08,91391990.6616,91441406.25
91466503.1433,3.25125178192e-09,1.42788487747e-08,91441795.3491,91491210.9375
91516307.8308,3.10708174145e-09,3.48137255958e-08,91491600.0366,91541015.625
91566112.5183,2.93938511071e-09,2.18129446345e-08,91541404.7241,91590820.3125
91615917.2058,3.1747645266e-09,1.19033342976e-08,91591209.4116,91640625
91665721.8933,2.95422491822e-09,1.12833175343e-08,91641014.0991,91690429.6875
91715526.5808,2.99933837087e-09,1.39311920292e-08,91690818.7866,91740234.375
91765331.2683,3.28665915279e-09,2.40944314655e-08,91740623.4741,91790039.0625
91815135.9558,2.70591911774e-09,1.34952706372e-08,91790428.1616,91839843.75
91864940.6433,2.90416666758e-09,1.94007278029e-08,91840232.8491,91889648.4375
91914745.3308,3.03608931423e-09,1.67571407373e-08,91890037.5366,91939453.125
91964550.0183,2.57786861953e-09,1.13752637397e-08,91939842.2241,91989257.8125
92014354.7058,3.39231580357e-09,1.77212819842e-08,91989646.9116,92039062.5
92064159.3933,4.44446775317e-09,1.95393662019e-08,92039451.5991,92088867.1875
92113964.0808,3.23100898936e-09,1.43171112342e-08,92089256.2866,92138671.875
92163768.7683,2.92630497573e-09,1.45003650795e-08,92139060.9741,92188476.5625
92213573.4558,3.30606462692e-09,1.62084050517e-08,92188865.6616,92238281.25
92263378.1433,3.27701655613e-09,1.50806785101e-08,92238670.3491,92288085.9375
92313182.8308,2.69025932163e-09,1.88822953848e-08,92288475.0366,92337890.625
92362987.5183,2.93446610617e-09,1.60354903599e-08,92338279.7241,92387695.3125
92412792.2058,2.22620985391e-09,1.86481946592e-08,92388084.4116,92437500
92462596.8933,2.56113292349e-09,2.00513159613e-08,92437889.0991,92487304.6875
92512401.5808,2.33567852609e-09,1.5584727143e-08,92487693.7866,92537109.375
92562206.2683,2.90159564717e-09,1.14149680836e-08,92537498.4741,92586914.0625
92612010.9558,2.35402929291e-09,1.76177909492e-08,92587303.1616,92636718.75
92661815.6433,2.31368494619e-09,1.35598750104e-08,92637107.8491,92686523.4375
92711620.3308,2.92493359045e-09,9.82462634269e-09,92686912.5366,92736328.125
92761425.0183,2.60512589684e-09,1.90336378152e-08,92736717.2241,92786132.8125
92811229.7058,2.46685666902e-09,1.25798605131e-08,92786521.9116,92835937.5
92861034.3933,3.65641183906e-09,1.660741626e-08,92836326.5991,92885742.1875
92910839.0808,3.22810555596e-09,1.97779985879e-08,92886131.2866,92935546.875
92960643.7683,2.6673095784e-09,1.37326696044e-08,92935935.9741,92985351.5625
93010448.4558,3.11016343038e-09,1.39507727629e-08,92985740.6616,93035156.25
93060253.1433,2.48372450103e-09,1.3501564176e-08,93035545.3491,93084960.9375
93110057.8308,2.16071078703e-09,1.35327996233e-08,93085350.0366,93134765.625
93159862.5183,2.62338852952e-09,1.40891544017e-08,93135154.7241,93184570.3125
93209667.2058,3.2527946454e-09,2.36815019171e-08,93184959.4116,93234375
93259471.8933,2.46982571059e-09,1.62064508134e-08,93234764.0991,93284179.6875
93309276.5808,2.43498008483e-09,1.64172095392e-08,93284568.7866,93333984.375
93359081.2683,1.93833716285e-09,1.12492964841e-08,93334373.4741,93383789.0625
93408885.9558,2.27039024424e-09,1.35241959598e-08,93384178.1616,93433593.75
93458690.6433,1.95861460452e-09,1.00810505199e-08,93433982.8491,93483398.4375
93508495.3308,3.01678377388e-09,2.01619142326e-08,93483787.5366,93533203.125
93558300.0183,3.07423217249e-09,1.1358103369e-08,93533592.2241,93583007.8125
93608104.7058,2.15783193805e-09,1.11545464481e-08,93583396.9116,93632812.5
93657909.3933,2.34720193941e-09,1.18299065503e-08,93633201.5991,93682617.1875
93707714.0808,2.78689406152e-09,2.03494731512e-08,93683006.2866,93732421.875
93757518.7683,2.36747314998e-09,1.5741212853e-08,93732810.9741,93782226.5625
93807323.4558,1.79402976912e-09,9.16343482811e-09,93782615.6616,93832031.25
93857128.1433,1.88423811406e-09,1.02861171675e-08,93832420.3491,93881835.9375
93906932.8308,2.48516041826e-09,9.82139082176e-09,93882225.0366,93931640.625
93956737.5183,1.52731409825e-09,6.03995847222e-09,93932029.7241,93981445.3125
94006542.2058,2.03270945844e-09,1.12028091841e-08,93981834.4116,94031250
94056346.8933,2.02646160843e-09,1.11905936373e-08,94031639.0991,94081054.6875
94106151.5808,1.93132910638e-09,7.27670845737e-09,94081443.7866,94130859.375
94155956.2683,2.04879014051e-09,1.21683073778e-08,94131248.4741,94180664.0625
94205760.9558,1.79951052901e-09,9.62259642082e-09,94181053.1616,94230468.75
94255565.6433,1.58993353661e-09,8.3857331423e-09,94230857.8491,94280273.4375
94305370.3308,1.90875402936e-09,1.16788268492e-08,94280662.5366,94330078.125
94355175.0183,2.06672067444e-09,1.47740271743e-08,94330467.2241,94379882.8125
94404979.7058,1.73484093405e-09,1.18079043005e-08,94380271.9116,94429687.5
94454784.3933,4.07210231017e-09,2.51971160404e-08,94430076.5991,94479492.1875
94504589.0808,8.23442356106e-09,5.24039329589e-08,94479881.2866,94529296.875
94554393.7683,2.24482871389e-09,1.70487298612e-08,94529685.9741,94579101.5625
94604198.4558,2.71710494296e-09,1.61359664662e-08,94579490.6616,94628906.25
94654003.1433,1.90969137677e-09,9.6298115447e-09,94629295.3491,94678710.9375
94703807.8308,1.82305094789e-09,1.01708009395e-08,94679100.0366,94728515.625
94753612.5183,1.90657362705e-09,1.0484974923e-08,94728904.7241,94778320.3125
94803417.2058,1.84689671088e-09,2.28223931774e-08,94778709.4116,94828125
94853221.8933,1.68695541518e-09,1.13265920373e-08,94828514.0991,94877929.6875
94903026.5808,1.98462948855e-09,9.3962450667e-09,94878318.7866,94927734.375
94952831.2683,1.53212971749e-09,7.32811756215e-09,94928123.4741,94977539.0625
95002635.9558,1.63919996211e-09,9.38271843659e-09,94977928.1616,95027343.75
95052440.6433,1.70202355243e-09,1.03643177069e-08,95027732.8491,95077148.4375
95102245.3308,1.54739825413e-09,6.7969003806e-09,95077537.5366,95126953.125
95152050.0183,1.47266636894e-09,8.3490288211e-09,95127342.2241,95176757.8125
95201854.7058,2.4723419953e-09,1.78959469628e-08,95177146.9116,95226562.5
95251659.3933,1.69279291845e-09,8.7466192818e-09,95226951.5991,95276367.1875
95301464.0808,1.69127994789e-09,9.62173596742e-09,95276756.2866,95326171.875
95351268.7683,1.8635688076e-09,9.01659585275e-09,95326560.9741,95375976.5625
95401073.4558,1.776766884e-09,1.20817069046e-08,95376365.6616,95425781.25
95450878.1433,1.62954249517e-09,7.74508531122e-09,95426170.3491,95475585.9375
95500682.8308,1.41418134787e-09,9.88740851334e-09,95475975.0366,95525390.625
95550487.5183,1.47063957711e-09,8.01112633485e-09,95525779.7241,95575195.3125
95600292.2058,1.69712733757e-09,1.20515903237e-08,95575584.4116,95625000
95650096.8933,1.31930946909e-09,6.35413346887e-09,95625389.0991,95674804.6875
95699901.5808,2.13387013788e-09,1.43742682279e-08,95675193.7866,95724609.375
95749706.2683,1.94617367415e-09,1.60196583541e-08,95724998.4741,95774414.0625
95799510.9558,2.06443154124e-09,1.22135842625e-08,95774803.1616,95824218.75
95849315.6433,1.79901116087e-09,1.12488469337e-08,95824607.8491,95874023.4375
95899120.3308,2.09225871371e-09,2.05739885331e-08,95874412.5366,95923828.125
95948925.0183,2.19720872115e-09,1.06617879717e-08,95924217.2241,95973632.8125
95998729.7058,1.14848618899e-07,9.33476529161e-06,95974021.9116,96023437.5
96048534.3933,2.23721249275e-09,3.05000058932e-08,96023826.5991,96073242.1875
96098339.0808,2.505299992e-09,3.07239618308e-08,96073631.2866,96123046.875
96148143.7683,3.09316553311e-09,1.59355946996e-08,96123435.9741,96172851.5625
96197948.4558,2.2014982715e-09,1.50736212142e-08,96173240.6616,96222656.25
96247753.1433,1.65336270932e-09,1.84513447695e-08,96223045.3491,96272460.9375
96297557.8308,1.96714694245e-09,1.07151647163e-08,96272850.0366,96322265.625
96347362.5183,1.5800038923e-09,1.12940537155e-08,96322654.7241,96372070.3125
96397167.2058,1.8652664705e-09,1.17318531387e-08,96372459.4116,96421875
96446971.8933,1.37638899726e-09,8.39935382777e-09,96422264.0991,96471679.6875
96496776.5808,1.83627635311e-09,8.51985950701e-09,96472068.7866,96521484.375
96546581.2683,1.5237045197e-09,8.2250033663e-09,96521873.4741,96571289.0625
96596385.9558,1.61524863592e-09,1.25653645572e-08,96571678.1616,96621093.75
96646190.6433,1.4517438327e-09,6.88184587447e-09,96621482.8491,96670898.4375
96695995.3308,1.69400321915e-09,8.36377221298e-09,96671287.5366,96720703.125
96745800.0183,2.01675342865e-09,7.79038210896e-09,96721092.2241,96770507.8125
96795604.7058,2.31268828522e-09,1.06573750361e-08,96770896.9116,96820312.5
96845409.3933,2.24048140806e-09,7.09558205685e-09,96820701.5991,96870117.1875
96895214.0808,1.81095167956e-09,8.69703844045e-09,96870506.2866,96919921.875
96945018.7683,1.64092617326e-09,7.11074120749e-09,96920310.9741,96969726.5625
96994823.4558,1.50495135743e-09,6.15493233131e-09,96970115.6616,97019531.25
97044628.1433,1.62312592772e-09,9.50912333235e-09,97019920.3491,97069335.9375
97094432.8308,1.32091365439e-09,6.40370637807e-09,97069725.0366,97119140.625
97144237.5183,1.2541557361e-09,7.42904341681e-09,97119529.7241,97168945.3125
97194042.2058,1.90291398339e-09,1.33592214744e-08,97169334.4116,97218750
97243846.8933,1.77457127852e-09,9.53284095171e-09,97219139.0991,97268554.6875
97293651.5808,1.17625881323e-09,4.47620919229e-09,97268943.7866,97318359.375
97343456.2683,1.54384023329e-09,8.74096286962e-09,97318748.4741,97368164.0625
97393260.9558,1.62557070712e-09,8.37280776769e-09,97368553.1616,97417968.75
97443065.6433,1.35088109431e-09,6.96053796978e-09,97418357.8491,97467773.4375
97492870.3308,2.42703558001e-09,7.06710130832e-08,97468162.5366,97517578.125
97542675.0183,1.84314174058e-09,9.65803287701e-09,97517967.2241,97567382.8125
97592479.7058,1.54938037368e-09,1.04945024446e-08,97567771.9116,97617187.5
97642284.3933,1.57245057265e-09,8.11937017445e-09,97617576.5991,97666992.1875
97692089.0808,1.90624481936e-09,1.20858103126e-08,97667381.2866,97716796.875
97741893.7683,2.34158064136e-09,1.21877846044e-08,97717185.9741,97766601.5625
97791698.4558,1.95004224631e-09,1.34016681562e-08,97766990.6616,97816406.25
97841503.1433,1.32216555881e-09,1.10430767549e-08,97816795.3491,97866210.9375
97891307.8308,3.4940552262e-09,1.97635129724e-08,97866600.0366,97916015.625
97941112.5183,1.75714067398e-09,1.03598703414e-08,97916404.7241,97965820.3125
97990917.2058,1.56286359018e-09,6.84298118338e-09,97966209.4116,98015625
98040721.8933,1.62932700359e-09,8.73447733616e-09,98016014.0991,98065429.6875
98090526.5808,1.51430432041e-09,6.10943806575e-09,98065818.7866,98115234.375
98140331.2683,1.53424572399e-09,8.48322665173e-09,98115623.4741,98165039.0625
98190135.9558,1.88251560919e-09,9.60625533723e-09,98165428.1616,98214843.75
98239940.6433,2.06757861487e-09,9.16019042379e-09,98215232.8491,98264648.4375
98289745.3308,1.47339681821e-09,6.82890370157e-09,98265037.5366,98314453.125
98339550.0183,1.50605556869e-09,6.19810575579e-09,98314842.2241,98364257.8125
98389354.7058,1.99514015575e-09,1.34568828579e-08,98364646.9116,98414062.5
98439159.3933,1.89104275026e-09,9.48137630255e-09,98414451.5991,98463867.1875
98488964.0808,1.83801599575e-09,8.16953692321e-09,98464256.2866,98513671.875
98538768.7683,1.19117006929e-09,4.83046852626e-09,98514060.9741,98563476.5625
98588573.4558,1.93871524483e-09,1.44641607112e-08,98563865.6616,98613281.25
98638378.1433,1.788435917e-09,1.15052457288e-08,98613670.3491,98663085.9375
98688182.8308,1.86874606077e-09,8.65855574705e-09,98663475.0366,98712890.625
98737987.5183,1.50329607761e-09,8.18403005286e-09,98713279.7241,98762695.3125
98787792.2058,1.96795227653e-09,1.11943373937e-08,98763084.4116,98812500
98837596.8933,2.30588523827e-09,1.51062476192e-08,98812889.0991,98862304.6875
98887401.5808,2.56005720379e-09,9.88005731989e-09,98862693.7866,98912109.375
98937206.2683,1.86150894155e-09,9.42409688568e-09,98912498.4741,98961914.0625
98987010.9558,3.15979942622e-09,2.16552664793e-08,98962303.1616,99011718.75
99036815.6433,2.0019426941e-09,1.37298910216e-08,99012107.8491,99061523.4375
99086620.3308,1.79426134923e-09,1.67976430259e-08,99061912.5366,99111328.125
99136425.0183,1.96939013404e-09,1.02272073698e-08,99111717.2241,99161132.8125
99186229.7058,2.36375615796e-09,3.58039329361e-08,99161521.9116,99210937.5
99236034.3933,1.98634741366e-09,2.2623700245e-08,99211326.5991,99260742.1875
99285839.0808,3.08438731653e-09,1.80136424542e-08,99261131.2866,99310546.875
99335643.7683,2.3296633816e-09,1.20128109393e-08,99310935.9741,99360351.5625
99385448.4558,2.9026387385e-09,3.00927383815e-08,99360740.6616,99410156.25
99435253.1433,2.61167756454e-09,2.28285670602e-08,99410545.3491,99459960.9375
99485057.8308,1.93140728525e-09,8.89005398231e-09,99460350.0366,99509765.625
99534862.5183,1.77651460942e-09,7.48079224572e-09,99510154.7241,99559570.3125
99584667.2058,2.94058994772e-09,4.72610849533e-08,99559959.4116,99609375
99634471.8933,2.67962653727e-09,3.76009834653e-08,99609764.0991,99659179.6875
99684276.5808,2.22720386811e-09,1.9398436311e-08,99659568.7866,99708984.375
99734081.2683,1.95621416094e-09,1.09563881927e-08,99709373.4741,99758789.0625
99783885.9558,4.01358525049e-09,6.48155001366e-08,99759178.1616,99808593.75
99833690.6433,3.21730110739e-09,6.47768176279e-08,99808982.8491,99858398.4375
99883495.3308,1.96375820857e-09,1.17111061981e-08,99858787.5366,99908203.125
99933300.0183,2.78788129475e-09,1.15507401164e-08,99908592.2241,99958007.8125
99983104.7058,4.33500316229e-09,7.8122199029e-08,99958396.9116,100007812.5
100032909.393,3.6872923836e-09,6.46154045439e-08,100008201.599,100057617.188
100082714.081,2.94771049998e-09,1.28348018277e-08,100058006.287,100107421.875
100132518.768,2.2147390633e-09,1.27388211169e-08,100107810.974,100157226.562
100182323.456,4.23300649754e-09,1.02425675988e-07,100157615.662,100207031.25
100232128.143,3.61644333222e-09,6.39499125223e-08,100207420.349,100256835.938
100281932.831,1.8577353458e-09,1.24591984315e-08,100257225.037,100306640.625
100331737.518,1.99628779728e-09,1.00198684781e-08,100307029.724,100356445.312
100381542.206,4.039714268e-09,1.03914252981e-07,100356834.412,100406250
100431346.893,3.62003793809e-09,5.62821766425e-08,100406639.099,100456054.688
100481151.581,2.53951613841e-09,1.50813895146e-08,100456443.787,100505859.375
100530956.268,2.4402431982e-09,1.42127713107e-08,100506248.474,100555664.062
100580760.956,4.85768790874e-09,1.18271684803e-07,100556053.162,100605468.75
100630565.643,3.71249384794e-09,9.7546497487e-08,100605857.849,100655273.438
100680370.331,2.87058619862e-09,1.29367812714e-08,100655662.537,100705078.125
100730175.018,2.17150587611e-09,1.14131036591e-08,100705467.224,100754882.812
100779979.706,4.73003309113e-09,1.32542386818e-07,100755271.912,100804687.5
100829784.393,4.15160583012e-09,1.02748389362e-07,100805076.599,100854492.188
100879589.081,1.91191697548e-09,7.98175639847e-09,100854881.287,100904296.875
100929393.768,1.93612141331e-09,7.81473161294e-09,100904685.974,100954101.562
100979198.456,5.37692447462e-09,1.32959744923e-07,100954490.662,101003906.25
101029003.143,3.80516265257e-09,1.05539362627e-07,101004295.349,101053710.938
101078807.831,4.173899795e-09,2.70830193614e-08,101054100.037,101103515.625
101128612.518,2.78018831151e-09,1.59737611967e-08,101103904.724,101153320.312
101178417.206,5.62009216371e-09,1.22441619891e-07,101153709.412,101203125
101228221.893,4.61594276378e-09,1.13561555066e-07,101203514.099,101252929.688
101278026.581,2.35015585041e-09,1.09591041873e-08,101253318.787,101302734.375
101327831.268,2.55291066253e-09,1.61664834478e-08,101303123.474,101352539.062
101377635.956,5.58754048792e-09,1.42543644693e-07,101352928.162,101402343.75
101427440.643,4.75362782094e-09,1.1997733126e-07,101402732.849,101452148.438
101477245.331,2.35163334406e-09,1.34929285568e-08,101452537.537,101501953.125
101527050.018,2.74109164849e-09,1.72921461422e-08,101502342.224,101551757.812
101576854.706,5.94430271242e-09,2.15580079848e-07,101552146.912,101601562.5
101626659.393,4.33358002659e-09,9.14798495649e-08,101601951.599,101651367.188
101676464.081,2.28440429554e-09,1.40163219992e-08,101651756.287,101701171.875
101726268.768,2.2894096778e-09,1.03997569357e-08,101701560.974,101750976.562
101776073.456,6.40891969546e-09,1.64496316203e-07,101751365.662,101800781.25
101825878.143,5.01544923786e-09,1.1297702673e-07,101801170.349,101850585.938
101875682.831,2.744871905e-09,1.80571303166e-08,101850975.037,101900390.625
101925487.518,2.11456696329e-09,1.3035536734e-08,101900779.724,101950195.312
101975292.206,6.73902178515e-09,2.76973007806e-07,101950584.412,102000000
102025096.893,5.37349966484e-09,2.49657925092e-07,102000389.099,102049804.688
102074901.581,2.74933058983e-09,1.05862367364e-08,102050193.787,102099609.375
102124706.268,2.83832960658e-09,1.02013093431e-08,102099998.474,102149414.062
102174510.956,5.56061365333e-09,1.32538292969e-07,102149803.162,102199218.75
102224315.643,4.12170618506e-09,9.68366866654e-08,102199607.849,102249023.438
102274120.331,2.26616681345e-09,1.37728517677e-08,102249412.537,102298828.125
102323925.018,2.45581641039e-09,1.2270335884e-08,102299217.224,102348632.812
102373729.706,4.73302351103e-09,1.27683342354e-07,102349021.912,102398437.5
102423534.393,4.12734998338e-09,1.00706190966e-07,102398826.599,102448242.188
102473339.081,2.61159150487e-09,1.4609451675e-08,102448631.287,102498046.875
102523143.768,2.0360665686e-09,1.2609597682e-08,102498435.974,102547851.562
102572948.456,5.33656104651e-09,1.24931628401e-07,102548240.662,102597656.25
102622753.143,3.70715694077e-09,7.8033540487e-08,102598045.349,102647460.938
102672557.831,2.5993145408e-09,1.84257194667e-08,102647850.037,102697265.625
102722362.518,2.37022693845e-09,1.16177372858e-08,102697654.724,102747070.312
102772167.206,4.6377000095e-09,1.00607818673e-07,102747459.412,102796875
102821971.893,3.46817079708e-09,7.06834815061e-08,102797264.099,102846679.688
102871776.581,2.02939286343e-09,1.00742916588e-08,102847068.787,102896484.375
102921581.268,2.120129976e-09,1.38802590654e-08,102896873.474,102946289.062
102971385.956,3.46089562828e-09,5.5719689957e-08,102946678.162,102996093.75
103021190.643,3.79754502049e-09,4.88231450676e-08,102996482.849,103045898.438
103070995.331,2.08262905591e-09,1.45018832641e-08,103046287.537,103095703.125
103120800.018,2.16557675865e-09,1.04275907832e-08,103096092.224,103145507.812
103170604.706,3.15979417471e-09,5.78418126446e-08,103145896.912,103195312.5
103220409.393,2.94857636165e-09,4.33778450042e-08,103195701.599,103245117.188
103270214.081,2.49209406959e-09,1.18047143775e-08,103245506.287,103294921.875
103320018.768,1.94334433996e-09,9.16044343901e-09,103295310.974,103344726.562
103369823.456,3.97250803018e-09,6.63024708107e-08,103345115.662,103394531.25
103419628.143,3.08726220739e-09,8.38896208349e-08,103394920.349,103444335.938
103469432.831,2.68132278977e-09,1.37723104056e-08,103444725.037,103494140.625
103519237.518,3.49498357124e-09,3.74333233241e-08,103494529.724,103543945.312
103569042.206,2.83029981262e-09,4.1900020268e-08,103544334.412,103593750
103618846.893,2.43100256016e-09,3.73892344593e-08,103594139.099,103643554.688
103668651.581,1.88564617571e-09,8.35895890611e-09,103643943.787,103693359.375
103718456.268,1.71149940269e-09,7.4678432229e-09,103693748.474,103743164.062
103768260.956,2.03527440389e-09,2.71937196146e-08,103743553.162,103792968.75
103818065.643,1.69513383222e-09,1.82248562712e-08,103793357.849,103842773.438
103867870.331,1.50996826673e-09,5.15058924937e-09,103843162.537,103892578.125
103917675.018,1.82660646567e-09,1.21850964289e-08,103892967.224,103942382.812
103967479.706,2.14123614546e-09,2.18490500034e-08,103942771.912,103992187.5
104017284.393,2.37574475623e-09,2.40159521022e-08,103992576.599,104041992.188
104067089.081,5.61813875499e-09,2.45109938653e-08,104042381.287,104091796.875
104116893.768,2.92490855372e-09,1.81132564985e-08,104092185.974,104141601.562
104166698.456,2.55828688616e-09,1.96320701948e-08,104141990.662,104191406.25
104216503.143,1.64448661937e-09,2.51287742338e-08,104191795.349,104241210.938
104266307.831,1.65536114429e-09,8.85287771708e-09,104241600.037,104291015.625
104316112.518,1.97045229667e-09,1.42920781259e-08,104291404.724,104340820.312
104365917.206,2.20092816511e-09,2.31157687277e-08,104341209.412,104390625
104415721.893,1.47859997593e-09,1.25182268342e-08,104391014.099,104440429.688
104465526.581,1.40608886415e-09,1.02080470867e-08,104440818.787,104490234.375
104515331.268,1.5402285864e-09,7.36851272397e-09,104490623.474,104540039.062
104565135.956,1.45225364807e-09,9.89040854207e-09,104540428.162,104589843.75
104614940.643,1.53896189269e-09,1.08024266286e-08,104590232.849,104639648.438
104664745.331,1.78286007672e-09,1.21428187756e-08,104640037.537,104689453.125
104714550.018,1.39999252998e-09,1.09189155742e-08,104689842.224,104739257.812
104764354.706,1.90964990959e-09,1.65542091834e-08,104739646.912,104789062.5
104814159.393,1.8385904531e-09,9.74538661267e-09,104789451.599,104838867.188
104863964.081,1.52489726247e-09,1.19971849828e-08,104839256.287,104888671.875
104913768.768,1.73019222161e-09,1.46240872058e-08,104889060.974,104938476.562
104963573.456,1.82689313541e-09,9.48266349444e-09,104938865.662,104988281.25
105013378.143,1.35474320471e-09,8.60037479826e-09,104988670.349,105038085.938
105063182.831,1.2224871157e-09,1.16750537273e-08,105038475.037,105087890.625
105112987.518,1.213698337e-09,6.41790198192e-09,105088279.724,105137695.312
105162792.206,1.68858307463e-09,9.02679172842e-09,105138084.412,105187500
105212596.893,1.6285449214e-09,1.01071913981e-08,105187889.099,105237304.688
105262401.581,1.43408430684e-09,6.518555411e-09,105237693.787,105287109.375
105312206.268,1.46015419861e-09,1.04336008742e-08,105287498.474,105336914.062
105362010.956,1.31143685565e-09,7.38251918842e-09,105337303.162,105386718.75
105411815.643,1.08168407529e-09,4.19933131716e-09,105387107.849,105436523.438
105461620.331,1.3034466535e-09,5.88081559176e-09,105436912.537,105486328.125
105511425.018,1.28497454632e-09,5.17159523144e-09,105486717.224,105536132.812
105561229.706,1.27317355493e-09,5.96868446278e-09,105536521.912,105585937.5
105611034.393,1.47789746595e-09,9.67593849504e-09,105586326.599,105635742.188
105660839.081,1.22007925126e-09,5.05830013617e-09,105636131.287,105685546.875
105710643.768,1.36137003037e-09,5.35804997876e-09,105685935.974,105735351.562
105760448.456,1.16355462113e-09,4.20694670439e-09,105735740.662,105785156.25
105810253.143,1.38059997245e-09,6.88781866745e-09,105785545.349,105834960.938
105860057.831,1.3444636741e-09,5.47971964919e-09,105835350.037,105884765.625
105909862.518,1.25979707089e-09,5.51056510624e-09,105885154.724,105934570.312
105959667.206,1.39650091343e-09,1.56665896902e-08,105934959.412,105984375
106009471.893,1.50236646011e-09,6.86832313307e-09,105984764.099,106034179.688
106059276.581,1.31595302679e-09,9.88793291443e-09,106034568.787,106083984.375
106109081.268,1.34723696746e-09,5.65460006295e-09,106084373.474,106133789.062
106158885.956,1.17601870131e-09,5.25112196928e-09,106134178.162,106183593.75
106208690.643,1.22865719261e-09,9.26702857429e-09,106183982.849,106233398.438
106258495.331,1.29033386126e-09,6.1993803467e-09,106233787.537,106283203.125
106308300.018,2.35381585844e-09,1.24834658885e-08,106283592.224,106333007.812
106358104.706,2.06166441386e-09,1.30818242436e-08,106333396.912,106382812.5
106407909.393,1.64775127708e-09,1.12194186794e-08,106383201.599,106432617.188
106457714.081,1.36692670837e-08,1.09337399763e-07,106433006.287,106482421.875
106507518.768,1.88219784701e-08,9.06291558519e-08,106482810.974,106532226.562
106557323.456,3.43802109529e-09,4.22674054856e-08,106532615.662,106582031.25
106607128.143,1.85697811402e-09,1.06834524289e-08,106582420.349,106631835.938
106656932.831,1.52862843216e-09,6.65011387038e-09,106632225.037,106681640.625
106706737.518,1.20542570032e-09,5.86143331106e-09,106682029.724,106731445.312
106756542.206,1.18370599096e-09,5.08001971738e-09,106731834.412,106781250
106806346.893,1.57839854858e-09,1.32990563226e-08,106781639.099,106831054.688
106856151.581,1.2145326219e-09,5.65345779891e-09,106831443.787,106880859.375
106905956.268,1.23932232884e-09,6.63490270822e-09,106881248.474,106930664.062
106955760.956,1.08524255377e-09,6.49743972892e-09,106931053.162,106980468.75
107005565.643,1.39638822171e-09,6.82049129877e-09,106980857.849,107030273.438
107055370.331,1.49945158126e-09,6.40000704998e-09,107030662.537,107080078.125
107105175.018,1.31090644684e-09,5.54204113773e-09,107080467.224,107129882.812
107154979.706,1.13844470793e-09,5.33047579468e-09,107130271.912,107179687.5
107204784.393,1.39624854202e-09,7.84301833159e-09,107180076.599,107229492.188
107254589.081,1.26565832981e-09,6.39435069949e-09,107229881.287,107279296.875
107304393.768,1.17443240798e-09,5.16362028017e-09,107279685.974,107329101.562
107354198.456,1.25105394263e-09,5.85220887316e-09,107329490.662,107378906.25
107404003.143,1.28365364646e-09,6.9568425336e-09,107379295.349,107428710.938
107453807.831,1.13374281261e-09,4.36700288097e-09,107429100.037,107478515.625
107503612.518,1.0506312352e-09,3.73525252902e-09,107478904.724,107528320.312
107553417.206,1.51167174553e-09,7.46459897725e-09,107528709.412,107578125
107603221.893,2.001734147e-09,1.07444692477e-08,107578514.099,107627929.688
107653026.581,1.08769176265e-09,4.31475706793e-09,107628318.787,107677734.375
107702831.268,1.52340116564e-09,8.44600839525e-09,107678123.474,107727539.062
107752635.956,1.09944584541e-09,4.58273907856e-09,107727928.162,107777343.75
107802440.643,1.78269631508e-09,7.90447930093e-09,107777732.849,107827148.438
107852245.331,1.39848069413e-09,4.56501319311e-09,107827537.537,107876953.125
107902050.018,1.45768355429e-09,7.10915842964e-09,107877342.224,107926757.812
107951854.706,1.77716856495e-09,8.9009270954e-09,107927146.912,107976562.5
108001659.393,4.26965583546e-07,3.3558956446e-05,107976951.599,108026367.188
108051464.081,1.75342031164e-09,1.19105274623e-08,108026756.287,108076171.875
108101268.768,1.92684673296e-09,9.72242488047e-09,108076560.974,108125976.562
108151073.456,1.64711945533e-09,7.55869537154e-09,108126365.662,108175781.25
108200878.143,1.67404047129e-09,1.4914380053e-08,108176170.349,108225585.938
108250682.831,1.9059451205e-09,1.1636051501e-08,108225975.037,108275390.625
108300487.518,1.41843952706e-09,6.984430209e-09,108275779.724,108325195.312
108350292.206,1.38215394852e-09,7.07925596418e-09,108325584.412,108375000
108400096.893,1.77331458927e-09,1.19192423699e-08,108375389.099,108424804.688
108449901.581,1.31231643466e-09,6.47355164745e-09,108425193.787,108474609.375
108499706.268,1.4935673286e-09,7.47691251055e-09,108474998.474,108524414.062
108549510.956,1.13822023725e-09,5.22812737391e-09,108524803.162,108574218.75
108599315.643,1.99674449687e-09,2.20471950973e-08,108574607.849,108624023.438
108649120.331,1.20819989899e-09,4.80911348953e-09,108624412.537,108673828.125
108698925.018,1.71163280053e-09,8.3874660991e-09,108674217.224,108723632.812
108748729.706,1.35622594614e-09,7.96652814177e-09,108724021.912,108773437.5
108798534.393,1.40707597608e-09,8.52641887779e-09,108773826.599,108823242.188
108848339.081,1.3610114827e-09,9.5422242305e-09,108823631.287,108873046.875
108898143.768,1.33535656268e-09,6.17127906913e-09,108873435.974,108922851.562
108947948.456,1.31099956118e-09,7.49810388479e-09,108923240.662,108972656.25
108997753.143,1.52569493649e-09,7.45584925282e-09,108973045.349,109022460.938
109047557.831,1.18666651248e-09,6.29552326054e-09,109022850.037,109072265.625
109097362.518,1.26833519792e-09,5.4496740666e-09,109072654.724,109122070.312
109147167.206,1.2617038199e-09,5.55887041954e-09,109122459.412,109171875
109196971.893,1.3931989792e-09,9.31010009316e-09,109172264.099,109221679.688
109246776.581,1.2176291001e-09,5.3799933327e-09,109222068.787,109271484.375
109296581.268,1.21312349349e-09,5.66288406708e-09,109271873.474,109321289.062
109346385.956,1.04230893751e-09,7.47233125089e-09,109321678.162,109371093.75
109396190.643,1.44218282873e-09,1.24598216248e-08,109371482.849,109420898.438
109445995.331,1.11685301242e-09,6.00220201519e-09,109421287.537,109470703.125
109495800.018,1.93478147878e-09,6.2100782627e-08,109471092.224,109520507.812
109545604.706,1.46011427462e-09,5.68245045504e-09,109520896.912,109570312.5
109595409.393,1.39347981333e-09,8.92374489886e-09,109570701.599,109620117.188
109645214.081,1.2146711118e-09,5.79820984468e-09,109620506.287,109669921.875
109695018.768,1.20284866068e-09,5.04541185434e-09,109670310.974,109719726.562
109744823.456,1.34871718498e-09,8.60433674439e-09,109720115.662,109769531.25
109794628.143,1.33780625239e-09,1.24489402179e-08,109769920.349,109819335.938
109844432.831,1.17112448162e-09,4.60991812683e-09,109819725.037,109869140.625
109894237.518,1.44540279017e-09,7.71399612567e-09,109869529.724,109918945.312
109944042.206,1.26186418159e-09,9.26858434903e-09,109919334.412,109968750
109993846.893,1.41590530388e-09,1.11621784107e-08,109969139.099,110018554.688
110043651.581,1.26860509396e-09,1.51771097993e-08,110018943.787,110068359.375
110093456.268,1.13207266284e-09,8.79877701874e-09,110068748.474,110118164.062
110143260.956,1.25012922628e-09,1.2324489091e-08,110118553.162,110167968.75
110193065.643,1.41240699657e-09,8.33972296131e-09,110168357.849,110217773.438
110242870.331,1.33585751097e-09,6.54389388267e-09,110218162.537,110267578.125
110292675.018,9.70778775587e-10,4.58089283146e-09,110267967.224,110317382.812
110342479.706,1.3715534061e-09,1.5150077571e-08,110317771.912,110367187.5
110392284.393,1.37553394183e-09,6.54933364499e-09,110367576.599,110416992.188
110442089.081,1.12529588841e-09,7.00272552381e-09,110417381.287,110466796.875
110491893.768,1.05965665549e-09,5.29763418165e-09,110467185.974,110516601.562
110541698.456,1.07713430649e-09,1.28774157314e-08,110516990.662,110566406.25
110591503.143,1.26935457093e-09,8.16884589216e-09,110566795.349,110616210.938
110641307.831,1.12342254343e-09,6.02587875036e-09,110616600.037,110666015.625
110691112.518,1.24110209499e-09,6.66326407135e-09,110666404.724,110715820.312
110740917.206,1.40072443859e-09,6.22582784843e-09,110716209.412,110765625
110790721.893,1.50045318809e-09,1.3455608098e-08,110766014.099,110815429.688
110840526.581,1.60417103393e-09,7.35307503745e-09,110815818.787,110865234.375
110890331.268,1.23860635371e-09,8.9826312082e-09,110865623.474,110915039.062
110940135.956,1.30534304121e-09,8.03951000477e-09,110915428.162,110964843.75
110989940.643,1.44684392297e-09,7.13588971057e-09,110965232.849,111014648.438
111039745.331,1.20939748697e-09,8.51139064849e-09,111015037.537,111064453.125
111089550.018,1.42136271525e-09,6.73185295942e-09,111064842.224,111114257.812
111139354.706,1.55824347902e-09,1.04642759988e-08,111114646.912,111164062.5
111189159.393,1.64395115221e-09,1.44814688188e-08,111164451.599,111213867.188
111238964.081,1.17634805843e-09,5.51123782286e-09,111214256.287,111263671.875
111288768.768,1.75326947751e-09,6.72753343677e-09,111264060.974,111313476.562
111338573.456,2.06897934701e-09,1.56013645903e-08,111313865.662,111363281.25
111388378.143,1.79235911869e-09,1.38634496332e-08,111363670.349,111413085.938
111438182.831,1.35271255218e-09,8.48559991499e-09,111413475.037,111462890.625
111487987.518,1.45433264225e-09,8.28837634995e-09,111463279.724,111512695.312
111537792.206,1.48397031788e-09,1.7365489381e-08,111513084.412,111562500
111587596.893,1.58090016345e-09,9.18107346012e-09,111562889.099,111612304.688
111637401.581,1.10187386221e-09,7.89892480354e-09,111612693.787,111662109.375
111687206.268,1.13695757582e-09,6.54913852975e-09,111662498.474,111711914.062
111737010.956,1.52713500388e-09,1.69303266837e-08,111712303.162,111761718.75
111786815.643,1.64272959615e-09,1.35002293202e-08,111762107.849,111811523.438
111836620.331,1.18888030767e-09,5.09193846387e-09,111811912.537,111861328.125
111886425.018,1.44234081118e-09,7.51734427673e-09,111861717.224,111911132.812
111936229.706,1.5195123731e-09,1.59686194764e-08,111911521.912,111960937.5
111986034.393,2.36930235923e-09,3.21589470665e-08,111961326.599,112010742.188
112035839.081,1.42149247348e-09,5.62956298148e-09,112011131.287,112060546.875
112085643.768,1.34936283795e-09,7.71156925365e-09,112060935.974,112110351.562
112135448.456,1.41397120857e-09,1.54622309871e-08,112110740.662,112160156.25
112185253.143,1.39150459995e-09,1.08354307894e-08,112160545.349,112209960.938
112235057.831,1.11923566923e-09,6.4889523314e-09,112210350.037,112259765.625
112284862.518,1.05352220481e-09,5.87246870975e-09,112260154.724,112309570.312
112334667.206,1.93483412024e-09,2.0035689731e-08,112309959.412,112359375
112384471.893,1.49915663258e-09,6.82031843265e-09,112359764.099,112409179.688
112434276.581,1.14218637882e-09,6.93163995391e-09,112409568.787,112458984.375
112484081.268,1.76178092538e-09,3.79020870716e-08,112459373.474,112508789.062
112533885.956,1.93488172523e-09,1.30650438799e-08,112509178.162,112558593.75
112583690.643,1.95016971612e-09,1.36559737576e-08,112558982.849,112608398.438
112633495.331,1.78147297756e-09,1.04113220757e-08,112608787.537,112658203.125
112683300.018,1.74476158768e-09,9.89990121526e-09,112658592.224,112708007.812
112733104.706,1.85217804683e-09,8.63409754666e-09,112708396.912,112757812.5
112782909.393,2.13421289777e-09,1.41816273191e-08,112758201.599,112807617.188
112832714.081,2.0997063935e-09,1.6682874699e-08,112808006.287,112857421.875
112882518.768,1.62220944592e-09,8.36682246764e-09,112857810.974,112907226.562
112932323.456,2.20119986406e-09,1.42943236302e-08,112907615.662,112957031.25
112982128.143,2.46375106731e-09,3.45048943562e-08,112957420.349,113006835.938
113031932.831,2.09738496442e-09,1.43023436651e-08,113007225.037,113056640.625
113081737.518,2.37850949606e-09,1.35569229198e-08,113057029.724,113106445.312
113131542.206,1.93250466379e-09,1.82667005386e-08,113106834.412,113156250
113181346.893,2.23581661498e-09,1.82885739294e-08,113156639.099,113206054.688
113231151.581,2.32602480503e-09,1.64535008701e-08,113206443.787,113255859.375
113280956.268,2.36049499913e-09,9.97738495109e-09,113256248.474,113305664.062
113330760.956,2.64089288283e-09,1.94479628334e-08,113306053.162,113355468.75
113380565.643,2.55842938359e-09,1.1301964081e-08,113355857.849,113405273.438
113430370.331,2.4120774994e-09,8.74629772505e-09,113405662.537,113455078.125
113480175.018,2.43579396133e-09,1.18117241739e-08,113455467.224,113504882.812
113529979.706,2.68289882755e-09,1.78989897587e-08,113505271.912,113554687.5
113579784.393,2.45495140106e-09,1.41175148205e-08,113555076.599,113604492.188
113629589.081,2.38091492132e-09,1.7357085605e-08,113604881.287,113654296.875
113679393.768,2.55329811249e-09,1.52942828194e-08,113654685.974,113704101.562
113729198.456,2.29599115268e-09,1.17087185158e-08,113704490.662,113753906.25
113779003.143,2.07621284679e-09,1.08266368221e-08,113754295.349,113803710.938
113828807.831,2.1873660062e-09,9.3404969219e-09,113804100.037,113853515.625
113878612.518,2.34801323401e-09,7.96868705535e-09,113853904.724,113903320.312
113928417.206,2.07090333111e-09,1.12156134352e-08,113903709.412,113953125
113978221.893,2.63629097982e-09,9.49561974826e-09,113953514.099,114002929.688
114028026.581,1.6716826486e-09,8.54047906943e-09,114003318.787,114052734.375
114077831.268,2.25918433175e-09,1.26093561865e-08,114053123.474,114102539.062
114127635.956,2.41455709909e-09,1.77765827571e-08,114102928.162,114152343.75
114177440.643,2.09329743926e-09,1.0022119059e-08,114152732.849,114202148.438
114227245.331,2.02971027216e-09,8.73550560109e-09,114202537.537,114251953.125
114277050.018,2.04102677459e-09,1.1488197716e-08,114252342.224,114301757.812
114326854.706,2.48635078911e-09,1.45340700504e-08,114302146.912,114351562.5
114376659.393,2.24245491565e-09,1.192208e-08,114351951.599,114401367.188
114426464.081,3.01238160976e-09,1.46420516394e-08,114401756.287,114451171.875
114476268.768,2.2306525269e-09,2.16573481484e-08,114451560.974,114500976.562
114526073.456,2.40805594321e-09,9.62612913965e-09,114501365.662,114550781.25
114575878.143,2.61708218091e-09,1.81998112713e-08,114551170.349,114600585.938
114625682.831,1.71897874835e-09,6.77815526099e-09,114600975.037,114650390.625
114675487.518,2.21359415324e-09,1.1814808839e-08,114650779.724,114700195.312
114725292.206,1.90027823644e-09,1.46405689281e-08,114700584.412,114750000
114775096.893,2.51317377622e-09,1.32725126773e-08,114750389.099,114799804.688
114824901.581,1.81941572924e-09,1.06623508592e-08,114800193.787,114849609.375
114874706.268,2.03611430632e-09,1.04915120347e-08,114849998.474,114899414.062
114924510.956,2.43787079205e-09,1.21462469205e-08,114899803.162,114949218.75
114974315.643,2.37850559834e-09,1.10867470672e-08,114949607.849,114999023.438
115024120.331,2.31243108564e-09,1.37248902346e-08,114999412.537,115048828.125
115073925.018,2.15134132989e-09,1.07414299158e-08,115049217.224,115098632.812
115123729.706,2.40178206367e-09,1.83532062574e-08,115099021.912,115148437.5
115173534.393,2.34559138461e-09,9.19029159425e-09,115148826.599,115198242.188
115223339.081,2.5018006789e-09,9.00982609808e-09,115198631.287,115248046.875
115273143.768,2.99551521181e-09,1.37532228797e-08,115248435.974,115297851.562
115322948.456,2.96637700684e-09,1.41002122335e-08,115298240.662,115347656.25
115372753.143,3.90468753516e-09,2.77703635004e-08,115348045.349,115397460.938
115422557.831,3.28396390126e-09,2.24383113231e-08,115397850.037,115447265.625
115472362.518,3.4677986834e-09,1.46330977139e-08,115447654.724,115497070.312
115522167.206,4.73358816146e-09,3.29949945596e-08,115497459.412,115546875
115571971.893,2.60609174903e-09,2.15163710419e-08,115547264.099,115596679.688
115621776.581,2.82423063852e-09,2.00426459969e-08,115597068.787,115646484.375
115671581.268,2.54136271008e-09,9.77662875887e-09,115646873.474,115696289.062
115721385.956,2.60621444796e-09,1.10050700497e-08,115696678.162,115746093.75
115771190.643,2.58176644386e-09,1.0962942126e-08,115746482.849,115795898.438
115820995.331,2.03830724905e-09,7.69989928936e-09,115796287.537,115845703.125
115870800.018,1.88096690282e-09,1.05414653373e-08,115846092.224,115895507.812
115920604.706,2.81896027756e-09,1.92585333798e-08,115895896.912,115945312.5
115970409.393,2.15059622901e-09,1.51337495879e-08,115945701.599,115995117.188
116020214.081,2.63600291325e-09,1.92106549483e-08,115995506.287,116044921.875
116070018.768,3.04583952999e-09,1.66846854825e-08,116045310.974,116094726.562
116119823.456,2.59770025987e-09,1.81638561793e-08,116095115.662,116144531.25
116169628.143,2.59054072289e-09,1.54036595622e-08,116144920.349,116194335.938
116219432.831,2.23218331401e-09,1.03301946378e-08,116194725.037,116244140.625
116269237.518,1.86672235169e-09,9.22225195512e-09,116244529.724,116293945.312
116319042.206,2.66401747764e-09,1.86646559594e-08,116294334.412,116343750
116368846.893,2.44033475554e-09,2.34417115294e-08,116344139.099,116393554.688
116418651.581,1.94892688947e-09,8.20551291796e-09,116393943.787,116443359.375
116468456.268,1.70453450565e-09,1.04185308329e-08,116443748.474,116493164.062
116518260.956,1.77854219296e-09,9.38734090427e-09,116493553.162,116542968.75
116568065.643,1.93608057192e-09,7.28647844241e-09,116543357.849,116592773.438
116617870.331,1.78113267116e-09,1.02903575309e-08,116593162.537,116642578.125
116667675.018,1.99695986103e-09,8.84177733695e-09,116642967.224,116692382.812
116717479.706,2.15815711342e-09,1.6135090142e-08,116692771.912,116742187.5
116767284.393,2.57182623479e-09,1.66461599374e-08,116742576.599,116791992.188
116817089.081,1.95023490247e-09,7.78217035597e-09,116792381.287,116841796.875
116866893.768,1.9641902911e-09,8.05259979721e-09,116842185.974,116891601.562
116916698.456,1.91256445171e-09,1.46755227872e-08,116891990.662,116941406.25
116966503.143,2.52778920332e-09,1.46341359133e-08,116941795.349,116991210.938
117016307.831,2.68689069654e-09,1.55073410059e-08,116991600.037,117041015.625
117066112.518,1.82598327906e-09,1.29361935095e-08,117041404.724,117090820.312
117115917.206,2.46715534425e-09,2.56679896539e-08,117091209.412,117140625
117165721.893,2.26581027815e-09,1.0395693788e-08,117141014.099,117190429.688
117215526.581,2.12555888978e-09,1.29151589945e-08,117190818.787,117240234.375
117265331.268,1.96908978085e-09,9.71937339558e-09,117240623.474,117290039.062
117315135.956,1.70201338873e-09,1.66668613388e-08,117290428.162,117339843.75
117364940.643,2.32335932298e-09,1.1901659754e-08,117340232.849,117389648.438
117414745.331,1.89805475581e-09,7.65875702054e-09,117390037.537,117439453.125
117464550.018,2.28208220797e-09,8.2670168823e-09,117439842.224,117489257.812
117514354.706,2.32552355482e-09,1.78848893816e-08,117489646.912,117539062.5
117564159.393,1.95357669169e-09,2.36027407576e-08,117539451.599,117588867.188
117613964.081,2.05229242902e-09,8.692446323e-09,117589256.287,117638671.875
117663768.768,1.92343137294e-09,7.31236202641e-09,117639060.974,117688476.562
117713573.456,2.32263990746e-09,2.07485274268e-08,117688865.662,117738281.25
117763378.143,2.44204383222e-09,2.08831731709e-08,117738670.349,117788085.938
117813182.831,1.56558855549e-09,6.24850896571e-09,117788475.037,117837890.625
117862987.518,1.81345553971e-09,1.01316398131e-08,117838279.724,117887695.312
117912792.206,2.01607799169e-09,1.4425937442e-08,117888084.412,117937500
117962596.893,1.66815228224e-09,1.88314109598e-08,117937889.099,117987304.688
118012401.581,2.00306025738e-09,1.08194216741e-08,117987693.787,118037109.375
118062206.268,1.87739547881e-09,1.20148459792e-08,118037498.474,118086914.062
118112010.956,1.81125385111e-09,1.45997223199e-08,118087303.162,118136718.75
118161815.643,1.7423027663e-09,9.29081867454e-09,118137107.849,118186523.438
118211620.331,1.70245027684e-09,7.53551253134e-09,118186912.537,118236328.125
118261425.018,1.49797710626e-09,1.49790224465e-08,118236717.224,118286132.812
118311229.706,2.59328562993e-09,3.08946086595e-08,118286521.912,118335937.5
118361034.393,2.09305625661e-09,2.17273151063e-08,118336326.599,118385742.188
118410839.081,1.4276730965e-09,1.07977247884e-08,118386131.287,118435546.875
118460643.768,4.14051780597e-09,3.33067901966e-08,118435935.974,118485351.562
118510448.456,5.99119601136e-09,3.71035783562e-08,118485740.662,118535156.25
118560253.143,1.82064741759e-09,6.82705670502e-09,118535545.349,118584960.938
118610057.831,2.32989418994e-09,1.13206872939e-08,118585350.037,118634765.625
118659862.518,1.9777795799e-09,1.01629518878e-08,118635154.724,118684570.312
118709667.206,1.8514593081e-09,2.33375526846e-08,118684959.412,118734375
118759471.893,1.68641111676e-09,8.50801468501e-09,118734764.099,118784179.688
118809276.581,2.12299310448e-09,2.10732809505e-08,118784568.787,118833984.375
118859081.268,1.65261646059e-09,6.5142888669e-09,118834373.474,118883789.062
118908885.956,2.33718353019e-09,2.2995614737e-08,118884178.162,118933593.75
118958690.643,1.8435237406e-09,9.23005911038e-09,118933982.849,118983398.438
119008495.331,2.31077446826e-09,1.70499786415e-08,118983787.537,119033203.125
119058300.018,2.47849577239e-09,1.33511999834e-08,119033592.224,119083007.812
119108104.706,3.01562853978e-09,4.31191568789e-08,119083396.912,119132812.5
119157909.393,2.72500228266e-09,1.24647490169e-08,119133201.599,119182617.188
119207714.081,3.63069806046e-09,1.92847680662e-08,119183006.287,119232421.875
119257518.768,2.74487656699e-09,1.39157011769e-08,119232810.974,119282226.562
119307323.456,2.84774955439e-09,2.91898853258e-08,119282615.662,119332031.25
119357128.143,2.80244863083e-09,2.31281182703e-08,119332420.349,119381835.938
119406932.831,2.360344232e-09,1.61534447308e-08,119382225.037,119431640.625
119456737.518,1.96879936102e-09,7.69034620568e-09,119432029.724,119481445.312
119506542.206,2.68798790838e-09,1.74356031556e-08,119481834.412,119531250
119556346.893,2.65606554471e-09,1.68601389356e-08,119531639.099,119581054.688
119606151.581,3.71971094886e-09,2.50602070903e-08,119581443.787,119630859.375
119655956.268,3.09840349535e-09,1.94069616321e-08,119631248.474,119680664.062
119705760.956,4.1582704019e-09,4.61627432195e-08,119681053.162,119730468.75
119755565.643,4.45220242913e-09,3.75648561558e-08,119730857.849,119780273.438
119805370.331,5.16693105941e-09,4.88272257195e-08,119780662.537,119830078.125
119855175.018,7.61889025321e-09,4.25775043867e-08,119830467.224,119879882.812
119904979.706,9.25480071341e-09,6.64983079561e-08,119880271.912,119929687.5
119954784.393,8.16610329862e-09,4.96327110456e-08,119930076.599,119979492.188
120004589.081,1.94323904372e-07,1.4850756825e-05,119979881.287,120029296.875
120054393.768,1.14236257767e-08,7.79016163265e-08,120029685.974,120079101.562
120104198.456,8.47141639484e-09,5.80069752118e-08,120079490.662,120128906.25
120154003.143,8.0282387369e-09,7.08303219829e-08,120129295.349,120178710.938
120203807.831,1.04318472373e-08,5.44517159909e-08,120179100.037,120228515.625
120253612.518,7.94130031781e-09,5.42513328035e-08,120228904.724,120278320.312
120303417.206,6.72579848481e-09,3.97766606852e-08,120278709.412,120328125
120353221.893,6.19286134435e-09,3.60682480218e-08,120328514.099,120377929.688
120403026.581,5.73105755154e-09,3.18646365933e-08,120378318.787,120427734.375
120452831.268,3.50662380139e-09,4.81949925014e-08,120428123.474,120477539.062
120502635.956,3.62455039201e-09,3.24865832093e-08,120477928.162,120527343.75
120552440.643,3.21473546309e-09,2.59319077956e-08,120527732.849,120577148.438
120602245.331,2.46771511196e-09,3.21772712201e-08,120577537.537,120626953.125
120652050.018,1.68421152631e-09,7.19188447555e-09,120627342.224,120676757.812
120701854.706,2.92885863005e-09,2.7915136609e-08,120677146.912,120726562.5
120751659.393,2.72494618837e-09,2.22825065941e-08,120726951.599,120776367.188
120801464.081,2.66069993168e-09,2.27178722533e-08,120776756.287,120826171.875
120851268.768,1.88316375647e-09,7.15136198344e-09,120826560.974,120875976.562
120901073.456,2.93551113598e-09,3.814296354e-08,120876365.662,120925781.25
120950878.143,2.71206595506e-09,4.9549897603e-08,120926170.349,120975585.938
121000682.831,1.9904873655e-09,1.23814343494e-08,120975975.037,121025390.625
121050487.518,2.63656455638e-09,1.22124343598e-08,121025779.724,121075195.312
121100292.206,2.80567618978e-09,3.52519409969e-08,121075584.412,121125000
121150096.893,1.99407312126e-09,2.16925724439e-08,121125389.099,121174804.688
121199901.581,2.69386578983e-09,2.20754076162e-08,121175193.787,121224609.375
121249706.268,2.10105735639e-09,1.07812268031e-08,121224998.474,121274414.062
121299510.956,2.23924238272e-09,1.22004444501e-08,121274803.162,121324218.75
121349315.643,1.73207586373e-09,1.40204405419e-08,121324607.849,121374023.438
121399120.331,2.25530106193e-09,1.33879470266e-08,121374412.537,121423828.125
121448925.018,1.40129806366e-09,5.53979070422e-09,121424217.224,121473632.812
121498729.706,2.37111312116e-09,2.68789712119e-08,121474021.912,121523437.5
121548534.393,1.58134033811e-09,1.83353499301e-08,121523826.599,121573242.188
121598339.081,1.69248547704e-09,8.65195150149e-09,121573631.287,121623046.875
121648143.768,1.27293977829e-09,4.53166266564e-09,121623435.974,121672851.562
121697948.456,1.88555344092e-09,1.41815517257e-08,121673240.662,121722656.25
121747753.143,1.40252196783e-09,7.68130086514e-09,121723045.349,121772460.938
121797557.831,1.62225163294e-09,1.11406663286e-08,121772850.037,121822265.625
121847362.518,1.33814933773e-09,8.10835538367e-09,121822654.724,121872070.312
121897167.206,2.20941643335e-09,1.73056108104e-08,121872459.412,121921875
121946971.893,1.82250857819e-09,1.52076179056e-08,121922264.099,121971679.688
121996776.581,1.45676484993e-09,6.29777893003e-09,121972068.787,122021484.375
122046581.268,2.374559167e-09,5.34861034292e-08,122021873.474,122071289.062
122096385.956,1.71595051144e-09,1.60703896525e-08,122071678.162,122121093.75
122146190.643,1.50708416711e-09,1.0690972904e-08,122121482.849,122170898.438
122195995.331,1.45504517676e-09,7.00508817383e-09,122171287.537,122220703.125
122245800.018,1.47536129252e-09,6.47035515456e-09,122221092.224,122270507.812
122295604.706,1.85822670486e-09,2.30765996585e-08,122270896.912,122320312.5
122345409.393,1.53191336375e-09,1.41041052869e-08,122320701.599,122370117.188
122395214.081,1.71495568262e-09,8.42056288985e-09,122370506.287,122419921.875
122445018.768,1.73117742083e-09,9.79709055076e-09,122420310.974,122469726.562
122494823.456,1.41089311547e-09,1.58039944623e-08,122470115.662,122519531.25
122544628.143,1.65296314727e-09,1.53819520467e-08,122519920.349,122569335.938
122594432.831,1.47941633314e-09,6.98029232291e-09,122569725.037,122619140.625
122644237.518,1.45967894223e-09,6.50816023436e-09,122619529.724,122668945.312
122694042.206,1.66266983937e-09,1.15051586444e-08,122669334.412,122718750
122743846.893,1.63753700842e-09,1.20162544276e-08,122719139.099,122768554.688
122793651.581,1.55915229485e-09,1.21365561017e-08,122768943.787,122818359.375
122843456.268,1.40557621813e-09,6.98864230917e-09,122818748.474,122868164.062
122893260.956,1.8381880331e-09,1.83295277285e-08,122868553.162,122917968.75
122943065.643,1.52727532865e-09,1.38804933978e-08,122918357.849,122967773.438
122992870.331,2.51735683323e-09,5.0472926043e-08,122968162.537,123017578.125
123042675.018,1.74305974609e-09,7.43368337925e-09,123017967.224,123067382.812
123092479.706,1.47193273364e-09,8.32363434134e-09,123067771.912,123117187.5
123142284.393,1.67746934493e-09,9.84984799076e-09,123117576.599,123166992.188
123192089.081,1.56404970643e-09,7.77003846696e-09,123167381.287,123216796.875
123241893.768,1.61138884945e-09,1.15987540079e-08,123217185.974,123266601.562
123291698.456,1.31271138938e-09,7.01279538545e-09,123266990.662,123316406.25
123341503.143,1.4000039328e-09,8.85765069366e-09,123316795.349,123366210.938
123391307.831,1.40188309586e-09,6.61582122831e-09,123366600.037,123416015.625
123441112.518,1.60332597713e-09,1.06975238841e-08,123416404.724,123465820.312
123490917.206,1.88530674262e-09,1.59639647578e-08,123466209.412,123515625
123540721.893,1.72413618687e-09,8.34508885918e-09,123516014.099,123565429.688
123590526.581,1.28342611434e-09,5.64594610851e-09,123565818.787,123615234.375
123640331.268,1.48857111921e-09,8.72135526153e-09,123615623.474,123665039.062
123690135.956,1.52594056008e-09,1.69333731141e-08,123665428.162,123714843.75
123739940.643,1.27288833848e-09,5.03360010999e-09,123715232.849,123764648.438
123789745.331,1.07917899667e-09,4.75209872518e-09,123765037.537,123814453.125
123839550.018,1.44178862532e-09,6.53772327198e-09,123814842.224,123864257.812
123889354.706,1.43455655515e-09,6.45816417985e-09,123864646.912,123914062.5
123939159.393,1.35061321195e-09,7.24641348085e-09,123914451.599,123963867.188
123988964.081,1.52593394917e-09,7.61136272829e-09,123964256.287,124013671.875
124038768.768,1.53402352839e-09,1.1356964891e-08,124014060.974,124063476.562
124088573.456,1.49778601006e-09,8.6994236479e-09,124063865.662,124113281.25
124138378.143,1.53507420828e-09,8.12581860347e-09,124113670.349,124163085.938
124188182.831,1.30368899597e-09,1.14078143336e-08,124163475.037,124212890.625
124237987.518,1.09196766751e-09,5.10266248018e-09,124213279.724,124262695.312
124287792.206,1.30617781307e-09,7.91133565492e-09,124263084.412,124312500
124337596.893,1.70839536353e-09,1.11067099026e-08,124312889.099,124362304.688
124387401.581,1.35218200948e-09,5.47797855457e-09,124362693.787,124412109.375
124437206.268,9.23786382647e-10,4.23870893366e-09,124412498.474,124461914.062
124487010.956,1.35062273575e-09,9.50254066452e-09,124462303.162,124511718.75
124536815.643,1.42119195524e-09,6.63200456035e-09,124512107.849,124561523.438
124586620.331,1.52758492479e-09,6.79555142072e-09,124561912.537,124611328.125
124636425.018,1.28890547729e-09,5.18625745011e-09,124611717.224,124661132.812
124686229.706,1.53298012395e-09,9.10968583801e-09,124661521.912,124710937.5
124736034.393,1.43583035709e-09,6.05913635512e-09,124711326.599,124760742.188
124785839.081,1.2067446667e-09,5.00101853273e-09,124761131.287,124810546.875
124835643.768,1.17189378848e-09,5.98355295131e-09,124810935.974,124860351.562
124885448.456,1.21584217983e-09,9.0432223933e-09,124860740.662,124910156.25
124935253.143,1.37412212187e-09,8.393825657e-09,124910545.349,124959960.938
124985057.831,2.31836035422e-09,3.90430470548e-08,124960350.037,125009765.625
125034862.518,1.46268161826e-09,1.94806738536e-08,125010154.724,125059570.312
125084667.206,1.48994055238e-09,7.0228094066e-09,125059959.412,125109375
125134471.893,1.48366336559e-09,6.44294619658e-09,125109764.099,125159179.688
125184276.581,1.46217212507e-09,1.58113162815e-08,125159568.787,125208984.375
125234081.268,1.22461460518e-09,9.3472537271e-09,125209373.474,125258789.062
125283885.956,1.42631670872e-09,9.38788926125e-09,125259178.162,125308593.75
125333690.643,1.78751013122e-09,1.36250971127e-08,125308982.849,125358398.438
125383495.331,1.16712181892e-09,5.66429474037e-09,125358787.537,125408203.125
125433300.018,1.21540216678e-09,7.16371386649e-09,125408592.224,125458007.812
125483104.706,1.51364892503e-09,7.99294341637e-09,125458396.912,125507812.5
125532909.393,1.40060965341e-09,6.51641798965e-09,125508201.599,125557617.188
125582714.081,1.47092994342e-09,1.14478242442e-08,125558006.287,125607421.875
125632518.768,1.41319224308e-09,6.37712492407e-09,125607810.974,125657226.562
125682323.456,1.2495708686e-09,1.22409953476e-08,125657615.662,125707031.25
125732128.143,1.11670992651e-09,9.11274070489e-09,125707420.349,125756835.938
125781932.831,1.43013383898e-09,8.01275062042e-09,125757225.037,125806640.625
125831737.518,1.57654206938e-09,8.14208058693e-09,125807029.724,125856445.312
125881542.206,1.24454452026e-09,1.13348818616e-08,125856834.412,125906250
125931346.893,1.59198165832e-09,5.72591650911e-09,125906639.099,125956054.688
125981151.581,1.28236360297e-09,6.35432908095e-09,125956443.787,126005859.375
126030956.268,1.4026400145e-09,6.1990545181e-09,126006248.474,126055664.062
126080760.956,1.4847672927e-09,9.53601461399e-09,126056053.162,126105468.75
126130565.643,1.39613753967e-09,6.31346305109e-09,126105857.849,126155273.438
126180370.331,1.47789438096e-09,5.91370743082e-09,126155662.537,126205078.125
126230175.018,1.18953921689e-09,9.38237609923e-09,126205467.224,126254882.812
126279979.706,1.42033946174e-09,8.19753226179e-09,126255271.912,126304687.5
126329784.393,1.43598909527e-09,9.44892744342e-09,126305076.599,126354492.188
126379589.081,1.38579303726e-09,7.63241810438e-09,126354881.287,126404296.875
126429393.768,1.37422505107e-09,4.40448779867e-09,126404685.974,126454101.562
126479198.456,1.50377629638e-09,7.15102790943e-09,126454490.662,126503906.25
126529003.143,1.30199845705e-09,6.9278016901e-09,126504295.349,126553710.938
126578807.831,1.55357312044e-09,1.1151445285e-08,126554100.037,126603515.625
126628612.518,1.26515361665e-09,6.35571052633e-09,126603904.724,126653320.312
126678417.206,1.29923464521e-09,6.6236290316e-09,126653709.412,126703125
126728221.893,1.37173256866e-09,6.30485370481e-09,126703514.099,126752929.688
126778026.581,1.39912252146e-09,1.41681732809e-08,126753318.787,126802734.375
126827831.268,1.24006541654e-09,5.64751926748e-09,126803123.474,126852539.062
126877635.956,1.10913056463e-09,5.21401094013e-09,126852928.162,126902343.75
126927440.643,1.28940190164e-09,9.80683918947e-09,126902732.849,126952148.438
126977245.331,1.20387194516e-09,5.35467659341e-09,126952537.537,127001953.125
127027050.018,1.51427847149e-09,5.76255743673e-09,127002342.224,127051757.812
127076854.706,1.16407551694e-09,5.20053984149e-09,127052146.912,127101562.5
127126659.393,1.52330072951e-09,6.80639095484e-09,127101951.599,127151367.188
127176464.081,1.3725062323e-09,7.9553267399e-09,127151756.287,127201171.875
127226268.768,1.23487834614e-09,7.04013186754e-09,127201560.974,127250976.562
127276073.456,1.52308189547e-09,8.70763970691e-09,127251365.662,127300781.25
127325878.143,1.56674954328e-09,9.84706624891e-09,127301170.349,127350585.938
127375682.831,1.16320808524e-09,5.32660498472e-09,127350975.037,127400390.625
127425487.518,1.68188460468e-09,8.09818971999e-09,127400779.724,127450195.312
127475292.206,1.52617257455e-09,6.84508390321e-09,127450584.412,127500000
127525096.893,1.35897549626e-09,9.63729561474e-09,127500389.099,127549804.688
127574901.581,1.76265745446e-09,9.46869448429e-09,127550193.787,127599609.375
127624706.268,1.29622162422e-09,6.35150185173e-09,127599998.474,127649414.062
127674510.956,1.2837546242e-09,6.14624037567e-09,127649803.162,127699218.75
127724315.643,1.39148068875e-09,1.08084172438e-08,127699607.849,127749023.438
127774120.331,1.16157649457e-09,5.22118428119e-09,127749412.537,127798828.125
127823925.018,1.12283827982e-09,6.02004570504e-09,127799217.224,127848632.812
127873729.706,1.50246665616e-09,6.32810319232e-09,127849021.912,127898437.5
127923534.393,1.30400563129e-09,8.98052737842e-09,127898826.599,127948242.188
127973339.081,1.19719783991e-09,7.58251814858e-09,127948631.287,127998046.875
128023143.768,1.14274443603e-09,6.27693192857e-09,127998435.974,128047851.562
128072948.456,1.24672189896e-09,1.11208793407e-08,128048240.662,128097656.25
128122753.143,1.19538445339e-09,4.4908780658e-09,128098045.349,128147460.938
128172557.831,1.21997460711e-09,5.94726451254e-09,128147850.037,128197265.625
128222362.518,1.37218673964e-09,9.5918826048e-09,128197654.724,128247070.312
128272167.206,1.14602540331e-09,5.74847219081e-09,128247459.412,128296875
128321971.893,1.23641615619e-09,5.19087852317e-09,128297264.099,128346679.688
128371776.581,1.34748655757e-09,7.22581516602e-09,128347068.787,128396484.375
128421581.268,1.39360562509e-09,4.83588225358e-09,128396873.474,128446289.062
128471385.956,1.42933977224e-09,6.22321966151e-09,128446678.162,128496093.75
128521190.643,1.19516427542e-09,7.05892587498e-09,128496482.849,128545898.438
128570995.331,1.53713259386e-09,1.11108000536e-08,128546287.537,128595703.125
128620800.018,1.33559609129e-09,6.12033182798e-09,128596092.224,128645507.812
128670604.706,1.53634628704e-09,1.04836147029e-08,128645896.912,128695312.5
128720409.393,1.27670145282e-09,1.01944514867e-08,128695701.599,128745117.188
128770214.081,1.3649816501e-09,7.19644636608e-09,128745506.287,128794921.875
128820018.768,1.31122446032e-09,7.27526689051e-09,128795310.974,128844726.562
128869823.456,1.36194662493e-09,5.43114848684e-09,128845115.662,128894531.25
128919628.143,1.48569963395e-09,7.85100970937e-09,128894920.349,128944335.938
128969432.831,1.39931178494e-09,6.27198885624e-09,128944725.037,128994140.625
129019237.518,1.55028542824e-09,9.27388557931e-09,128994529.724,129043945.312
129069042.206,1.16480629412e-09,6.60421803413e-09,129044334.412,129093750
129118846.893,1.37738423232e-09,7.6594349578e-09,129094139.099,129143554.688
129168651.581,1.26222580716e-09,6.13575199529e-09,129143943.787,129193359.375
129218456.268,1.07921419178e-09,4.96811203494e-09,129193748.474,129243164.062
129268260.956,1.41529572987e-09,8.78650058782e-09,129243553.162,129292968.75
129318065.643,1.35525331698e-09,6.63178366397e-09,129293357.849,129342773.438
129367870.331,1.56986726786e-09,7.36093703729e-09,129343162.537,129392578.125
129417675.018,1.2003236869e-09,6.51072202859e-09,129392967.224,129442382.812
129467479.706,1.568169311e-09,8.27047514702e-09,129442771.912,129492187.5
129517284.393,1.51228416466e-09,6.83006802954e-09,129492576.599,129541992.188
129567089.081,1.06027466495e-09,6.27167022365e-09,129542381.287,129591796.875
129616893.768,1.27204382234e-09,7.72037581636e-09,129592185.974,129641601.562
129666698.456,1.33038664678e-09,6.53472129784e-09,129641990.662,129691406.25
129716503.143,1.20910626409e-09,6.94709693682e-09,129691795.349,129741210.938
129766307.831,1.33981186251e-09,5.68090899917e-09,129741600.037,129791015.625
129816112.518,1.19962364207e-09,4.95746481245e-09,129791404.724,129840820.312
129865917.206,1.22689975396e-09,5.09709242114e-09,129841209.412,129890625
129915721.893,1.38830557366e-09,6.61173836956e-09,129891014.099,129940429.688
129965526.581,1.22081741659e-09,1.36138076702e-08,129940818.787,129990234.375
130015331.268,1.28635569786e-09,6.2795546858e-09,129990623.474,130040039.062
130065135.956,1.59871211149e-09,1.03036377692e-08,130040428.162,130089843.75
130114940.643,1.49891591709e-09,8.16246732061e-09,130090232.849,130139648.438
130164745.331,1.01746828739e-09,5.30754927942e-09,130140037.537,130189453.125
130214550.018,1.36370198325e-09,6.1657689669e-09,130189842.224,130239257.812
130264354.706,1.16618794416e-09,1.06872818327e-08,130239646.912,130289062.5
130314159.393,1.35931177297e-09,1.02576481183e-08,130289451.599,130338867.188
130363964.081,1.21498272206e-09,5.94228244106e-09,130339256.287,130388671.875
130413768.768,1.17484237737e-09,7.45661884041e-09,130389060.974,130438476.562
130463573.456,1.34539069169e-09,6.05619292813e-09,130438865.662,130488281.25
130513378.143,1.44594123563e-09,6.80159808901e-09,130488670.349,130538085.938
130563182.831,1.41539144286e-09,6.93914667702e-09,130538475.037,130587890.625
130612987.518,1.12443818537e-09,4.43729757471e-09,130588279.724,130637695.312
130662792.206,1.12027517965e-09,6.33978954208e-09,130638084.412,130687500
130712596.893,1.49452080528e-09,5.55098602582e-09,130687889.099,130737304.688
130762401.581,1.23968295742e-09,5.21677918216e-09,130737693.787,130787109.375
130812206.268,1.14613893705e-09,8.11497039121e-09,130787498.474,130836914.062
130862010.956,1.63002853202e-09,8.4050031142e-09,130837303.162,130886718.75
130911815.643,1.36469473953e-09,7.14194075828e-09,130887107.849,130936523.438
130961620.331,1.33169170397e-09,6.79815557169e-09,130936912.537,130986328.125
131011425.018,1.3278085382e-09,8.79270864836e-09,130986717.224,131036132.812
131061229.706,1.44496193553e-09,1.20012075296e-08,131036521.912,131085937.5
131111034.393,1.30114941391e-09,7.68906917859e-09,131086326.599,131135742.188
131160839.081,1.56258804035e-09,8.82234332459e-09,131136131.287,131185546.875
131210643.768,1.59686274794e-09,7.42171675222e-09,131185935.974,131235351.562
131260448.456,1.26937617014e-09,5.76679179825e-09,131235740.662,131285156.25
131310253.143,1.42816375542e-09,7.71313071325e-09,131285545.349,131334960.938
131360057.831,1.13835439408e-09,5.04056116589e-09,131335350.037,131384765.625
131409862.518,1.2686906148e-09,6.83027156168e-09,131385154.724,131434570.312
131459667.206,1.33376309311e-09,7.78034737942e-09,131434959.412,131484375
131509471.893,1.42037227059e-09,1.49348149007e-08,131484764.099,131534179.688
131559276.581,9.87189554994e-10,5.72165363021e-09,131534568.787,131583984.375
131609081.268,1.33399320254e-09,5.20531606411e-09,131584373.474,131633789.062
131658885.956,1.15870375698e-09,8.71819756848e-09,131634178.162,131683593.75
131708690.643,1.43598860613e-09,8.14487164685e-09,131683982.849,131733398.438
131758495.331,1.20835399871e-09,8.33454014775e-09,131733787.537,131783203.125
131808300.018,1.53276824737e-09,1.14984246584e-08,131783592.224,131833007.812
131858104.706,1.56532873651e-09,1.14058821702e-08,131833396.912,131882812.5
131907909.393,1.7762734452e-09,9.98855825954e-09,131883201.599,131932617.188
131957714.081,1.70742884728e-09,9.44433520362e-09,131933006.287,131982421.875
132007518.768,1.59369438721e-07,1.28285817003e-05,131982810.974,132032226.562
132057323.456,1.6706906456e-09,7.98418183822e-09,132032615.662,132082031.25
132107128.143,1.33786014235e-09,8.5298613253e-09,132082420.349,132131835.938
132156932.831,1.21435481946e-09,4.46620918553e-09,132132225.037,132181640.625
132206737.518,1.71038142616e-09,1.08875711003e-08,132182029.724,132231445.312
132256542.206,1.55585440557e-09,7.00743437633e-09,132231834.412,132281250
132306346.893,1.81926357643e-09,1.54432324675e-08,132281639.099,132331054.688
132356151.581,1.43899619544e-09,6.1245753334e-09,132331443.787,132380859.375
132405956.268,1.35162810356e-09,9.0977320764e-09,132381248.474,132430664.062
132455760.956,1.14867430908e-09,7.11696161219e-09,132431053.162,132480468.75
132505565.643,1.09456187761e-09,6.21267680452e-09,132480857.849,132530273.438
132555370.331,1.33117826083e-09,8.67035878365e-09,132530662.537,132580078.125
132605175.018,1.12502970287e-09,6.13278609068e-09,132580467.224,132629882.812
132654979.706,1.36816155265e-09,8.41713266625e-09,132630271.912,132679687.5
132704784.393,1.26050519438e-09,6.27090070604e-09,132680076.599,132729492.188
132754589.081,1.45555127486e-09,7.49872070491e-09,132729881.287,132779296.875
132804393.768,1.54400751925e-09,8.12367295875e-09,132779685.974,132829101.562
132854198.456,1.31432791994e-09,5.385370864e-09,132829490.662,132878906.25
132904003.143,1.35651031942e-09,7.86892976223e-09,132879295.349,132928710.938
132953807.831,1.05905029161e-09,4.19201517976e-09,132929100.037,132978515.625
133003612.518,1.34031512409e-09,5.03767551272e-09,132978904.724,133028320.312
133053417.206,1.03470064864e-09,3.68684156185e-09,133028709.412,133078125
133103221.893,1.38689252739e-09,5.23632965426e-09,133078514.099,133127929.688
133153026.581,1.02672168958e-09,5.65096740089e-09,133128318.787,133177734.375
133202831.268,9.1301383039e-10,4.4254159924e-09,133178123.474,133227539.062
133252635.956,1.44272485764e-09,6.10580274033e-09,133227928.162,133277343.75
133302440.643,1.24127218592e-09,7.04977095117e-09,133277732.849,133327148.438
133352245.331,1.14676066683e-09,6.19082565181e-09,133327537.537,133376953.125
133402050.018,1.45606418831e-09,1.01926058576e-08,133377342.224,133426757.812
133451854.706,1.09407954364e-09,5.33734721728e-09,133427146.912,133476562.5
133501659.393,1.14126324192e-09,1.5209573604e-08,133476951.599,133526367.188
133551464.081,1.02394849131e-09,3.7296340278e-09,133526756.287,133576171.875
133601268.768,9.7169320554e-10,6.44199419298e-09,133576560.974,133625976.562
133651073.456,1.01628494573e-09,4.76457675862e-09,133626365.662,133675781.25
133700878.143,1.21758371587e-09,5.29656904207e-09,133676170.349,133725585.938
133750682.831,1.13677160291e-09,5.69004804979e-09,133725975.037,133775390.625
133800487.518,1.11241390713e-09,6.71957627809e-09,133775779.724,133825195.312
133850292.206,1.36895035296e-09,7.02512981901e-09,133825584.412,133875000
133900096.893,1.46362718413e-09,5.19724456532e-09,133875389.099,133924804.688
133949901.581,1.06159578241e-09,5.63388625669e-09,133925193.787,133974609.375
133999706.268,1.03127315094e-09,5.51930295122e-09,133974998.474,134024414.062
134049510.956,9.9125329151e-10,6.29656492088e-09,134024803.162,134074218.75
134099315.643,1.29892385488e-09,7.13211050922e-09,134074607.849,134124023.438
134149120.331,1.02062402343e-09,4.72365377873e-09,134124412.537,134173828.125
134198925.018,1.73297788476e-09,9.42104797214e-09,134174217.224,134223632.812
134248729.706,1.24124021692e-09,5.94903175209e-09,134224021.912,134273437.5
134298534.393,1.17311574274e-09,7.1273327256e-09,134273826.599,134323242.188
134348339.081,8.80474648085e-10,4.40324003226e-09,134323631.287,134373046.875
134398143.768,1.37555343805e-09,1.14905617302e-08,134373435.974,134422851.562
134447948.456,1.35417408268e-09,8.14343446679e-09,134423240.662,134472656.25
134497753.143,1.27640296483e-09,4.96955209293e-09,134473045.349,134522460.938
134547557.831,1.11578672325e-09,6.25364300885e-09,134522850.037,134572265.625
134597362.518,8.90083400722e-10,4.75747646579e-09,134572654.724,134622070.312
134647167.206,1.05098655086e-09,5.21725780454e-09,134622459.412,134671875
134696971.893,1.43224208416e-09,8.34249189008e-09,134672264.099,134721679.688
134746776.581,1.00155254081e-09,3.4644597055e-09,134722068.787,134771484.375
134796581.268,1.11234809228e-09,4.04809428072e-09,134771873.474,134821289.062
134846385.956,1.03394377366e-09,3.8264794156e-09,134821678.162,134871093.75
134896190.643,1.17889077568e-09,6.10491088836e-09,134871482.849,134920898.438
134945995.331,9.98623558035e-10,4.95437057194e-09,134921287.537,134970703.125
134995800.018,1.19206702193e-09,5.23444673779e-09,134971092.224,135020507.812
135045604.706,1.20485133451e-09,5.77444179229e-09,135020896.912,135070312.5
135095409.393,1.13254885093e-09,4.81471501462e-09,135070701.599,135120117.188
135145214.081,1.34625658548e-09,6.06469227317e-09,135120506.287,135169921.875
135195018.768,1.12240111305e-09,5.52457763368e-09,135170310.974,135219726.562
135244823.456,1.00543226042e-09,3.86350898913e-09,135220115.662,135269531.25
135294628.143,1.12459867841e-09,3.89448553487e-09,135269920.349,135319335.938
135344432.831,1.20807516741e-09,6.38403168337e-09,135319725.037,135369140.625
135394237.518,1.31449642966e-09,8.185980315e-09,135369529.724,135418945.312
135444042.206,1.05979912232e-09,7.18473342449e-09,135419334.412,135468750
135493846.893,1.14861954151e-09,6.15841077128e-09,135469139.099,135518554.688
135543651.581,1.13003320767e-09,4.69170188735e-09,135518943.787,135568359.375
135593456.268,1.17167185215e-09,5.44266710428e-09,135568748.474,135618164.062
135643260.956,1.2946348296e-09,6.69336465341e-09,135618553.162,135667968.75
135693065.643,1.38286883223e-09,8.18623645682e-09,135668357.849,135717773.438
135742870.331,1.16666854024e-09,7.08207191611e-09,135718162.537,135767578.125
135792675.018,1.18865360939e-09,6.13595275794e-09,135767967.224,135817382.812
135842479.706,1.91128153006e-09,8.64402324158e-09,135817771.912,135867187.5
135892284.393,1.02326280119e-09,6.43565969839e-09,135867576.599,135916992.188
135942089.081,1.06468162406e-09,6.58928652197e-09,135917381.287,135966796.875
135991893.768,1.09507752434e-09,5.88885567902e-09,135967185.974,136016601.562
136041698.456,1.71788946568e-09,1.03685266897e-08,136016990.662,136066406.25
136091503.143,1.2758086872e-09,6.82832801943e-09,136066795.349,136116210.938
136141307.831,1.09926465397e-09,4.35700651478e-09,136116600.037,136166015.625
136191112.518,1.19438735515e-09,4.9031888631e-09,136166404.724,136215820.312
136240917.206,1.26398980673e-09,7.03139037834e-09,136216209.412,136265625
136290721.893,1.10146981097e-09,4.90911228749e-09,136266014.099,136315429.688
136340526.581,1.09722438601e-09,6.06394963956e-09,136315818.787,136365234.375
136390331.268,9.82918131929e-10,5.54480840549e-09,136365623.474,136415039.062
136440135.956,1.21339266657e-09,5.923221892e-09,136415428.162,136464843.75
136489940.643,5.18802424436e-09,3.6149182163e-07,136465232.849,136514648.438
136539745.331,1.19382503036e-09,7.16308422097e-09,136515037.537,136564453.125
136589550.018,1.20776954469e-09,5.1081737763e-09,136564842.224,136614257.812
136639354.706,1.36303862476e-09,1.51529685835e-08,136614646.912,136664062.5
136689159.393,1.24015074771e-09,8.81879493519e-09,136664451.599,136713867.188
136738964.081,1.2814036502e-09,6.38011858133e-09,136714256.287,136763671.875
136788768.768,1.22675842844e-09,4.51196445514e-09,136764060.974,136813476.562
136838573.456,1.20810776325e-09,5.02400948534e-09,136813865.662,136863281.25
136888378.143,1.0402214362e-09,5.12661271895e-09,136863670.349,136913085.938
136938182.831,1.06946524973e-09,7.86995049372e-09,136913475.037,136962890.625
136987987.518,1.52308096426e-09,1.48039446513e-08,136963279.724,137012695.312
137037792.206,1.29206563999e-09,8.93322027863e-09,137013084.412,137062500
137087596.893,1.1822815884e-09,5.53295148491e-09,137062889.099,137112304.688
137137401.581,1.33841059101e-09,5.14320663339e-09,137112693.787,137162109.375
137187206.268,1.24236642293e-09,6.56117606937e-09,137162498.474,137211914.062
137237010.956,1.13311574717e-09,7.68878083048e-09,137212303.162,137261718.75
137286815.643,1.27501630449e-09,6.55894490509e-09,137262107.849,137311523.438
137336620.331,1.32591716225e-09,1.002906687e-08,137311912.537,137361328.125
137386425.018,1.0195238857e-09,5.75634496982e-09,137361717.224,137411132.812
137436229.706,1.16402482335e-09,5.61483300617e-09,137411521.912,137460937.5
137486034.393,1.37455041374e-09,7.12674192716e-09,137461326.599,137510742.188
137535839.081,1.20570486526e-09,7.7216870676e-09,137511131.287,137560546.875
137585643.768,1.38220636249e-09,5.21943568459e-09,137560935.974,137610351.562
137635448.456,1.59280432934e-09,1.00514795177e-08,137610740.662,137660156.25
137685253.143,1.31572518246e-09,5.27430901643e-09,137660545.349,137709960.938
137735057.831,1.26529906824e-09,5.10816974176e-09,137710350.037,137759765.625
137784862.518,1.11330908509e-09,5.14744787408e-09,137760154.724,137809570.312
137834667.206,1.19538559236e-09,9.66167155703e-09,137809959.412,137859375
137884471.893,1.20556798621e-09,1.07740622572e-08,137859764.099,137909179.688
137934276.581,1.04858212159e-09,4.87592067351e-09,137909568.787,137958984.375
137984081.268,1.96929764284e-09,3.16931253858e-08,137959373.474,138008789.062
138033885.956,1.1446082664e-09,7.13272832501e-09,138009178.162,138058593.75
138083690.643,1.22709002828e-09,7.36299741503e-09,138058982.849,138108398.438
138133495.331,1.47973704265e-09,7.9697995427e-09,138108787.537,138158203.125
138183300.018,1.31728316761e-09,7.00499317434e-09,138158592.224,138208007.812
138233104.706,1.2431028005e-09,7.35281855812e-09,138208396.912,138257812.5
138282909.393,1.18909479211e-09,4.59502477347e-09,138258201.599,138307617.188
138332714.081,1.1715835439e-09,5.9991450207e-09,138308006.287,138357421.875
138382518.768,1.07998598017e-09,4.33179145882e-09,138357810.974,138407226.562
138432323.456,1.20788095224e-09,9.12894474489e-09,138407615.662,138457031.25
138482128.143,1.22909343204e-09,5.64541520741e-09,138457420.349,138506835.938
138531932.831,1.10473822045e-09,5.0549866977e-09,138507225.037,138556640.625
138581737.518,1.1147365004e-09,4.38531519771e-09,138557029.724,138606445.312
138631542.206,1.03230452976e-09,7.25631154061e-09,138606834.412,138656250
138681346.893,1.19320341498e-09,4.03553238461e-09,138656639.099,138706054.688
138731151.581,1.07562356636e-09,6.84092566935e-09,138706443.787,138755859.375
138780956.268,9.8420432719e-10,4.6983598786e-09,138756248.474,138805664.062
138830760.956,9.28281258823e-10,6.95318667176e-09,138806053.162,138855468.75
138880565.643,9.76218810564e-10,5.19503689467e-09,138855857.849,138905273.438
138930370.331,8.85281618307e-10,4.8411121408e-09,138905662.537,138955078.125
138980175.018,1.21659059092e-09,4.67434800893e-09,138955467.224,139004882.812
139029979.706,1.19809905968e-09,8.99672573815e-09,139005271.912,139054687.5
139079784.393,1.08251398511e-09,5.87651340958e-09,139055076.599,139104492.188
139129589.081,1.24963361953e-09,8.38144886851e-09,139104881.287,139154296.875
139179393.768,9.36639903849e-10,4.37753001913e-09,139154685.974,139204101.562
139229198.456,1.20116872818e-09,4.97658797564e-09,139204490.662,139253906.25
139279003.143,1.04551801316e-09,4.71364584387e-09,139254295.349,139303710.938
139328807.831,1.0150303769e-09,6.15415584472e-09,139304100.037,139353515.625
139378612.518,1.29595810802e-09,6.10447460349e-09,139353904.724,139403320.312
139428417.206,1.30998560094e-09,4.83785358268e-09,139403709.412,139453125
139478221.893,1.53610720678e-09,4.0565786835e-08,139453514.099,139502929.688
139528026.581,1.19059451593e-09,8.07041360586e-09,139503318.787,139552734.375
139577831.268,1.34618124419e-09,6.49235915692e-09,139553123.474,139602539.062
139627635.956,1.09835068418e-09,5.10220368746e-09,139602928.162,139652343.75
139677440.643,1.05927906123e-09,3.79631934381e-09,139652732.849,139702148.438
139727245.331,1.42894501197e-09,5.661479294e-09,139702537.537,139751953.125
139777050.018,1.17534020713e-09,7.69175348915e-09,139752342.224,139801757.812
139826854.706,1.11920054587e-09,6.04390403232e-09,139802146.912,139851562.5
139876659.393,1.12665945085e-09,6.5553020753e-09,139851951.599,139901367.188
139926464.081,1.27247904715e-09,8.33177066838e-09,139901756.287,139951171.875
139976268.768,1.22438892345e-09,6.24395345188e-09,139951560.974,140000976.562
140026073.456,1.32665439855e-09,6.01177859256e-09,140001365.662,140050781.25
140075878.143,1.53443095848e-09,7.95095063549e-09,140051170.349,140100585.938
140125682.831,1.19468446897e-09,4.99439081551e-09,140100975.037,140150390.625
140175487.518,1.2515672424e-09,6.60939139483e-09,140150779.724,140200195.312
140225292.206,1.35400965152e-09,6.43134062955e-09,140200584.412,140250000
140275096.893,1.18809373318e-09,9.28263934478e-09,140250389.099,140299804.688
140324901.581,1.03669876693e-09,3.83926825477e-09,140300193.787,140349609.375
140374706.268,1.07162534839e-09,6.03981706829e-09,140349998.474,140399414.062
140424510.956,1.22712714612e-09,5.7294171234e-09,140399803.162,140449218.75
140474315.643,1.29020476642e-09,6.51470965045e-09,140449607.849,140499023.438
140524120.331,1.16257281628e-09,7.30338903734e-09,140499412.537,140548828.125
140573925.018,1.32850898675e-09,6.4782240127e-09,140549217.224,140598632.812
140623729.706,1.39394363702e-09,5.83512396565e-09,140599021.912,140648437.5
140673534.393,1.29155571434e-09,8.27936659426e-09,140648826.599,140698242.188
140723339.081,1.43556476402e-09,5.75520890739e-09,140698631.287,140748046.875
140773143.768,1.41965410405e-09,6.29350033067e-09,140748435.974,140797851.562
140822948.456,1.29308207564e-09,8.49896123268e-09,140798240.662,140847656.25
140872753.143,1.30559381523e-09,5.95873318765e-09,140848045.349,140897460.938
140922557.831,1.41588760111e-09,5.70952786449e-09,140897850.037,140947265.625
140972362.518,1.35344904613e-09,9.37286109392e-09,140947654.724,140997070.312
141022167.206,1.57881632806e-09,1.44027398658e-08,140997459.412,141046875
141071971.893,1.06834296794e-09,5.6969108591e-09,141047264.099,141096679.688
141121776.581,1.42477398476e-09,7.59994946141e-09,141097068.787,141146484.375
141171581.268,1.21554335733e-09,4.67090594823e-09,141146873.474,141196289.062
141221385.956,1.63921657923e-09,7.54668983787e-09,141196678.162,141246093.75
141271190.643,1.35276678785e-09,5.86814490949e-09,141246482.849,141295898.438
141320995.331,1.20816384006e-09,5.31974348334e-09,141296287.537,141345703.125
141370800.018,1.15703051086e-09,5.44303506322e-09,141346092.224,141395507.812
141420604.706,1.16448976817e-09,6.25717847322e-09,141395896.912,141445312.5
141470409.393,1.20131185531e-09,4.3164246557e-09,141445701.599,141495117.188
141520214.081,1.18221052066e-09,5.16052980636e-09,141495506.287,141544921.875
141570018.768,1.18786383187e-09,5.43996652896e-09,141545310.974,141594726.562
141619823.456,1.29437626518e-09,5.91384274356e-09,141595115.662,141644531.25
141669628.143,1.20677558381e-09,9.27177721851e-09,141644920.349,141694335.938
141719432.831,9.03564858952e-10,5.46326864488e-09,141694725.037,141744140.625
141769237.518,1.32912000338e-09,5.70010092855e-09,141744529.724,141793945.312
141819042.206,1.25889258263e-09,7.03897143957e-09,141794334.412,141843750
141868846.893,1.02031484136e-09,5.67037654026e-09,141844139.099,141893554.688
141918651.581,1.10479647077e-09,6.15587919504e-09,141893943.787,141943359.375
141968456.268,1.56132321849e-09,1.55172342911e-08,141943748.474,141993164.062
142018260.956,1.48117387404e-09,6.91195460805e-09,141993553.162,142042968.75
142068065.643,1.19283826828e-09,7.08255920853e-09,142043357.849,142092773.438
142117870.331,1.32665583544e-09,1.17179662795e-08,142093162.537,142142578.125
142167675.018,9.35995875924e-10,3.78993386145e-09,142142967.224,142192382.812
142217479.706,1.13552575826e-09,7.70087709531e-09,142192771.912,142242187.5
142267284.393,1.17116331769e-09,6.14895277804e-09,142242576.599,142291992.188
142317089.081,1.5151210882e-09,8.86444030821e-09,142292381.287,142341796.875
142366893.768,1.25976098492e-09,6.57135373275e-09,142342185.974,142391601.562
142416698.456,1.12546435222e-09,5.51366167723e-09,142391990.662,142441406.25
142466503.143,1.21177496841e-09,5.2743567072e-09,142441795.349,142491210.938
142516307.831,1.20881962851e-09,9.04989724752e-09,142491600.037,142541015.625
142566112.518,1.28448294703e-09,6.25555068567e-09,142541404.724,142590820.312
142615917.206,1.02730085849e-09,5.70925304917e-09,142591209.412,142640625
142665721.893,1.14444560172e-09,5.68039949509e-09,142641014.099,142690429.688
142715526.581,8.21165691041e-10,2.98432025113e-09,142690818.787,142740234.375
142765331.268,1.14740420235e-09,8.12989569936e-09,142740623.474,142790039.062
142815135.956,1.41404170034e-09,6.21713540495e-09,142790428.162,142839843.75
142864940.643,1.39586390616e-09,1.05957172114e-08,142840232.849,142889648.438
142914745.331,1.10211170149e-09,7.02489990108e-09,142890037.537,142939453.125
142964550.018,1.1947282257e-09,8.94870047474e-09,142939842.224,142989257.812
143014354.706,1.67365650459e-09,1.28633998822e-08,142989646.912,143039062.5
143064159.393,1.25919728487e-09,9.02431596008e-09,143039451.599,143088867.188
143113964.081,1.23231437673e-09,7.14316492894e-09,143089256.287,143138671.875
143163768.768,1.41331381858e-09,5.40323047051e-09,143139060.974,143188476.562
143213573.456,1.22107751671e-09,6.42219585008e-09,143188865.662,143238281.25
143263378.143,1.84418111595e-09,1.19189738569e-08,143238670.349,143288085.938
143313182.831,1.49578572728e-09,7.20425685916e-09,143288475.037,143337890.625
143362987.518,1.09977777187e-09,5.04016495054e-09,143338279.724,143387695.312
143412792.206,1.1686084615e-09,7.52503288628e-09,143388084.412,143437500
143462596.893,1.3407560347e-09,5.57706780703e-09,143437889.099,143487304.688
143512401.581,9.39156556522e-10,3.39909122157e-09,143487693.787,143537109.375
143562206.268,1.12171578219e-09,5.26748772679e-09,143537498.474,143586914.062
143612010.956,1.44319683738e-09,7.79961827333e-09,143587303.162,143636718.75
143661815.643,1.32028080082e-09,5.62947766731e-09,143637107.849,143686523.438
143711620.331,1.12168301699e-09,5.73663369569e-09,143686912.537,143736328.125
143761425.018,1.32281692169e-09,1.00483295677e-08,143736717.224,143786132.812
143811229.706,1.21606772725e-09,6.21325267714e-09,143786521.912,143835937.5
143861034.393,1.42874085683e-09,1.05830735877e-08,143836326.599,143885742.188
143910839.081,1.47329401427e-09,8.51902359753e-09,143886131.287,143935546.875
143960643.768,1.51420543877e-09,7.31310651327e-09,143935935.974,143985351.562
144010448.456,6.28115732972e-09,3.58697191378e-07,143985740.662,144035156.25
144060253.143,1.59818879155e-09,7.68938402725e-09,144035545.349,144084960.938
144110057.831,1.30858078705e-09,7.70487623057e-09,144085350.037,144134765.625
144159862.518,1.5324178827e-09,8.37226017005e-09,144135154.724,144184570.312
144209667.206,1.16016992564e-09,5.59927681248e-09,144184959.412,144234375
144259471.893,1.51556520978e-09,6.38698743926e-09,144234764.099,144284179.688
144309276.581,1.52268226486e-09,6.43535219144e-09,144284568.787,144333984.375
144359081.268,1.37105259065e-09,6.91474780792e-09,144334373.474,144383789.062
144408885.956,1.07935956829e-09,5.11689263351e-09,144384178.162,144433593.75
144458690.643,1.17115634916e-09,7.8411249458e-09,144433982.849,144483398.438
144508495.331,1.33327636854e-09,9.83729887611e-09,144483787.537,144533203.125
144558300.018,1.12823754337e-09,5.92057962619e-09,144533592.224,144583007.812
144608104.706,1.03150297987e-09,6.98011151223e-09,144583396.912,144632812.5
144657909.393,1.19652148673e-09,6.50550081437e-09,144633201.599,144682617.188
144707714.081,1.22318291729e-09,6.8687887973e-09,144683006.287,144732421.875
144757518.768,1.14726162457e-09,5.61755448148e-09,144732810.974,144782226.562
144807323.456,1.36035211763e-09,3.95072465215e-09,144782615.662,144832031.25
144857128.143,1.19608933913e-09,5.39801779462e-09,144832420.349,144881835.938
144906932.831,1.25727935329e-09,6.91644987932e-09,144882225.037,144931640.625
144956737.518,9.94451726205e-10,4.99273355824e-09,144932029.724,144981445.312
145006542.206,1.30651751059e-09,5.01456473833e-09,144981834.412,145031250
145056346.893,1.20057536501e-09,5.60300459122e-09,145031639.099,145081054.688
145106151.581,1.0326845363e-09,6.87684898532e-09,145081443.787,145130859.375
145155956.268,1.11978594752e-09,4.24540746144e-09,145131248.474,145180664.062
145205760.956,1.18224190816e-09,5.3367620362e-09,145181053.162,145230468.75
145255565.643,8.31028765712e-10,3.25425595225e-09,145230857.849,145280273.438
145305370.331,1.03621936455e-09,5.11164504746e-09,145280662.537,145330078.125
145355175.018,1.09263099296e-09,5.88741328902e-09,145330467.224,145379882.812
145404979.706,1.1835669571e-09,8.25094296897e-09,145380271.912,145429687.5
145454784.393,1.19403690789e-09,7.6383289497e-09,145430076.599,145479492.188
145504589.081,1.76822113307e-09,6.38921151158e-08,145479881.287,145529296.875
145554393.768,9.52747372092e-10,4.92892531314e-09,145529685.974,145579101.562
145604198.456,1.42817781874e-09,5.20330328504e-09,145579490.662,145628906.25
145654003.143,1.11204427863e-09,5.40417112453e-09,145629295.349,145678710.938
145703807.831,1.2322817501e-09,6.57234823683e-09,145679100.037,145728515.625
145753612.518,1.16343421805e-09,5.79200585111e-09,145728904.724,145778320.312
145803417.206,1.15003381743e-09,5.08888319362e-09,145778709.412,145828125
145853221.893,1.34552013807e-09,8.02703363251e-09,145828514.099,145877929.688
145903026.581,1.12764560012e-09,4.28206444227e-09,145878318.787,145927734.375
145952831.268,1.01007162954e-09,6.46994796485e-09,145928123.474,145977539.062
146002635.956,2.1111552379e-09,5.69528919697e-08,145977928.162,146027343.75
146052440.643,1.02828940539e-09,4.7486937169e-09,146027732.849,146077148.438
146102245.331,1.06967913469e-09,6.3316903641e-09,146077537.537,146126953.125
146152050.018,1.3994888807e-09,7.35562006734e-09,146127342.224,146176757.812
146201854.706,1.09596799049e-09,7.12331123281e-09,146177146.912,146226562.5
146251659.393,1.1882771394e-09,5.48241390157e-09,146226951.599,146276367.188
146301464.081,1.00762223071e-09,4.67815527408e-09,146276756.287,146326171.875
146351268.768,1.08577813448e-09,8.51012302242e-09,146326560.974,146375976.562
146401073.456,1.30422022095e-09,6.66445988543e-09,146376365.662,146425781.25
146450878.143,1.04376824508e-09,5.89091679611e-09,146426170.349,146475585.938
146500682.831,1.18270279459e-09,5.3436910398e-09,146475975.037,146525390.625
146550487.518,1.04959389237e-09,4.14013270756e-09,146525779.724,146575195.312
146600292.206,1.10886353865e-09,6.02673095342e-09,146575584.412,146625000
146650096.893,1.01904267678e-09,5.36890847988e-09,146625389.099,146674804.688
146699901.581,1.1342051084e-09,7.06905487276e-09,146675193.787,146724609.375
146749706.268,1.09667942898e-09,7.32252550475e-09,146724998.474,146774414.062
146799510.956,1.23048269675e-09,6.97591049723e-09,146774803.162,146824218.75
146849315.643,9.85397753514e-10,4.65903937342e-09,146824607.849,146874023.438
146899120.331,1.09132144737e-09,5.16613524359e-09,146874412.537,146923828.125
146948925.018,1.0507830566e-09,7.51561545865e-09,146924217.224,146973632.812
146998729.706,1.12046370394e-09,4.51786356924e-09,146974021.912,147023437.5
147048534.393,1.03347457231e-09,7.18790267373e-09,147023826.599,147073242.188
147098339.081,8.46624469309e-10,4.3593322881e-09,147073631.287,147123046.875
147148143.768,1.39345374068e-09,7.79747749626e-09,147123435.974,147172851.562
147197948.456,1.23935890214e-09,6.61104483193e-09,147173240.662,147222656.25
147247753.143,1.12672224758e-09,5.24532793197e-09,147223045.349,147272460.938
147297557.831,1.17615776452e-09,7.98980851787e-09,147272850.037,147322265.625
147347362.518,9.97282893964e-10,6.87998166451e-09,147322654.724,147372070.312
147397167.206,9.97159411909e-10,6.24446521359e-09,147372459.412,147421875
147446971.893,1.05111404397e-09,7.05614338238e-09,147422264.099,147471679.688
147496776.581,1.13244400454e-09,5.42483373627e-09,147472068.787,147521484.375
147546581.268,1.09315997136e-09,6.54023947173e-09,147521873.474,147571289.062
147596385.956,1.09220832113e-09,9.05448964305e-09,147571678.162,147621093.75
147646190.643,1.05262815835e-09,4.30679652571e-09,147621482.849,147670898.438
147695995.331,1.25939481985e-09,5.53592118658e-09,147671287.537,147720703.125
147745800.018,1.15834009947e-09,6.9851774677e-09,147721092.224,147770507.812
147795604.706,1.21852071861e-09,4.94439418394e-09,147770896.912,147820312.5
147845409.393,1.17499524063e-09,4.77578207778e-09,147820701.599,147870117.188
147895214.081,1.11704707993e-09,4.86113250604e-09,147870506.287,147919921.875
147945018.768,1.09928893312e-09,4.6404070425e-09,147920310.974,147969726.562
147994823.456,1.08752230533e-09,6.87088604028e-09,147970115.662,148019531.25
148044628.143,9.52764725645e-10,4.59690457836e-09,148019920.349,148069335.938
148094432.831,9.86784950905e-10,4.44125105669e-09,148069725.037,148119140.625
148144237.518,1.02785310952e-09,4.54079624004e-09,148119529.724,148168945.312
148194042.206,1.21635718953e-09,6.22263753548e-09,148169334.412,148218750
148243846.893,1.00325824682e-09,5.88674667986e-09,148219139.099,148268554.688
148293651.581,1.07226620498e-09,4.61803599129e-09,148268943.787,148318359.375
148343456.268,1.07800619427e-09,8.62753682747e-09,148318748.474,148368164.062
148393260.956,1.02946060109e-09,5.62543064424e-09,148368553.162,148417968.75
148443065.643,1.08220289213e-09,6.64478937984e-09,148418357.849,148467773.438
148492870.331,1.60083248815e-08,1.02981098394e-06,148468162.537,148517578.125
148542675.018,1.03096123169e-09,5.75861959058e-09,148517967.224,148567382.812
148592479.706,1.20649077479e-09,8.66156912325e-09,148567771.912,148617187.5
148642284.393,1.04709685688e-09,4.05453322885e-09,148617576.599,148666992.188
148692089.081,1.19493726858e-09,5.72387724297e-09,148667381.287,148716796.875
148741893.768,1.06352966553e-09,4.0284084065e-09,148717185.974,148766601.562
148791698.456,1.00182645684e-09,5.58597430009e-09,148766990.662,148816406.25
148841503.143,1.09372724644e-09,9.75083526024e-09,148816795.349,148866210.938
148891307.831,1.22073761344e-09,5.7580055693e-09,148866600.037,148916015.625
148941112.518,1.05057296958e-09,3.4483711451e-09,148916404.724,148965820.312
148990917.206,1.15549919502e-09,5.74606131357e-09,148966209.412,149015625
149040721.893,1.12516035605e-09,7.14885709589e-09,149016014.099,149065429.688
149090526.581,1.25870582553e-09,7.75804960056e-09,149065818.787,149115234.375
149140331.268,1.07482917834e-09,5.28320349348e-09,149115623.474,149165039.062
149190135.956,1.03112473385e-09,5.75634193586e-09,149165428.162,149214843.75
149239940.643,1.00593761302e-09,5.51465515388e-09,149215232.849,149264648.438
149289745.331,1.3072685673e-09,6.20877689326e-09,149265037.537,149314453.125
149339550.018,1.01511170615e-09,4.63371130921e-09,149314842.224,149364257.812
149389354.706,1.21279427629e-09,8.2721594293e-09,149364646.912,149414062.5
149439159.393,1.28803223784e-09,7.23853453399e-09,149414451.599,149463867.188
149488964.081,1.13014964421e-09,4.25189883608e-09,149464256.287,149513671.875
149538768.768,1.02957344549e-09,8.17325232687e-09,149514060.974,149563476.562
149588573.456,1.10606011514e-09,4.41560570999e-09,149563865.662,149613281.25
149638378.143,9.32657826679e-10,6.32018211308e-09,149613670.349,149663085.938
149688182.831,1.16842080301e-09,7.93176053563e-09,149663475.037,149712890.625
149737987.518,9.81791010883e-10,4.65580189642e-09,149713279.724,149762695.312
149787792.206,1.1822611465e-09,6.30598312005e-09,149763084.412,149812500
149837596.893,1.07687562126e-09,6.10699251968e-09,149812889.099,149862304.688
149887401.581,9.71684360189e-10,5.89928957656e-09,149862693.787,149912109.375
149937206.268,1.23274277485e-09,7.43774150623e-09,149912498.474,149961914.062
149987010.956,3.16414258355e-09,1.19749878082e-07,149962303.162,150011718.75
150036815.643,1.18534234758e-09,9.99569501846e-09,150012107.849,150061523.438
150086620.331,1.00387143548e-09,5.46265506336e-09,150061912.537,150111328.125
150136425.018,1.15787275284e-09,5.63334812774e-09,150111717.224,150161132.812
150186229.706,1.16603173644e-09,7.42531077271e-09,150161521.912,150210937.5
150236034.393,1.18472099384e-09,6.93098119577e-09,150211326.599,150260742.188
150285839.081,1.13580838096e-09,5.21612256639e-09,150261131.287,150310546.875
150335643.768,9.6952104644e-10,4.95984178807e-09,150310935.974,150360351.562
150385448.456,1.15774594708e-09,7.31039472421e-09,150360740.662,150410156.25
150435253.143,7.97244253099e-10,4.90755792103e-09,150410545.349,150459960.938
150485057.831,1.09409196215e-09,4.71755920001e-09,150460350.037,150509765.625
150534862.518,1.27221086229e-09,8.58823172663e-09,150510154.724,150559570.312
150584667.206,1.0674098097e-09,6.34802961116e-09,150559959.412,150609375
150634471.893,1.00015811312e-09,5.91645048836e-09,150609764.099,150659179.688
150684276.581,9.79055866987e-10,4.44795196767e-09,150659568.787,150708984.375
150734081.268,1.01881730456e-09,4.94923726206e-09,150709373.474,150758789.062
150783885.956,9.24136362314e-10,5.63535362201e-09,150759178.162,150808593.75
150833690.643,1.18517552311e-09,8.47395521229e-09,150808982.849,150858398.438
150883495.331,9.49538044506e-10,5.08061819415e-09,150858787.537,150908203.125
150933300.018,1.24769974652e-09,4.73952314798e-09,150908592.224,150958007.812
150983104.706,1.26100537265e-09,8.31574108859e-09,150958396.912,151007812.5
151032909.393,1.29909319018e-09,1.13751886173e-08,151008201.599,151057617.188
151082714.081,8.69377863342e-10,4.91007364918e-09,151058006.287,151107421.875
151132518.768,1.05149364914e-09,6.66985315868e-09,151107810.974,151157226.562
151182323.456,1.00461186412e-09,5.51928797891e-09,151157615.662,151207031.25
151232128.143,1.06467747763e-09,4.57402540611e-09,151207420.349,151256835.938
151281932.831,1.05510978901e-09,6.7140240827e-09,151257225.037,151306640.625
151331737.518,1.25501660302e-09,5.41247095608e-09,151307029.724,151356445.312
151381542.206,1.39646176372e-09,1.13839422268e-08,151356834.412,151406250
151431346.893,1.43758778373e-09,9.75828079493e-09,151406639.099,151456054.688
151481151.581,1.20404522574e-09,6.15810559741e-09,151456443.787,151505859.375
151530956.268,9.66882070129e-10,4.55423528689e-09,151506248.474,151555664.062
151580760.956,1.02475127779e-09,6.45538928629e-09,151556053.162,151605468.75
151630565.643,8.52618336698e-10,3.94960994213e-09,151605857.849,151655273.438
151680370.331,1.35168980162e-09,6.88485628031e-09,151655662.537,151705078.125
151730175.018,1.0961337406e-09,6.62254287371e-09,151705467.224,151754882.812
151779979.706,1.28060888882e-09,8.61781119007e-09,151755271.912,151804687.5
151829784.393,1.23741559946e-09,7.57792762679e-09,151805076.599,151854492.188
151879589.081,1.21680784458e-09,6.39612465362e-09,151854881.287,151904296.875
151929393.768,1.03083486478e-09,4.5620499896e-09,151904685.974,151954101.562
151979198.456,1.74686589014e-09,9.23654964357e-09,151954490.662,152003906.25
152029003.143,1.28376182502e-09,7.96660616417e-09,152004295.349,152053710.938
152078807.831,1.09825804493e-09,6.00759057217e-09,152054100.037,152103515.625
152128612.518,1.01864777328e-09,6.0853971548e-09,152103904.724,152153320.312
152178417.206,1.48832428086e-09,8.06620357359e-09,152153709.412,152203125
152228221.893,1.35934055714e-09,5.83453493877e-09,152203514.099,152252929.688
152278026.581,1.20934109678e-09,4.57024859885e-09,152253318.787,152302734.375
152327831.268,1.20119424087e-09,8.62310966227e-09,152303123.474,152352539.062
152377635.956,1.10080371079e-09,4.5287272427e-09,152352928.162,152402343.75
152427440.643,1.06749953018e-09,5.34007816789e-09,152402732.849,152452148.438
152477245.331,1.22260082226e-09,7.34378172483e-09,152452537.537,152501953.125
152527050.018,1.09538253505e-09,5.51728937103e-09,152502342.224,152551757.812
152576854.706,1.13817961825e-09,6.09750075578e-09,152552146.912,152601562.5
152626659.393,1.13722964483e-09,5.18999232242e-09,152601951.599,152651367.188
152676464.081,1.11080256759e-09,5.39139576846e-09,152651756.287,152701171.875
152726268.768,1.26813110646e-09,7.58398482263e-09,152701560.974,152750976.562
152776073.456,1.15509518583e-09,9.04285942188e-09,152751365.662,152800781.25
152825878.143,1.30764751738e-09,7.34200976472e-09,152801170.349,152850585.938
152875682.831,1.23073460326e-09,4.67427009868e-09,152850975.037,152900390.625
152925487.518,1.27282099769e-09,5.86239313915e-09,152900779.724,152950195.312
152975292.206,1.28234249951e-09,2.55240413703e-08,152950584.412,153000000
153025096.893,1.26910293095e-09,1.5250232052e-08,153000389.099,153049804.688
153074901.581,1.09570457229e-09,5.55819533122e-09,153050193.787,153099609.375
153124706.268,1.15581481146e-09,5.82165963853e-09,153099998.474,153149414.062
153174510.956,1.04559767189e-09,4.52004643655e-09,153149803.162,153199218.75
153224315.643,1.15385749725e-09,4.75529894238e-09,153199607.849,153249023.438
153274120.331,1.14046368856e-09,5.88322391237e-09,153249412.537,153298828.125
153323925.018,1.4724074247e-09,6.78254086293e-09,153299217.224,153348632.812
153373729.706,1.31547981656e-09,8.43464421472e-09,153349021.912,153398437.5
153423534.393,9.38959661151e-10,8.64133095245e-09,153398826.599,153448242.188
153473339.081,9.89195124243e-10,5.24277905078e-09,153448631.287,153498046.875
153523143.768,1.27745505725e-09,5.03517554735e-09,153498435.974,153547851.562
153572948.456,1.59027777902e-09,7.57179288947e-09,153548240.662,153597656.25
153622753.143,1.28806033847e-09,7.09362515865e-09,153598045.349,153647460.938
153672557.831,1.27848264099e-09,6.1874886967e-09,153647850.037,153697265.625
153722362.518,1.15110785307e-09,6.63116400771e-09,153697654.724,153747070.312
153772167.206,1.20167577737e-09,4.87736502263e-09,153747459.412,153796875
153821971.893,1.36653146171e-09,5.06373189718e-09,153797264.099,153846679.688
153871776.581,1.19971239324e-09,5.02067617617e-09,153847068.787,153896484.375
153921581.268,1.14645208106e-09,5.83225508908e-09,153896873.474,153946289.062
153971385.956,1.52781360181e-09,2.8912663902e-08,153946678.162,153996093.75
154021190.643,1.25702878951e-09,7.82747213641e-09,153996482.849,154045898.438
154070995.331,1.20565940413e-09,5.50648578017e-09,154046287.537,154095703.125
154120800.018,1.26541062133e-09,7.17319346996e-09,154096092.224,154145507.812
154170604.706,1.21736857367e-09,8.98859438144e-09,154145896.912,154195312.5
154220409.393,1.27196233569e-09,1.37858487293e-08,154195701.599,154245117.188
154270214.081,1.00723528755e-09,4.47730752136e-09,154245506.287,154294921.875
154320018.768,1.33792186492e-09,6.8609296591e-09,154295310.974,154344726.562
154369823.456,1.493076616e-09,1.19177009672e-08,154345115.662,154394531.25
154419628.143,9.67967964139e-10,7.60239332396e-09,154394920.349,154444335.938
154469432.831,1.28364878845e-09,7.81435877991e-09,154444725.037,154494140.625
154519237.518,1.27993016315e-09,4.62158318164e-09,154494529.724,154543945.312
154569042.206,1.25807283679e-09,5.78602448174e-09,154544334.412,154593750
154618846.893,1.04315913118e-09,5.88466132945e-09,154594139.099,154643554.688
154668651.581,1.09505387117e-09,4.74892826228e-09,154643943.787,154693359.375
154718456.268,9.82114518853e-10,6.22594314093e-09,154693748.474,154743164.062
154768260.956,1.32191025096e-09,5.05082520432e-09,154743553.162,154792968.75
154818065.643,1.35808301621e-09,9.02296209421e-09,154793357.849,154842773.438
154867870.331,9.49981636093e-10,4.81871070946e-09,154843162.537,154892578.125
154917675.018,1.10261856714e-09,4.50526829007e-09,154892967.224,154942382.812
154967479.706,1.53286800063e-09,1.16500595446e-08,154942771.912,154992187.5
155017284.393,1.20993039115e-09,6.29272321258e-09,154992576.599,155041992.188
155067089.081,1.29614601088e-09,5.62819018126e-09,155042381.287,155091796.875
155116893.768,1.08829636555e-09,5.06347962964e-09,155092185.974,155141601.562
155166698.456,1.15437248164e-09,5.39403569602e-09,155141990.662,155191406.25
155216503.143,1.28859862977e-09,1.25793357741e-08,155191795.349,155241210.938
155266307.831,1.00382665716e-09,4.59444847252e-09,155241600.037,155291015.625
155316112.518,1.24158189936e-09,4.72541070359e-09,155291404.724,155340820.312
155365917.206,1.11720345195e-09,9.92514726776e-09,155341209.412,155390625
155415721.893,1.45768563727e-09,8.46523205518e-09,155391014.099,155440429.688
155465526.581,1.29756070427e-09,5.94696400365e-09,155440818.787,155490234.375
155515331.268,1.17130541581e-09,7.26171936386e-09,155490623.474,155540039.062
155565135.956,1.24666231402e-09,1.11682970404e-08,155540428.162,155589843.75
155614940.643,1.09459672362e-09,5.20257659097e-09,155590232.849,155639648.438
155664745.331,1.16031708216e-09,6.4730794022e-09,155640037.537,155689453.125
155714550.018,1.3058261691e-09,5.45472868063e-09,155689842.224,155739257.812
155764354.706,1.51413783067e-09,9.73959190753e-09,155739646.912,155789062.5
155814159.393,1.38850493908e-09,1.39800876431e-08,155789451.599,155838867.188
155863964.081,9.82238383324e-10,4.6343296031e-09,155839256.287,155888671.875
155913768.768,1.53088547072e-09,9.49030137919e-09,155889060.974,155938476.562
155963573.456,1.47678320365e-09,1.02994701462e-08,155938865.662,155988281.25
156013378.143,4.50134574605e-08,3.55183551503e-06,155988670.349,156038085.938
156063182.831,1.50608373604e-09,6.79714206132e-09,156038475.037,156087890.625
156112987.518,9.72433664505e-10,5.80162621857e-09,156088279.724,156137695.312
156162792.206,1.74574838694e-09,1.28112775245e-08,156138084.412,156187500
156212596.893,1.35884395579e-09,1.30001873576e-08,156187889.099,156237304.688
156262401.581,1.44371988994e-09,7.54685174471e-09,156237693.787,156287109.375
156312206.268,1.73366188408e-09,6.84173680571e-09,156287498.474,156336914.062
156362010.956,1.48191229856e-09,1.93047790425e-08,156337303.162,156386718.75
156411815.643,1.02382560691e-09,1.28776565941e-08,156387107.849,156436523.438
156461620.331,1.07281334281e-09,4.92002512568e-09,156436912.537,156486328.125
156511425.018,1.15936747613e-09,9.74075103481e-09,156486717.224,156536132.812
156561229.706,1.42140703125e-09,8.09444430868e-09,156536521.912,156585937.5
156611034.393,1.41212116486e-09,1.50783811114e-08,156586326.599,156635742.188
156660839.081,1.05733699152e-09,8.0106253886e-09,156636131.287,156685546.875
156710643.768,9.47785552434e-10,4.31431376629e-09,156685935.974,156735351.562
156760448.456,1.24838277967e-09,1.37771893533e-08,156735740.662,156785156.25
156810253.143,1.30559961313e-09,1.0697930636e-08,156785545.349,156834960.938
156860057.831,1.17355690515e-09,5.6144646476e-09,156835350.037,156884765.625
156909862.518,1.12241376012e-09,5.31098331872e-09,156885154.724,156934570.312
156959667.206,1.69032204949e-09,2.36382392462e-08,156934959.412,156984375
157009471.893,1.31145920727e-09,1.63843413965e-08,156984764.099,157034179.688
157059276.581,1.28273916194e-09,6.13396284283e-09,157034568.787,157083984.375
157109081.268,1.16430202463e-09,6.56498371565e-09,157084373.474,157133789.062
157158885.956,1.56493466368e-09,1.69462237973e-08,157134178.162,157183593.75
157208690.643,1.19452548352e-09,1.28712441479e-08,157183982.849,157233398.438
157258495.331,9.62622237374e-10,3.9158449869e-09,157233787.537,157283203.125
157308300.018,9.76092124191e-10,5.07527036461e-09,157283592.224,157333007.812
157358104.706,1.18546400769e-09,2.50845622739e-08,157333396.912,157382812.5
157407909.393,1.10638770215e-09,1.33572796839e-08,157383201.599,157432617.188
157457714.081,8.84567006613e-10,4.82381895388e-09,157433006.287,157482421.875
157507518.768,1.36744300808e-09,2.25585475187e-08,157482810.974,157532226.562
157557323.456,1.41597340746e-09,6.96540355507e-09,157532615.662,157582031.25
157607128.143,1.16035156764e-09,8.62089392394e-09,157582420.349,157631835.938
157656932.831,1.12664265246e-09,6.12097743989e-09,157632225.037,157681640.625
157706737.518,9.47827459074e-10,6.85403776228e-09,157682029.724,157731445.312
157756542.206,1.33344609541e-09,8.16801236418e-09,157731834.412,157781250
157806346.893,1.10776501574e-09,5.77199892135e-09,157781639.099,157831054.688
157856151.581,7.30619915117e-10,4.6020615843e-09,157831443.787,157880859.375
157905956.268,1.24769042915e-09,7.58543201692e-09,157881248.474,157930664.062
157955760.956,1.25521362437e-09,8.76112845277e-09,157931053.162,157980468.75
158005565.643,1.69237405932e-09,2.16881507875e-08,157980857.849,158030273.438
158055370.331,1.0011422501e-09,5.78332601825e-09,158030662.537,158080078.125
158105175.018,1.02304035123e-09,6.08291791906e-09,158080467.224,158129882.812
158154979.706,1.26459016656e-09,1.0869763455e-08,158130271.912,158179687.5
158204784.393,1.23604885211e-09,1.07312202993e-08,158180076.599,158229492.188
158254589.081,9.58891048825e-10,4.4719540968e-09,158229881.287,158279296.875
158304393.768,9.43391919839e-10,4.50978085636e-09,158279685.974,158329101.562
158354198.456,1.13131141092e-09,5.4517716961e-09,158329490.662,158378906.25
158404003.143,1.07217366669e-09,1.17487892571e-08,158379295.349,158428710.938
158453807.831,9.34418174494e-10,5.41687218391e-09,158429100.037,158478515.625
158503612.518,1.22548928186e-09,8.85495994502e-09,158478904.724,158528320.312
158553417.206,9.97056715291e-10,9.23623101221e-09,158528709.412,158578125
158603221.893,9.2087031629e-10,5.80008514318e-09,158578514.099,158627929.688
158653026.581,9.3231894615e-10,5.89443024009e-09,158628318.787,158677734.375
158702831.268,1.1494746375e-09,4.58637120272e-09,158678123.474,158727539.062
158752635.956,1.34575573251e-09,7.46676034774e-09,158727928.162,158777343.75
158802440.643,1.15752752634e-09,4.64206612127e-09,158777732.849,158827148.438
158852245.331,1.15606476748e-09,5.30083661361e-09,158827537.537,158876953.125
158902050.018,1.0347961313e-09,5.79511297611e-09,158877342.224,158926757.812
158951854.706,1.17037794182e-09,8.2739102352e-09,158927146.912,158976562.5
159001659.393,1.09669697441e-09,8.47470117028e-09,158976951.599,159026367.188
159051464.081,9.2661200018e-10,8.23362551082e-09,159026756.287,159076171.875
159101268.768,9.02391729302e-10,4.02147060228e-09,159076560.974,159125976.562
159151073.456,1.29454565373e-09,4.52539188092e-09,159126365.662,159175781.25
159200878.143,1.09898234592e-09,7.05864444132e-09,159176170.349,159225585.938
159250682.831,9.57686877201e-10,4.94483316813e-09,159225975.037,159275390.625
159300487.518,8.53575671501e-10,6.39282473261e-09,159275779.724,159325195.312
159350292.206,9.32308836262e-10,5.30532079018e-09,159325584.412,159375000
159400096.893,9.66809762182e-10,5.02206308881e-09,159375389.099,159424804.688
159449901.581,8.52887295997e-10,3.57561967122e-09,159425193.787,159474609.375
159499706.268,1.08594707946e-09,6.43842579482e-09,159474998.474,159524414.062
159549510.956,1.28350116661e-09,1.24377416302e-08,159524803.162,159574218.75
159599315.643,9.88038374747e-10,3.9312690878e-09,159574607.849,159624023.438
159649120.331,1.19068575028e-09,6.44952874171e-09,159624412.537,159673828.125
159698925.018,1.17927346271e-09,5.1018473535e-09,159674217.224,159723632.812
159748729.706,1.01566166374e-09,4.3047511673e-09,159724021.912,159773437.5
159798534.393,9.0458118116e-10,4.71872905955e-09,159773826.599,159823242.188
159848339.081,9.97033989951e-10,4.54326266628e-09,159823631.287,159873046.875
159898143.768,1.20014903503e-09,6.37957011712e-09,159873435.974,159922851.562
159947948.456,9.89822884341e-10,6.03184179347e-09,159923240.662,159972656.25
159997753.143,1.2387863175e-09,1.26812647023e-08,159973045.349,160022460.938
160047557.831,1.06054055968e-09,4.520010767e-09,160022850.037,160072265.625
160097362.518,1.06093360206e-09,5.68702878635e-09,160072654.724,160122070.312
160147167.206,1.06501599195e-09,5.84909387578e-09,160122459.412,160171875
160196971.893,1.5738542386e-09,1.00647308087e-08,160172264.099,160221679.688
160246776.581,1.25501796147e-09,4.67425076497e-09,160222068.787,160271484.375
160296581.268,9.55183613859e-10,4.21478945282e-09,160271873.474,160321289.062
160346385.956,1.35344913881e-09,7.8623412692e-09,160321678.162,160371093.75
160396190.643,1.01825219631e-09,4.77866718668e-09,160371482.849,160420898.438
160445995.331,1.00245083977e-09,6.61993158172e-09,160421287.537,160470703.125
160495800.018,4.80235988983e-09,3.28630939101e-07,160471092.224,160520507.812
160545604.706,1.26200738482e-09,5.31363901555e-09,160520896.912,160570312.5
160595409.393,1.02637270315e-09,5.05071063231e-09,160570701.599,160620117.188
160645214.081,1.24332011883e-09,5.31592841748e-09,160620506.287,160669921.875
160695018.768,1.16176886044e-09,6.46585352389e-09,160670310.974,160719726.562
160744823.456,1.10221974752e-09,6.42959715579e-09,160720115.662,160769531.25
160794628.143,1.02729958339e-09,5.99131013218e-09,160769920.349,160819335.938
160844432.831,1.13355684883e-09,4.98074670785e-09,160819725.037,160869140.625
160894237.518,1.15876063074e-09,6.45713272767e-09,160869529.724,160918945.312
160944042.206,9.93695432304e-10,4.85377253892e-09,160919334.412,160968750
160993846.893,1.08460250546e-09,4.54965949189e-09,160969139.099,161018554.688
161043651.581,9.65134709566e-10,4.40421123469e-09,161018943.787,161068359.375
161093456.268,1.40781478527e-09,7.3075873874e-09,161068748.474,161118164.062
161143260.956,1.3775052533e-09,7.12949642751e-09,161118553.162,161167968.75
161193065.643,1.27998574518e-09,5.11693709328e-09,161168357.849,161217773.438
161242870.331,1.26380372809e-09,6.07339174914e-09,161218162.537,161267578.125
161292675.018,1.13438948713e-09,5.36294274873e-09,161267967.224,161317382.812
161342479.706,1.47965530935e-09,7.30385656299e-09,161317771.912,161367187.5
161392284.393,1.25159879634e-09,7.29534451674e-09,161367576.599,161416992.188
161442089.081,1.6478107104e-09,6.72239521033e-09,161417381.287,161466796.875
161491893.768,1.1139427903e-09,5.24994173336e-09,161467185.974,161516601.562
161541698.456,1.04715229459e-09,4.75356217988e-09,161516990.662,161566406.25
161591503.143,1.27158025375e-09,6.26533323536e-09,161566795.349,161616210.938
161641307.831,1.11883040133e-09,4.73678968585e-09,161616600.037,161666015.625
161691112.518,1.14405999012e-09,4.84046044824e-09,161666404.724,161715820.312
161740917.206,1.19472894157e-09,7.64486583203e-09,161716209.412,161765625
161790721.893,1.14303373099e-09,5.82058287106e-09,161766014.099,161815429.688
161840526.581,1.15926181803e-09,5.49616179873e-09,161815818.787,161865234.375
161890331.268,1.25720681731e-09,5.40030175677e-09,161865623.474,161915039.062
161940135.956,1.37243709283e-09,8.31372261054e-09,161915428.162,161964843.75
161989940.643,1.6337603946e-09,3.01118374832e-08,161965232.849,162014648.438
162039745.331,9.3094043553e-10,4.05206987722e-09,162015037.537,162064453.125
162089550.018,1.05055995293e-09,4.5789123994e-09,162064842.224,162114257.812
162139354.706,1.14862810026e-09,4.37695866059e-09,162114646.912,162164062.5
162189159.393,1.3159306311e-09,8.70110358857e-09,162164451.599,162213867.188
162238964.081,1.00126440925e-09,4.56554087624e-09,162214256.287,162263671.875
162288768.768,1.3369534229e-09,7.58405131274e-09,162264060.974,162313476.562
162338573.456,1.12206461094e-09,4.77252602294e-09,162313865.662,162363281.25
162388378.143,1.14842044385e-09,6.60215695976e-09,162363670.349,162413085.938
162438182.831,1.01472948357e-09,4.66308123387e-09,162413475.037,162462890.625
162487987.518,1.17826852239e-09,4.8983156233e-09,162463279.724,162512695.312
162537792.206,1.54447167022e-09,9.18558680109e-09,162513084.412,162562500
162587596.893,1.17993015876e-09,7.30050550106e-09,162562889.099,162612304.688
162637401.581,1.14075784092e-09,6.3861266166e-09,162612693.787,162662109.375
162687206.268,1.07874869889e-09,4.88793334163e-09,162662498.474,162711914.062
162737010.956,9.81170921901e-10,5.52066006968e-09,162712303.162,162761718.75
162786815.643,1.16140717114e-09,5.59274384439e-09,162762107.849,162811523.438
162836620.331,1.00557437476e-09,7.4282231202e-09,162811912.537,162861328.125
162886425.018,1.31298345737e-09,6.62827159936e-09,162861717.224,162911132.812
162936229.706,1.09348218628e-09,7.23447238699e-09,162911521.912,162960937.5
162986034.393,1.10834191579e-09,7.10656575676e-09,162961326.599,163010742.188
163035839.081,1.20003158468e-09,4.77667819593e-09,163011131.287,163060546.875
163085643.768,9.903564167e-10,5.64886877293e-09,163060935.974,163110351.562
163135448.456,1.07036883854e-09,4.17961745396e-09,163110740.662,163160156.25
163185253.143,1.08697675118e-09,4.45277084108e-09,163160545.349,163209960.938
163235057.831,1.18130554995e-09,7.82707957314e-09,163210350.037,163259765.625
163284862.518,1.22093738934e-09,4.16114162957e-09,163260154.724,163309570.312
163334667.206,1.07415668187e-09,4.23163625929e-09,163309959.412,163359375
163384471.893,1.03195027383e-09,4.38808672381e-09,163359764.099,163409179.688
163434276.581,1.13882725479e-09,6.81999636243e-09,163409568.787,163458984.375
163484081.268,1.50578083696e-09,1.68570957531e-08,163459373.474,163508789.062
163533885.956,1.16068782441e-09,7.10878963155e-09,163509178.162,163558593.75
163583690.643,1.23593972251e-09,7.35785357758e-09,163558982.849,163608398.438
163633495.331,1.14418512118e-09,5.53906485123e-09,163608787.537,163658203.125
163683300.018,1.11144162184e-09,6.93939647264e-09,163658592.224,163708007.812
163733104.706,1.03339219704e-09,4.44728589895e-09,163708396.912,163757812.5
163782909.393,1.40898553046e-09,9.35939723628e-09,163758201.599,163807617.188
163832714.081,1.13760563931e-09,4.4470405394e-09,163808006.287,163857421.875
163882518.768,1.11068827184e-09,4.74677664255e-09,163857810.974,163907226.562
163932323.456,1.32654698052e-09,7.87830260876e-09,163907615.662,163957031.25
163982128.143,1.12735112431e-09,6.79355374625e-09,163957420.349,164006835.938
164031932.831,1.18763555944e-09,5.46610155031e-09,164007225.037,164056640.625
164081737.518,1.18148577491e-09,7.72198526882e-09,164057029.724,164106445.312
164131542.206,9.05913298352e-10,3.51085566617e-09,164106834.412,164156250
164181346.893,1.19081757429e-09,4.86385042622e-09,164156639.099,164206054.688
164231151.581,1.1971609824e-09,6.9466929892e-09,164206443.787,164255859.375
164280956.268,9.51743954032e-10,3.93711759744e-09,164256248.474,164305664.062
164330760.956,1.22305120797e-09,7.71619816059e-09,164306053.162,164355468.75
164380565.643,1.04815234971e-09,6.5871180685e-09,164355857.849,164405273.438
164430370.331,1.03682201752e-09,4.65954066768e-09,164405662.537,164455078.125
164480175.018,1.11546051917e-09,6.97490546217e-09,164455467.224,164504882.812
164529979.706,1.12223180378e-09,7.19849065494e-09,164505271.912,164554687.5
164579784.393,1.15587402788e-09,1.06734158299e-08,164555076.599,164604492.188
164629589.081,1.15834602785e-09,6.72139971439e-09,164604881.287,164654296.875
164679393.768,1.28805581116e-09,6.07324296366e-09,164654685.974,164704101.562
164729198.456,1.05194137095e-09,6.65099979558e-09,164704490.662,164753906.25
164779003.143,1.33408890149e-09,7.6823808502e-09,164754295.349,164803710.938
164828807.831,1.15144493768e-09,5.31430233262e-09,164804100.037,164853515.625
164878612.518,9.17975100062e-10,4.11948955015e-09,164853904.724,164903320.312
164928417.206,1.37885401817e-09,6.77467546596e-09,164903709.412,164953125
164978221.893,1.64218262369e-09,2.72408978346e-08,164953514.099,165002929.688
165028026.581,1.25676095754e-09,6.87369387465e-09,165003318.787,165052734.375
165077831.268,1.36085008382e-09,9.15096277525e-09,165053123.474,165102539.062
165127635.956,1.12521044132e-09,5.95858216098e-09,165102928.162,165152343.75
165177440.643,1.13059930539e-09,5.76842653027e-09,165152732.849,165202148.438
165227245.331,1.32445156033e-09,6.37020842707e-09,165202537.537,165251953.125
165277050.018,1.04043025657e-09,6.50172419624e-09,165252342.224,165301757.812
165326854.706,1.13109772758e-09,5.12505092124e-09,165302146.912,165351562.5
165376659.393,9.56548839932e-10,6.1092372523e-09,165351951.599,165401367.188
165426464.081,1.09122201022e-09,6.23981923809e-09,165401756.287,165451171.875
165476268.768,1.23846657173e-09,5.43889878036e-09,165451560.974,165500976.562
165526073.456,1.17982517805e-09,8.47838374818e-09,165501365.662,165550781.25
165575878.143,1.04934265714e-09,5.7999128904e-09,165551170.349,165600585.938
165625682.831,9.93140439591e-10,5.30203616211e-09,165600975.037,165650390.625
165675487.518,1.01773326678e-09,6.85253744706e-09,165650779.724,165700195.312
165725292.206,1.04336304554e-09,6.36872452139e-09,165700584.412,165750000
165775096.893,1.22936535643e-09,5.9068024988e-09,165750389.099,165799804.688
165824901.581,1.45848318798e-09,7.88138472911e-09,165800193.787,165849609.375
165874706.268,1.0852837277e-09,4.34600432489e-09,165849998.474,165899414.062
165924510.956,1.00078245641e-09,4.13565055051e-09,165899803.162,165949218.75
165974315.643,1.23625854942e-09,9.71483468262e-09,165949607.849,165999023.438
166024120.331,1.11642679891e-09,7.62270262224e-09,165999412.537,166048828.125
166073925.018,1.21281040542e-09,4.12241503077e-09,166049217.224,166098632.812
166123729.706,8.74310001255e-10,4.43387309087e-09,166099021.912,166148437.5
166173534.393,1.38124002046e-09,5.34518288662e-09,166148826.599,166198242.188
166223339.081,1.16334483682e-09,5.75137715909e-09,166198631.287,166248046.875
166273143.768,1.06421409672e-09,4.64891744083e-09,166248435.974,166297851.562
166322948.456,1.09487939998e-09,3.85253097621e-09,166298240.662,166347656.25
166372753.143,1.10835913296e-09,4.47593539714e-09,166348045.349,166397460.938
166422557.831,9.59913198398e-10,5.19393089704e-09,166397850.037,166447265.625
166472362.518,1.59759899233e-09,8.39443687093e-09,166447654.724,166497070.312
166522167.206,1.3241189763e-09,1.14959289029e-08,166497459.412,166546875
166571971.893,9.14366094989e-10,6.17433346661e-09,166547264.099,166596679.688
166621776.581,1.21764584242e-09,8.37927572612e-09,166597068.787,166646484.375
166671581.268,9.47751756194e-10,3.98792501646e-09,166646873.474,166696289.062
166721385.956,9.82597957326e-10,6.48444869691e-09,166696678.162,166746093.75
166771190.643,1.14801825285e-09,7.50772601058e-09,166746482.849,166795898.438
166820995.331,1.27078524901e-09,6.81885177065e-09,166796287.537,166845703.125
166870800.018,1.08619587616e-09,4.38848041205e-09,166846092.224,166895507.812
166920604.706,9.60381168122e-10,6.25765653202e-09,166895896.912,166945312.5
166970409.393,8.43168440564e-10,4.31425501928e-09,166945701.599,166995117.188
167020214.081,1.1532310139e-09,6.70339113964e-09,166995506.287,167044921.875
167070018.768,1.11433651535e-09,4.63241225904e-09,167045310.974,167094726.562
167119823.456,9.69855958315e-10,8.50044103598e-09,167095115.662,167144531.25
167169628.143,1.23494396292e-09,5.2677337894e-09,167144920.349,167194335.938
167219432.831,1.21929850455e-09,1.09206441315e-08,167194725.037,167244140.625
167269237.518,1.05016570417e-09,5.43474329236e-09,167244529.724,167293945.312
167319042.206,1.01325538303e-09,5.27412505011e-09,167294334.412,167343750
167368846.893,8.77216171832e-10,4.2289831245e-09,167344139.099,167393554.688
167418651.581,9.50137828951e-10,6.32519688292e-09,167393943.787,167443359.375
167468456.268,1.39289089759e-09,6.88814645475e-09,167443748.474,167493164.062
167518260.956,9.44664083968e-10,4.80831894457e-09,167493553.162,167542968.75
167568065.643,1.19104953695e-09,5.96420102623e-09,167543357.849,167592773.438
167617870.331,1.11723063391e-09,6.08284204073e-09,167593162.537,167642578.125
167667675.018,1.06949614758e-09,6.59869271072e-09,167642967.224,167692382.812
167717479.706,1.51979266842e-09,8.63551469369e-09,167692771.912,167742187.5
167767284.393,9.8284596999e-10,4.23529653566e-09,167742576.599,167791992.188
167817089.081,1.166918661e-09,4.0310403128e-09,167792381.287,167841796.875
167866893.768,1.25205302407e-09,7.943526186e-09,167842185.974,167891601.562
167916698.456,1.48821360254e-09,8.09059667552e-09,167891990.662,167941406.25
167966503.143,1.15169841728e-09,7.75776536616e-09,167941795.349,167991210.938
168016307.831,2.29193740027e-09,3.72019604975e-08,167991600.037,168041015.625
168066112.518,1.58171458627e-09,5.76729616163e-09,168041404.724,168090820.312
168115917.206,1.28131987934e-09,5.83518531811e-09,168091209.412,168140625
168165721.893,1.193557713e-09,6.12834251874e-09,168141014.099,168190429.688
168215526.581,1.41703368584e-09,1.01383425186e-08,168190818.787,168240234.375
168265331.268,1.24464015684e-09,6.04633508944e-09,168240623.474,168290039.062
168315135.956,1.41320343796e-09,6.46153220895e-09,168290428.162,168339843.75
168364940.643,9.68827213757e-10,3.59178712338e-09,168340232.849,168389648.438
168414745.331,1.18128985506e-09,5.15011232109e-09,168390037.537,168439453.125
168464550.018,1.19708692583e-09,5.90559898322e-09,168439842.224,168489257.812
168514354.706,1.17366820657e-09,4.66959145642e-09,168489646.912,168539062.5
168564159.393,1.00392876737e-09,4.96677931417e-09,168539451.599,168588867.188
168613964.081,1.28895407445e-09,5.6782764459e-09,168589256.287,168638671.875
168663768.768,9.94514476618e-10,5.83266100898e-09,168639060.974,168688476.562
168713573.456,8.7524182388e-10,4.20926873674e-09,168688865.662,168738281.25
168763378.143,1.14041091258e-09,6.24617520129e-09,168738670.349,168788085.938
168813182.831,1.00026265836e-09,6.20740711611e-09,168788475.037,168837890.625
168862987.518,1.19726551181e-09,5.31485640129e-09,168838279.724,168887695.312
168912792.206,1.16437006029e-09,8.05042616834e-09,168888084.412,168937500
168962596.893,1.22651213622e-09,5.21245484323e-09,168937889.099,168987304.688
169012401.581,1.01995761295e-09,8.80587616389e-09,168987693.787,169037109.375
169062206.268,1.12077747951e-09,4.48049860954e-09,169037498.474,169086914.062
169112010.956,1.30039776741e-09,1.03481024148e-08,169087303.162,169136718.75
169161815.643,1.06586724495e-09,3.94582215112e-09,169137107.849,169186523.438
169211620.331,1.10246751959e-09,6.30840842159e-09,169186912.537,169236328.125
169261425.018,1.21661308753e-09,5.71311031697e-09,169236717.224,169286132.812
169311229.706,1.15005354088e-09,8.27772772697e-09,169286521.912,169335937.5
169361034.393,1.18879462348e-09,5.42942849179e-09,169336326.599,169385742.188
169410839.081,9.25478659059e-10,3.73789235689e-09,169386131.287,169435546.875
169460643.768,1.36803642552e-09,8.09103155282e-09,169435935.974,169485351.562
169510448.456,1.34086555559e-09,1.11374283434e-08,169485740.662,169535156.25
169560253.143,1.20601727268e-09,5.2780467509e-09,169535545.349,169584960.938
169610057.831,9.61157651721e-10,5.82494447144e-09,169585350.037,169634765.625
169659862.518,9.28519425564e-10,4.90487540144e-09,169635154.724,169684570.312
169709667.206,1.09128820659e-09,6.67050958282e-09,169684959.412,169734375
169759471.893,8.340277621e-10,3.48187029987e-09,169734764.099,169784179.688
169809276.581,1.06959461416e-09,5.13584516972e-09,169784568.787,169833984.375
169859081.268,1.04331593998e-09,5.72857489851e-09,169834373.474,169883789.062
169908885.956,1.10359851294e-09,6.83786373648e-09,169884178.162,169933593.75
169958690.643,1.18220541693e-09,6.48705832798e-09,169933982.849,169983398.438
170008495.331,1.33081209135e-09,9.17178702124e-09,169983787.537,170033203.125
170058300.018,1.13897234063e-09,4.5987263799e-09,170033592.224,170083007.812
170108104.706,8.97652257861e-10,3.79548177017e-09,170083396.912,170132812.5
170157909.393,9.4246063059e-10,5.25241160272e-09,170133201.599,170182617.188
170207714.081,1.0081712277e-09,9.75205949314e-09,170183006.287,170232421.875
170257518.768,1.18079923492e-09,6.43884048121e-09,170232810.974,170282226.562
170307323.456,1.01100711729e-09,3.47270201796e-09,170282615.662,170332031.25
170357128.143,1.02281807592e-09,7.0600063942e-09,170332420.349,170381835.938
170406932.831,1.00336278807e-09,6.47529965305e-09,170382225.037,170431640.625
170456737.518,1.09158453584e-09,5.80991643845e-09,170432029.724,170481445.312
170506542.206,9.9968985226e-10,6.52055094603e-09,170481834.412,170531250
170556346.893,1.20792615669e-09,4.70412236139e-09,170531639.099,170581054.688
170606151.581,1.10515447554e-09,7.35647412764e-09,170581443.787,170630859.375
170655956.268,7.84365535531e-10,3.37589868155e-09,170631248.474,170680664.062
170705760.956,1.04997877097e-09,5.94396537618e-09,170681053.162,170730468.75
170755565.643,9.30695136779e-10,5.48053152089e-09,170730857.849,170780273.438
170805370.331,1.0473794964e-09,6.07439854013e-09,170780662.537,170830078.125
170855175.018,1.17293346567e-09,5.83006367268e-09,170830467.224,170879882.812
170904979.706,1.08367164921e-09,9.75319365021e-09,170880271.912,170929687.5
170954784.393,1.20312399562e-09,6.13966347892e-09,170930076.599,170979492.188
171004589.081,1.10444236943e-09,7.98032330671e-09,170979881.287,171029296.875
171054393.768,9.19308872585e-10,6.30331693722e-09,171029685.974,171079101.562
171104198.456,1.01851814597e-09,6.1196733589e-09,171079490.662,171128906.25
171154003.143,1.05811660709e-09,5.02587896873e-09,171129295.349,171178710.938
171203807.831,8.67954425795e-10,3.5553001227e-09,171179100.037,171228515.625
171253612.518,8.9839340897e-10,4.3655722408e-09,171228904.724,171278320.312
171303417.206,8.14091894689e-10,3.16372191975e-09,171278709.412,171328125
171353221.893,1.04435248117e-09,6.40129024858e-09,171328514.099,171377929.688
171403026.581,1.10322072885e-09,5.04641902633e-09,171378318.787,171427734.375
171452831.268,1.03047141129e-09,4.21526744709e-09,171428123.474,171477539.062
171502635.956,1.02221909879e-09,4.88713142845e-09,171477928.162,171527343.75
171552440.643,1.08124131942e-09,5.28422729918e-09,171527732.849,171577148.438
171602245.331,1.06167096646e-09,3.9436223502e-09,171577537.537,171626953.125
171652050.018,1.31053330086e-09,6.96507046746e-09,171627342.224,171676757.812
171701854.706,1.14461086803e-09,4.90064985746e-09,171677146.912,171726562.5
171751659.393,1.12407754526e-09,4.56532510592e-09,171726951.599,171776367.188
171801464.081,1.01562150661e-09,4.16646445374e-09,171776756.287,171826171.875
171851268.768,1.04311868022e-09,4.27393346069e-09,171826560.974,171875976.562
171901073.456,8.86346847156e-10,3.80385636745e-09,171876365.662,171925781.25
171950878.143,1.0301657971e-09,6.1028496327e-09,171926170.349,171975585.938
172000682.831,1.01358670834e-09,6.88158144387e-09,171975975.037,172025390.625
172050487.518,9.27205869102e-10,5.04014361868e-09,172025779.724,172075195.312
172100292.206,8.75374395188e-10,4.45740819781e-09,172075584.412,172125000
172150096.893,9.73809395263e-10,4.6167466495e-09,172125389.099,172174804.688
172199901.581,1.15690938832e-09,5.15668349283e-09,172175193.787,172224609.375
172249706.268,1.13960904983e-09,8.6517781162e-09,172224998.474,172274414.062
172299510.956,1.15811810158e-09,7.18245498014e-09,172274803.162,172324218.75
172349315.643,9.93703423467e-10,4.64617430049e-09,172324607.849,172374023.438
172399120.331,7.72419426799e-10,3.60363727178e-09,172374412.537,172423828.125
172448925.018,9.45056998206e-10,5.04747197365e-09,172424217.224,172473632.812
172498729.706,1.32649085722e-09,1.36782666238e-08,172474021.912,172523437.5
172548534.393,9.10745344042e-10,4.6933517256e-09,172523826.599,172573242.188
172598339.081,8.79391683387e-10,6.82315862736e-09,172573631.287,172623046.875
172648143.768,8.90928812303e-10,5.70201805627e-09,172623435.974,172672851.562
172697948.456,9.74539261569e-10,5.12979750709e-09,172673240.662,172722656.25
172747753.143,1.07368607601e-09,5.84446328663e-09,172723045.349,172772460.938
172797557.831,9.17155147908e-10,4.42219861006e-09,172772850.037,172822265.625
172847362.518,1.138432281e-09,5.96700699061e-09,172822654.724,172872070.312
172897167.206,8.69215972997e-10,7.92152550981e-09,172872459.412,172921875
172946971.893,9.21195198891e-10,4.5258692588e-09,172922264.099,172971679.688
172996776.581,1.08266807574e-09,9.75364235974e-09,172972068.787,173021484.375
173046581.268,1.12749376936e-09,5.34648090486e-09,173021873.474,173071289.062
173096385.956,1.29610318051e-09,8.02660046355e-09,173071678.162,173121093.75
173146190.643,1.03155046998e-09,5.75889262469e-09,173121482.849,173170898.438
173195995.331,9.62930316447e-10,5.3717915685e-09,173171287.537,173220703.125
173245800.018,9.05051397716e-10,3.76714523345e-09,173221092.224,173270507.812
173295604.706,1.0529832362e-09,5.21833850045e-09,173270896.912,173320312.5
173345409.393,9.19952082023e-10,5.09223337697e-09,173320701.599,173370117.188
173395214.081,9.97828737293e-10,5.50160609233e-09,173370506.287,173419921.875
173445018.768,1.20564023777e-09,7.98840191863e-09,173420310.974,173469726.562
173494823.456,1.12425955334e-09,6.27221541955e-09,173470115.662,173519531.25
173544628.143,8.84144744062e-10,5.43810190219e-09,173519920.349,173569335.938
173594432.831,1.02040878e-09,5.01098635682e-09,173569725.037,173619140.625
173644237.518,8.69223077027e-10,3.89159307292e-09,173619529.724,173668945.312
173694042.206,1.05882467575e-09,5.27564323543e-09,173669334.412,173718750
173743846.893,9.07758010321e-10,4.6994564778e-09,173719139.099,173768554.688
173793651.581,9.33505705981e-10,5.48426493616e-09,173768943.787,173818359.375
173843456.268,1.01894484609e-09,6.4206323439e-09,173818748.474,173868164.062
173893260.956,9.17630237862e-10,6.35216764616e-09,173868553.162,173917968.75
173943065.643,8.64018558974e-10,4.2498299589e-09,173918357.849,173967773.438
173992870.331,1.12615428325e-09,1.10488220021e-08,173968162.537,174017578.125
174042675.018,8.17583407517e-10,4.1077925278e-09,174017967.224,174067382.812
174092479.706,9.82028460309e-10,3.17264509399e-09,174067771.912,174117187.5
174142284.393,9.48696263468e-10,4.11994102893e-09,174117576.599,174166992.188
174192089.081,9.9405825798e-10,3.72467802761e-09,174167381.287,174216796.875
174241893.768,8.67909571581e-10,4.67884491611e-09,174217185.974,174266601.562
174291698.456,9.54718445308e-10,6.51705567788e-09,174266990.662,174316406.25
174341503.143,9.84013993307e-10,6.31282470621e-09,174316795.349,174366210.938
174391307.831,9.60088331915e-10,4.27043348229e-09,174366600.037,174416015.625
174441112.518,1.17789982736e-09,5.69888196464e-09,174416404.724,174465820.312
174490917.206,8.66977406886e-10,5.60985277675e-09,174466209.412,174515625
174540721.893,1.13880547582e-09,5.54916137788e-09,174516014.099,174565429.688
174590526.581,1.32114696221e-09,5.36636928647e-09,174565818.787,174615234.375
174640331.268,9.89313590874e-10,6.58302543378e-09,174615623.474,174665039.062
174690135.956,1.06341510691e-09,4.44977790898e-09,174665428.162,174714843.75
174739940.643,8.98833268313e-10,4.7642397158e-09,174715232.849,174764648.438
174789745.331,9.67677569e-10,3.58936672618e-09,174765037.537,174814453.125
174839550.018,1.05901342931e-09,5.13863192071e-09,174814842.224,174864257.812
174889354.706,1.17863442997e-09,4.40011311873e-09,174864646.912,174914062.5
174939159.393,1.13623589108e-09,4.66708866992e-09,174914451.599,174963867.188
174988964.081,1.21438333003e-09,8.30704251169e-09,174964256.287,175013671.875
175038768.768,1.12866840137e-09,9.98149719233e-09,175014060.974,175063476.562
175088573.456,1.0233168984e-09,4.32438694535e-09,175063865.662,175113281.25
175138378.143,8.71534160298e-10,3.23160074121e-09,175113670.349,175163085.938
175188182.831,1.08884849416e-09,6.63282121281e-09,175163475.037,175212890.625
175237987.518,1.10485292971e-09,5.84033511156e-09,175213279.724,175262695.312
175287792.206,9.61506531075e-10,5.61193342074e-09,175263084.412,175312500
175337596.893,1.05645872322e-09,6.55196089343e-09,175312889.099,175362304.688
175387401.581,1.21701020233e-09,7.27645885734e-09,175362693.787,175412109.375
175437206.268,9.39244852944e-10,3.76923204731e-09,175412498.474,175461914.062
175487010.956,1.26470126566e-09,7.56829267818e-09,175462303.162,175511718.75
175536815.643,1.2514977003e-09,6.69178987497e-09,175512107.849,175561523.438
175586620.331,9.79436367616e-10,4.34559381211e-09,175561912.537,175611328.125
175636425.018,9.198666138e-10,4.43959324774e-09,175611717.224,175661132.812
175686229.706,9.62791545621e-10,5.22635440725e-09,175661521.912,175710937.5
175736034.393,9.74006164332e-10,4.68730374817e-09,175711326.599,175760742.188
175785839.081,7.96074406601e-10,4.25773182773e-09,175761131.287,175810546.875
175835643.768,1.46132442049e-09,7.84244371543e-09,175810935.974,175860351.562
175885448.456,7.41799081646e-10,6.04903756361e-09,175860740.662,175910156.25
175935253.143,1.11136537582e-09,8.67357469054e-09,175910545.349,175959960.938
175985057.831,1.07850664796e-09,4.67774420168e-09,175960350.037,176009765.625
176034862.518,1.08616346315e-09,4.59745225563e-09,176010154.724,176059570.312
176084667.206,1.25692431912e-09,7.97490295336e-09,176059959.412,176109375
176134471.893,9.63427164294e-10,4.23769515785e-09,176109764.099,176159179.688
176184276.581,9.40550924762e-10,5.26402447746e-09,176159568.787,176208984.375
176234081.268,8.11297871508e-10,4.25864370624e-09,176209373.474,176258789.062
176283885.956,1.02493210589e-09,5.05495142088e-09,176259178.162,176308593.75
176333690.643,1.07546472998e-09,4.70172076644e-09,176308982.849,176358398.438
176383495.331,9.47597301772e-10,5.46236326353e-09,176358787.537,176408203.125
176433300.018,8.54239022973e-10,4.21160154751e-09,176408592.224,176458007.812
176483104.706,8.88509518965e-10,5.02711612145e-09,176458396.912,176507812.5
176532909.393,7.87034709779e-10,4.25118250705e-09,176508201.599,176557617.188
176582714.081,7.75490266556e-10,3.95308235469e-09,176558006.287,176607421.875
176632518.768,8.15326183424e-10,3.91584877128e-09,176607810.974,176657226.562
176682323.456,1.056203329e-09,5.56545259763e-09,176657615.662,176707031.25
176732128.143,1.06764541145e-09,4.76730350258e-09,176707420.349,176756835.938
176781932.831,1.06647895642e-09,6.34834615929e-09,176757225.037,176806640.625
176831737.518,1.12096740899e-09,4.45056419403e-09,176807029.724,176856445.312
176881542.206,8.50796800306e-10,3.80316636299e-09,176856834.412,176906250
176931346.893,9.321531872e-10,4.90838454061e-09,176906639.099,176956054.688
176981151.581,1.01418426291e-09,6.53134134804e-09,176956443.787,177005859.375
177030956.268,1.02352173978e-09,5.44702668957e-09,177006248.474,177055664.062
177080760.956,9.46049187858e-10,6.79268454628e-09,177056053.162,177105468.75
177130565.643,9.17062444675e-10,3.63343835499e-09,177105857.849,177155273.438
177180370.331,1.1388727023e-09,6.18436212036e-09,177155662.537,177205078.125
177230175.018,9.63323209464e-10,5.02662245731e-09,177205467.224,177254882.812
177279979.706,8.80805626875e-10,4.15851925635e-09,177255271.912,177304687.5
177329784.393,1.14178920159e-09,4.80816510165e-09,177305076.599,177354492.188
177379589.081,9.54867974644e-10,4.39763333647e-09,177354881.287,177404296.875
177429393.768,1.22896149062e-09,7.1084143976e-09,177404685.974,177454101.562
177479198.456,9.8525006198e-10,5.2157198225e-09,177454490.662,177503906.25
177529003.143,9.6149016134e-10,5.16892585276e-09,177504295.349,177553710.938
177578807.831,1.00077922401e-09,4.19233416596e-09,177554100.037,177603515.625
177628612.518,1.01540966141e-09,5.36456868722e-09,177603904.724,177653320.312
177678417.206,1.11894508529e-09,6.74929247992e-09,177653709.412,177703125
177728221.893,9.60021140693e-10,5.53744237564e-09,177703514.099,177752929.688
177778026.581,1.14812831684e-09,5.80690148568e-09,177753318.787,177802734.375
177827831.268,9.6137033585e-10,4.95231495835e-09,177803123.474,177852539.062
177877635.956,9.37482574975e-10,4.45618102963e-09,177852928.162,177902343.75
177927440.643,8.93026536258e-10,4.0531206033e-09,177902732.849,177952148.438
177977245.331,1.28760489347e-09,5.743796133e-09,177952537.537,178001953.125
178027050.018,1.11940350904e-09,5.10677267341e-09,178002342.224,178051757.812
178076854.706,1.09887184059e-09,6.16598547234e-09,178052146.912,178101562.5
178126659.393,8.61508179549e-10,4.92137369323e-09,178101951.599,178151367.188
178176464.081,9.34957072635e-10,3.86670375314e-09,178151756.287,178201171.875
178226268.768,1.07130274707e-09,5.21839578236e-09,178201560.974,178250976.562
178276073.456,9.87638035085e-10,5.23133515449e-09,178251365.662,178300781.25
178325878.143,1.24003394524e-09,5.60332935121e-09,178301170.349,178350585.938
178375682.831,9.83692889032e-10,4.0959899678e-09,178350975.037,178400390.625
178425487.518,1.02001161786e-09,4.80920384661e-09,178400779.724,178450195.312
178475292.206,1.99588747995e-09,1.30544377652e-08,178450584.412,178500000
178525096.893,2.06725969839e-09,1.25930275203e-08,178500389.099,178549804.688
178574901.581,1.01038824684e-09,4.70128729119e-09,178550193.787,178599609.375
178624706.268,9.49237251744e-10,4.07935455775e-09,178599998.474,178649414.062
178674510.956,9.75434278748e-10,6.41156411174e-09,178649803.162,178699218.75
178724315.643,1.02384471163e-09,4.66371788231e-09,178699607.849,178749023.438
178774120.331,1.08116829511e-09,5.90201286288e-09,178749412.537,178798828.125
178823925.018,1.0088260897e-09,7.11463647302e-09,178799217.224,178848632.812
178873729.706,8.79920830412e-10,4.01217329605e-09,178849021.912,178898437.5
178923534.393,9.45233767131e-10,5.20237929884e-09,178898826.599,178948242.188
178973339.081,1.09288535608e-09,5.91983483527e-09,178948631.287,178998046.875
179023143.768,1.0786562786e-09,7.56396588487e-09,178998435.974,179047851.562
179072948.456,8.79226744536e-10,6.91325703456e-09,179048240.662,179097656.25
179122753.143,1.02377917404e-09,5.06921877508e-09,179098045.349,179147460.938
179172557.831,1.10679332632e-09,5.39608382925e-09,179147850.037,179197265.625
179222362.518,1.12521420131e-09,6.89481180705e-09,179197654.724,179247070.312
179272167.206,9.81970912489e-10,4.98380269535e-09,179247459.412,179296875
179321971.893,9.37907999567e-10,4.48528933239e-09,179297264.099,179346679.688
179371776.581,1.17249999444e-09,6.44397670292e-09,179347068.787,179396484.375
179421581.268,1.24037732211e-09,7.43840639573e-09,179396873.474,179446289.062
179471385.956,1.35555717494e-09,6.5097863085e-09,179446678.162,179496093.75
179521190.643,9.42141878063e-10,4.79863935255e-09,179496482.849,179545898.438
179570995.331,1.34561153676e-09,8.69260957469e-09,179546287.537,179595703.125
179620800.018,1.18904429381e-09,6.58266789922e-09,179596092.224,179645507.812
179670604.706,1.0424786354e-09,6.80630139817e-09,179645896.912,179695312.5
179720409.393,1.32731818214e-09,6.21062718106e-09,179695701.599,179745117.188
179770214.081,1.03862194678e-09,7.19501674503e-09,179745506.287,179794921.875
179820018.768,1.22957417139e-09,5.91027331451e-09,179795310.974,179844726.562
179869823.456,1.04028011683e-09,5.54198733015e-09,179845115.662,179894531.25
179919628.143,1.338964535e-09,8.26255209046e-09,179894920.349,179944335.938
179969432.831,1.43467357119e-09,1.54812285752e-08,179944725.037,179994140.625
180019237.518,9.26636995838e-08,7.7758209481e-06,179994529.724,180043945.312
180069042.206,1.06014512213e-09,6.55451375493e-09,180044334.412,180093750
180118846.893,1.01648975277e-09,4.81833869246e-09,180094139.099,180143554.688
180168651.581,1.25764300104e-09,6.17064999036e-09,180143943.787,180193359.375
180218456.268,1.14323679572e-09,1.1402212521e-08,180193748.474,180243164.062
180268260.956,1.22875277476e-09,4.95663531275e-09,180243553.162,180292968.75
180318065.643,1.21667115254e-09,5.75916740165e-09,180293357.849,180342773.438
180367870.331,1.00041389465e-09,6.36132573836e-09,180343162.537,180392578.125
180417675.018,1.02474002432e-09,5.9752279447e-09,180392967.224,180442382.812
180467479.706,8.5872269356e-10,3.99133345213e-09,180442771.912,180492187.5
180517284.393,1.09499874108e-09,4.93231850345e-09,180492576.599,180541992.188
180567089.081,9.32740706545e-10,4.49195010445e-09,180542381.287,180591796.875
180616893.768,1.10050281732e-09,5.69534081092e-09,180592185.974,180641601.562
180666698.456,1.21871871263e-09,9.27923401961e-09,180641990.662,180691406.25
180716503.143,1.06066848584e-09,5.50390717292e-09,180691795.349,180741210.938
180766307.831,9.64603158034e-10,4.76085121638e-09,180741600.037,180791015.625
180816112.518,8.92979536981e-10,5.28278921893e-09,180791404.724,180840820.312
180865917.206,1.1462734364e-09,7.74314830074e-09,180841209.412,180890625
180915721.893,1.02272912762e-09,4.87899663252e-09,180891014.099,180940429.688
180965526.581,1.01118507178e-09,5.82774477694e-09,180940818.787,180990234.375
181015331.268,1.01451753799e-09,4.66944390324e-09,180990623.474,181040039.062
181065135.956,1.00243050867e-09,4.89580549743e-09,181040428.162,181089843.75
181114940.643,9.94418893318e-10,6.47778683663e-09,181090232.849,181139648.438
181164745.331,9.87586643657e-10,3.63916352151e-09,181140037.537,181189453.125
181214550.018,9.33835680577e-10,3.97783926388e-09,181189842.224,181239257.812
181264354.706,9.8039727217e-10,3.96158444717e-09,181239646.912,181289062.5
181314159.393,9.90908955649e-10,5.43147680917e-09,181289451.599,181338867.188
181363964.081,9.25726899716e-10,5.62481715928e-09,181339256.287,181388671.875
181413768.768,9.95237865415e-10,4.62153877965e-09,181389060.974,181438476.562
181463573.456,1.36326800934e-09,6.92322512375e-09,181438865.662,181488281.25
181513378.143,1.5804868219e-09,7.9953038415e-09,181488670.349,181538085.938
181563182.831,1.21428781604e-09,6.01652577886e-09,181538475.037,181587890.625
181612987.518,1.10955271091e-09,4.66490222226e-09,181588279.724,181637695.312
181662792.206,1.09410431481e-09,5.34820964874e-09,181638084.412,181687500
181712596.893,1.14295056281e-09,4.95098096861e-09,181687889.099,181737304.688
181762401.581,8.75397862291e-10,4.33919791907e-09,181737693.787,181787109.375
181812206.268,1.0872035077e-09,6.85589627704e-09,181787498.474,181836914.062
181862010.956,1.11111673283e-09,4.63622466886e-09,181837303.162,181886718.75
181911815.643,9.29100205942e-10,5.09151552164e-09,181887107.849,181936523.438
181961620.331,1.00970440379e-09,6.79925960364e-09,181936912.537,181986328.125
182011425.018,2.04708953081e-09,6.27089398979e-08,181986717.224,182036132.812
182061229.706,1.11057683582e-09,5.61637834542e-09,182036521.912,182085937.5
182111034.393,1.08581380902e-09,5.02386514761e-09,182086326.599,182135742.188
182160839.081,8.26933920976e-10,3.70322386414e-09,182136131.287,182185546.875
182210643.768,1.06589656405e-09,5.27491137505e-09,182185935.974,182235351.562
182260448.456,1.15162718085e-09,5.21089053564e-09,182235740.662,182285156.25
182310253.143,1.22044832241e-09,7.42335902379e-09,182285545.349,182334960.938
182360057.831,1.31016633811e-09,6.34433448005e-09,182335350.037,182384765.625
182409862.518,1.01351354973e-09,5.5064547848e-09,182385154.724,182434570.312
182459667.206,1.0542237489e-09,4.89779739158e-09,182434959.412,182484375
182509471.893,1.08095328789e-09,6.61711605014e-09,182484764.099,182534179.688
182559276.581,1.15972066036e-09,1.03019084335e-08,182534568.787,182583984.375
182609081.268,9.39608172555e-10,4.64188850198e-09,182584373.474,182633789.062
182658885.956,9.40316779697e-10,5.90569225354e-09,182634178.162,182683593.75
182708690.643,1.18054266642e-09,6.32107214581e-09,182683982.849,182733398.438
182758495.331,9.19642677288e-10,4.10670131604e-09,182733787.537,182783203.125
182808300.018,1.0002589905e-09,4.36310383074e-09,182783592.224,182833007.812
182858104.706,1.09056263126e-09,4.10281770445e-09,182833396.912,182882812.5
182907909.393,7.65718124559e-10,4.32015682804e-09,182883201.599,182932617.188
182957714.081,9.41909351797e-10,5.54994578429e-09,182933006.287,182982421.875
183007518.768,1.18823523277e-09,7.72929561005e-09,182982810.974,183032226.562
183057323.456,1.19074080231e-09,5.80698181252e-09,183032615.662,183082031.25
183107128.143,9.55179513249e-10,4.09244726589e-09,183082420.349,183131835.938
183156932.831,1.0604054461e-09,4.01179709968e-09,183132225.037,183181640.625
183206737.518,1.0615846734e-09,4.32479475431e-09,183182029.724,183231445.312
183256542.206,9.73760398306e-10,4.71164992659e-09,183231834.412,183281250
183306346.893,1.03067355725e-09,5.30845373385e-09,183281639.099,183331054.688
183356151.581,1.03402765801e-09,3.63269403775e-09,183331443.787,183380859.375
183405956.268,1.18222241229e-09,5.61764086992e-09,183381248.474,183430664.062
183455760.956,1.00756991134e-09,5.0263432945e-09,183431053.162,183480468.75
183505565.643,1.0200920364e-09,6.5391993213e-09,183480857.849,183530273.438
183555370.331,8.67127942466e-10,4.14505831851e-09,183530662.537,183580078.125
183605175.018,9.73636668824e-10,4.79702081052e-09,183580467.224,183629882.812
183654979.706,1.25146187476e-09,4.84766834625e-09,183630271.912,183679687.5
183704784.393,1.32080248199e-09,7.05392052557e-09,183680076.599,183729492.188
183754589.081,1.21056534344e-09,5.11880442563e-09,183729881.287,183779296.875
183804393.768,8.38116114321e-10,6.0961886188e-09,183779685.974,183829101.562
183854198.456,1.01585849377e-09,5.45450673226e-09,183829490.662,183878906.25
183904003.143,1.26388161316e-09,6.14041094599e-09,183879295.349,183928710.938
183953807.831,1.02667353858e-09,5.45538672753e-09,183929100.037,183978515.625
184003612.518,1.20614310475e-09,7.89043411073e-09,183978904.724,184028320.312
184053417.206,1.24419434572e-09,6.72970666134e-09,184028709.412,184078125
184103221.893,1.17050180011e-09,5.84357810132e-09,184078514.099,184127929.688
184153026.581,1.21288883309e-09,5.60565868078e-09,184128318.787,184177734.375
184202831.268,1.077482701e-09,6.90757640048e-09,184178123.474,184227539.062
184252635.956,9.77138964642e-10,4.38286236625e-09,184227928.162,184277343.75
184302440.643,1.1061194655e-09,4.41650905725e-09,184277732.849,184327148.438
184352245.331,1.01889255772e-09,4.55466669944e-09,184327537.537,184376953.125
184402050.018,9.93449133032e-10,5.80233714905e-09,184377342.224,184426757.812
184451854.706,1.02429276938e-09,7.02259026035e-09,184427146.912,184476562.5
184501659.393,1.06672508962e-09,1.15443529151e-08,184476951.599,184526367.188
184551464.081,1.069886645e-09,5.05914186714e-09,184526756.287,184576171.875
184601268.768,1.00963371535e-09,4.94051445235e-09,184576560.974,184625976.562
184651073.456,1.06779441987e-09,4.15584901649e-09,184626365.662,184675781.25
184700878.143,1.24293450949e-09,6.16359091044e-09,184676170.349,184725585.938
184750682.831,1.11265997086e-09,6.06518308198e-09,184725975.037,184775390.625
184800487.518,1.14801995787e-09,5.35538272295e-09,184775779.724,184825195.312
184850292.206,1.06280427074e-09,5.22871806157e-09,184825584.412,184875000
184900096.893,1.24768752151e-09,5.49978469007e-09,184875389.099,184924804.688
184949901.581,1.30800604074e-09,5.5306737478e-09,184925193.787,184974609.375
184999706.268,1.2791030788e-09,1.29876286271e-08,184974998.474,185024414.062
185049510.956,1.33684957305e-09,1.72569721992e-08,185024803.162,185074218.75
185099315.643,1.0425494586e-09,3.35512053665e-09,185074607.849,185124023.438
185149120.331,1.15720229885e-09,4.34181416453e-09,185124412.537,185173828.125
185198925.018,1.19244736034e-09,1.38207002425e-08,185174217.224,185223632.812
185248729.706,9.33593040643e-10,5.2311513962e-09,185224021.912,185273437.5
185298534.393,1.19753616918e-09,4.35811380604e-09,185273826.599,185323242.188
185348339.081,1.02429989834e-09,3.92807977743e-09,185323631.287,185373046.875
185398143.768,1.03147815714e-09,6.10866801253e-09,185373435.974,185422851.562
185447948.456,1.20316022605e-09,8.44554729084e-09,185423240.662,185472656.25
185497753.143,1.2280531178e-09,4.10625431436e-09,185473045.349,185522460.938
185547557.831,1.15480431981e-09,7.76677366289e-09,185522850.037,185572265.625
185597362.518,1.0613576762e-09,4.01333620799e-09,185572654.724,185622070.312
185647167.206,1.18386370187e-09,5.65203774298e-09,185622459.412,185671875
185696971.893,1.21431639983e-09,5.64618059137e-09,185672264.099,185721679.688
185746776.581,1.33693300488e-09,9.09003286649e-09,185722068.787,185771484.375
185796581.268,1.13522151705e-09,4.54416826621e-09,185771873.474,185821289.062
185846385.956,1.32695372593e-09,7.28891881926e-09,185821678.162,185871093.75
185896190.643,1.1672053763e-09,6.39902384286e-09,185871482.849,185920898.438
185945995.331,1.23386712011e-09,4.92009285071e-09,185921287.537,185970703.125
185995800.018,1.26263776268e-09,8.87958947191e-09,185971092.224,186020507.812
186045604.706,1.09740030823e-09,7.87490069963e-09,186020896.912,186070312.5
186095409.393,1.20715642664e-09,6.90745080954e-09,186070701.599,186120117.188
186145214.081,9.72906315583e-10,5.01277510101e-09,186120506.287,186169921.875
186195018.768,1.13400358131e-09,4.15431686502e-09,186170310.974,186219726.562
186244823.456,1.35463294884e-09,6.02424780181e-09,186220115.662,186269531.25
186294628.143,1.12914607723e-09,7.51705991701e-09,186269920.349,186319335.938
186344432.831,1.03716030784e-09,6.48126241514e-09,186319725.037,186369140.625
186394237.518,1.14860618003e-09,5.47283441727e-09,186369529.724,186418945.312
186444042.206,1.23170819604e-09,8.42072116099e-09,186419334.412,186468750
186493846.893,1.08664329116e-09,6.10079535312e-09,186469139.099,186518554.688
186543651.581,1.27203272226e-09,6.17722220057e-09,186518943.787,186568359.375
186593456.268,1.21596365555e-09,4.26849282475e-09,186568748.474,186618164.062
186643260.956,1.38226770855e-09,5.66000241004e-09,186618553.162,186667968.75
186693065.643,1.02823225566e-09,6.76011654152e-09,186668357.849,186717773.438
186742870.331,1.0770183347e-09,5.87060663526e-09,186718162.537,186767578.125
186792675.018,9.88915803885e-10,5.17380134877e-09,186767967.224,186817382.812
186842479.706,1.09320154521e-09,7.40137799933e-09,186817771.912,186867187.5
186892284.393,1.03992824833e-09,6.16639225114e-09,186867576.599,186916992.188
186942089.081,1.26160009685e-09,5.89713329097e-09,186917381.287,186966796.875
186991893.768,1.66556663439e-09,9.62156765431e-09,186967185.974,187016601.562
187041698.456,1.05622034746e-09,4.61911139601e-09,187016990.662,187066406.25
187091503.143,1.1514911517e-09,5.53160587633e-09,187066795.349,187116210.938
187141307.831,9.93289982408e-10,6.19303547093e-09,187116600.037,187166015.625
187191112.518,9.48410482344e-10,6.04888946455e-09,187166404.724,187215820.312
187240917.206,1.26133345054e-09,6.06563433409e-09,187216209.412,187265625
187290721.893,1.25635844265e-09,6.36090569063e-09,187266014.099,187315429.688
187340526.581,1.10252875557e-09,5.36808613537e-09,187315818.787,187365234.375
187390331.268,1.08781305643e-09,5.16000165659e-09,187365623.474,187415039.062
187440135.956,1.27922390796e-09,6.96838360844e-09,187415428.162,187464843.75
187489940.643,2.11330893698e-09,6.84448956121e-08,187465232.849,187514648.438
187539745.331,1.19064005318e-09,4.55334958946e-09,187515037.537,187564453.125
187589550.018,1.07228180934e-09,6.05041801354e-09,187564842.224,187614257.812
187639354.706,1.19836107493e-09,6.19523786093e-09,187614646.912,187664062.5
187689159.393,1.28316942662e-09,5.99854931206e-09,187664451.599,187713867.188
187738964.081,9.92744095632e-10,5.03179361559e-09,187714256.287,187763671.875
187788768.768,1.4491235366e-09,6.35805056403e-09,187764060.974,187813476.562
187838573.456,1.29456835157e-09,4.26296308391e-09,187813865.662,187863281.25
187888378.143,1.03690953211e-09,1.015034976e-08,187863670.349,187913085.938
187938182.831,1.0074138993e-09,5.48354025989e-09,187913475.037,187962890.625
187987987.518,1.40514080087e-09,6.88971374084e-09,187963279.724,188012695.312
188037792.206,1.30126872511e-09,7.96899291312e-09,188013084.412,188062500
188087596.893,1.26493587868e-09,5.29184413819e-09,188062889.099,188112304.688
188137401.581,1.06887230637e-09,6.37427974528e-09,188112693.787,188162109.375
188187206.268,1.17916309061e-09,5.35390491035e-09,188162498.474,188211914.062
188237010.956,1.0336526981e-09,7.93494306777e-09,188212303.162,188261718.75
188286815.643,1.07416295259e-09,4.83867689162e-09,188262107.849,188311523.438
188336620.331,9.46416173666e-10,6.94678909198e-09,188311912.537,188361328.125
188386425.018,1.31925028387e-09,9.71930794977e-09,188361717.224,188411132.812
188436229.706,1.2194742091e-09,5.67753666103e-09,188411521.912,188460937.5
188486034.393,1.22220504303e-09,8.45886446484e-09,188461326.599,188510742.188
188535839.081,9.90040071597e-10,5.09595469077e-09,188511131.287,188560546.875
188585643.768,1.13453037996e-09,4.50268970674e-09,188560935.974,188610351.562
188635448.456,1.27607723486e-09,5.56881547206e-09,188610740.662,188660156.25
188685253.143,1.40074641575e-09,7.28726217589e-09,188660545.349,188709960.938
188735057.831,1.10599436474e-09,6.00387835154e-09,188710350.037,188759765.625
188784862.518,1.37168140706e-09,5.55761023371e-09,188760154.724,188809570.312
188834667.206,1.40563793739e-09,8.53748378485e-09,188809959.412,188859375
188884471.893,1.07862821173e-09,6.20816387308e-09,188859764.099,188909179.688
188934276.581,9.99486489286e-10,4.38624222429e-09,188909568.787,188958984.375
188984081.268,1.31087254003e-09,7.20231196264e-09,188959373.474,189008789.062
189033885.956,1.22098633233e-09,9.07642316153e-09,189009178.162,189058593.75
189083690.643,1.04456514909e-09,6.53542648535e-09,189058982.849,189108398.438
189133495.331,1.3176652187e-09,6.46635793796e-09,189108787.537,189158203.125
189183300.018,1.17318199433e-09,5.93672954259e-09,189158592.224,189208007.812
189233104.706,1.48438025573e-09,6.96555125539e-09,189208396.912,189257812.5
189282909.393,1.12005121134e-09,5.09097501318e-09,189258201.599,189307617.188
189332714.081,1.30149276067e-09,7.86625069424e-09,189308006.287,189357421.875
189382518.768,9.67839443462e-10,4.50342112398e-09,189357810.974,189407226.562
189432323.456,1.46411224409e-09,1.2041004836e-08,189407615.662,189457031.25
189482128.143,1.30136768727e-09,5.73283090764e-09,189457420.349,189506835.938
189531932.831,1.48714636911e-09,8.57950493531e-09,189507225.037,189556640.625
189581737.518,1.09164681193e-09,5.15692306658e-09,189557029.724,189606445.312
189631542.206,1.21467627328e-09,8.8400079174e-09,189606834.412,189656250
189681346.893,1.06416393397e-09,5.05069979694e-09,189656639.099,189706054.688
189731151.581,1.23519622629e-09,8.64349254571e-09,189706443.787,189755859.375
189780956.268,1.26777645617e-09,6.52971291607e-09,189756248.474,189805664.062
189830760.956,1.17964261241e-09,1.05922379431e-08,189806053.162,189855468.75
189880565.643,9.87012706999e-10,6.65697421433e-09,189855857.849,189905273.438
189930370.331,1.19066579417e-09,9.83929966998e-09,189905662.537,189955078.125
189980175.018,1.69340241796e-09,2.6656722616e-08,189955467.224,190004882.812
190029979.706,1.43128350989e-09,6.7261728617e-09,190005271.912,190054687.5
190079784.393,1.13434810446e-09,5.04619627516e-09,190055076.599,190104492.188
190129589.081,1.11394493877e-09,5.65891380934e-09,190104881.287,190154296.875
190179393.768,1.3042184938e-09,5.98217688151e-09,190154685.974,190204101.562
190229198.456,1.02067589546e-09,6.4399564108e-09,190204490.662,190253906.25
190279003.143,1.43483941172e-09,7.58082925936e-09,190254295.349,190303710.938
190328807.831,1.13494303802e-09,6.63825290719e-09,190304100.037,190353515.625
190378612.518,1.22336386206e-09,4.2499101739e-09,190353904.724,190403320.312
190428417.206,9.72593577887e-10,6.03676977545e-09,190403709.412,190453125
190478221.893,1.44933620401e-09,5.97874508921e-09,190453514.099,190502929.688
190528026.581,1.11177865355e-09,6.71107513302e-09,190503318.787,190552734.375
190577831.268,1.15807061698e-09,5.65844695641e-09,190553123.474,190602539.062
190627635.956,1.05925485614e-09,7.22400484631e-09,190602928.162,190652343.75
190677440.643,1.10906819834e-09,7.2298256047e-09,190652732.849,190702148.438
190727245.331,1.00569453968e-09,3.88762231298e-09,190702537.537,190751953.125
190777050.018,1.13491637926e-09,6.79642899896e-09,190752342.224,190801757.812
190826854.706,1.31111281768e-09,5.06507527236e-09,190802146.912,190851562.5
190876659.393,9.2678834542e-10,5.8180683728e-09,190851951.599,190901367.188
190926464.081,9.53226118681e-10,6.45233484312e-09,190901756.287,190951171.875
190976268.768,9.82455935349e-10,3.7343119761e-09,190951560.974,191000976.562
191026073.456,1.28679316534e-09,4.53174694659e-09,191001365.662,191050781.25
191075878.143,9.92502761313e-10,5.6323585027e-09,191051170.349,191100585.938
191125682.831,1.08399369618e-09,5.20213526252e-09,191100975.037,191150390.625
191175487.518,1.2352316974e-09,4.59385549983e-09,191150779.724,191200195.312
191225292.206,1.19433963216e-09,6.54202731769e-09,191200584.412,191250000
191275096.893,9.06013672548e-10,5.55210630325e-09,191250389.099,191299804.688
191324901.581,1.09722851251e-09,4.53481048135e-09,191300193.787,191349609.375
191374706.268,9.59443969471e-10,4.6920979635e-09,191349998.474,191399414.062
191424510.956,1.02008602522e-09,5.65102974629e-09,191399803.162,191449218.75
191474315.643,8.79215846405e-10,4.76652674891e-09,191449607.849,191499023.438
191524120.331,1.1268849792e-09,6.58436349018e-09,191499412.537,191548828.125
191573925.018,1.09960071289e-09,5.55365487159e-09,191549217.224,191598632.812
191623729.706,1.23690178702e-09,1.37043745653e-08,191599021.912,191648437.5
191673534.393,1.03739809583e-09,4.25033638299e-09,191648826.599,191698242.188
191723339.081,1.35641614418e-09,6.38718303868e-09,191698631.287,191748046.875
191773143.768,1.31849638312e-09,5.09184962168e-09,191748435.974,191797851.562
191822948.456,1.17237626334e-09,1.45027313382e-08,191798240.662,191847656.25
191872753.143,1.38202308267e-09,8.27855341272e-09,191848045.349,191897460.938
191922557.831,1.14792306446e-09,5.91791478489e-09,191897850.037,191947265.625
191972362.518,1.34857749911e-09,5.77943628936e-09,191947654.724,191997070.312
192022167.206,1.21375661292e-08,6.70998699665e-07,191997459.412,192046875
192071971.893,9.67655842981e-10,5.21877126883e-09,192047264.099,192096679.688
192121776.581,1.51665586819e-09,9.75614678631e-09,192097068.787,192146484.375
192171581.268,1.14842080711e-09,1.30054588711e-08,192146873.474,192196289.062
192221385.956,1.19785418695e-09,6.50598109305e-09,192196678.162,192246093.75
192271190.643,1.09954667626e-09,5.64419043834e-09,192246482.849,192295898.438
192320995.331,1.25973851406e-09,6.21859408827e-09,192296287.537,192345703.125
192370800.018,1.02778174705e-09,4.33303501816e-09,192346092.224,192395507.812
192420604.706,1.09682881493e-09,5.73833795083e-09,192395896.912,192445312.5
192470409.393,8.2929426722e-10,4.40175094079e-09,192445701.599,192495117.188
192520214.081,8.89823611937e-10,5.02160823994e-09,192495506.287,192544921.875
192570018.768,1.11572609751e-09,7.02825295983e-09,192545310.974,192594726.562
192619823.456,9.93658200967e-10,5.41435914923e-09,192595115.662,192644531.25
192669628.143,1.03773250817e-09,5.37057960166e-09,192644920.349,192694335.938
192719432.831,1.0280034009e-09,6.65127467111e-09,192694725.037,192744140.625
192769237.518,9.9203332791e-10,4.39321845026e-09,192744529.724,192793945.312
192819042.206,9.74922400169e-10,7.50638280054e-09,192794334.412,192843750
192868846.893,1.12184515109e-09,7.95284623907e-09,192844139.099,192893554.688
192918651.581,9.87819423101e-10,7.08346274271e-09,192893943.787,192943359.375
192968456.268,9.6020964951e-10,4.35937393441e-09,192943748.474,192993164.062
193018260.956,1.20493387318e-09,4.88455084708e-09,192993553.162,193042968.75
193068065.643,1.17678964729e-09,1.00380128631e-08,193043357.849,193092773.438
193117870.331,1.04655242731e-09,4.3441840232e-09,193093162.537,193142578.125
193167675.018,1.1559907705e-09,6.03690769451e-09,193142967.224,193192382.812
193217479.706,1.10756780063e-09,6.26093323312e-09,193192771.912,193242187.5
193267284.393,1.01018051301e-09,4.13052414817e-09,193242576.599,193291992.188
193317089.081,9.25130954569e-10,3.92564038638e-09,193292381.287,193341796.875
193366893.768,1.03484627407e-09,5.96474885322e-09,193342185.974,193391601.562
193416698.456,1.0904443257e-09,4.9811155096e-09,193391990.662,193441406.25
193466503.143,9.17258985652e-10,4.37090926166e-09,193441795.349,193491210.938
193516307.831,1.08805287172e-09,8.45534114657e-09,193491600.037,193541015.625
193566112.518,1.14245220518e-09,5.7416725671e-09,193541404.724,193590820.312
193615917.206,1.14098585417e-09,8.37148328519e-09,193591209.412,193640625
193665721.893,1.24495408753e-09,6.12172659495e-09,193641014.099,193690429.688
193715526.581,1.11028208243e-09,5.21425700836e-09,193690818.787,193740234.375
193765331.268,9.59646692475e-10,5.16041360208e-09,193740623.474,193790039.062
193815135.956,7.22897610104e-10,4.33970826999e-09,193790428.162,193839843.75
193864940.643,9.36211894948e-10,3.5180720521e-09,193840232.849,193889648.438
193914745.331,9.82225975851e-10,4.09990312586e-09,193890037.537,193939453.125
193964550.018,1.04896000317e-09,5.00763900431e-09,193939842.224,193989257.812
194014354.706,1.14421954717e-09,1.70288058096e-08,193989646.912,194039062.5
194064159.393,1.12528773893e-09,6.25789017946e-09,194039451.599,194088867.188
194113964.081,9.844577454e-10,3.8049527504e-09,194089256.287,194138671.875
194163768.768,8.73330321005e-10,5.02438568151e-09,194139060.974,194188476.562
194213573.456,1.15925063713e-09,6.3703086214e-09,194188865.662,194238281.25
194263378.143,1.16553106509e-09,6.11389523598e-09,194238670.349,194288085.938
194313182.831,9.7477386134e-10,4.91699155269e-09,194288475.037,194337890.625
194362987.518,8.05143349697e-10,3.62886764069e-09,194338279.724,194387695.312
194412792.206,1.07576309035e-09,5.06169517144e-09,194388084.412,194437500
194462596.893,1.08952876825e-09,5.30634151683e-09,194437889.099,194487304.688
194512401.581,1.01772691401e-09,6.21548080628e-09,194487693.787,194537109.375
194562206.268,9.5145386602e-10,4.04910946271e-09,194537498.474,194586914.062
194612010.956,8.57353881153e-10,4.82713148714e-09,194587303.162,194636718.75
194661815.643,9.95799455269e-10,5.72845320832e-09,194637107.849,194686523.438
194711620.331,1.02316629145e-09,5.68605870521e-09,194686912.537,194736328.125
194761425.018,8.73303973822e-10,3.96456411764e-09,194736717.224,194786132.812
194811229.706,8.65828988828e-10,4.89574346314e-09,194786521.912,194835937.5
194861034.393,9.92644655991e-10,4.72821184046e-09,194836326.599,194885742.188
194910839.081,9.60149962833e-10,4.4152237359e-09,194886131.287,194935546.875
194960643.768,1.14776833859e-09,7.5415139447e-09,194935935.974,194985351.562
195010448.456,9.82235024018e-10,5.32063111926e-09,194985740.662,195035156.25
195060253.143,9.99058745873e-10,3.79289680638e-09,195035545.349,195084960.938
195110057.831,7.69558374281e-10,5.03819395941e-09,195085350.037,195134765.625
195159862.518,1.05533767441e-09,5.8057086069e-09,195135154.724,195184570.312
195209667.206,8.78167625413e-10,7.48857681248e-09,195184959.412,195234375
195259471.893,1.06143970138e-09,4.12672506448e-09,195234764.099,195284179.688
195309276.581,9.59937014342e-10,6.03644013019e-09,195284568.787,195333984.375
195359081.268,1.07000730163e-09,4.95016813517e-09,195334373.474,195383789.062
195408885.956,1.07159968375e-09,5.3368544097e-09,195384178.162,195433593.75
195458690.643,8.17381334434e-10,3.83383978983e-09,195433982.849,195483398.438
195508495.331,9.9627626552e-10,5.58299586334e-09,195483787.537,195533203.125
195558300.018,7.52126209506e-10,3.21209371979e-09,195533592.224,195583007.812
195608104.706,9.58589074731e-10,7.76560671233e-09,195583396.912,195632812.5
195657909.393,8.23529307911e-10,5.00251491509e-09,195633201.599,195682617.188
195707714.081,8.40075995449e-10,3.50273803084e-09,195683006.287,195732421.875
195757518.768,9.16347768293e-10,5.83378524626e-09,195732810.974,195782226.562
195807323.456,9.12147677454e-10,6.78358014161e-09,195782615.662,195832031.25
195857128.143,1.04754257364e-09,4.83522983228e-09,195832420.349,195881835.938
195906932.831,9.76554092555e-10,5.63640361593e-09,195882225.037,195931640.625
195956737.518,7.09252006931e-10,5.45160738977e-09,195932029.724,195981445.312
196006542.206,8.5080122831e-10,3.72334315542e-09,195981834.412,196031250
196056346.893,8.39903637083e-10,4.71029593541e-09,196031639.099,196081054.688
196106151.581,9.27941372067e-10,4.45185061139e-09,196081443.787,196130859.375
196155956.268,1.10209527322e-09,5.67906789698e-09,196131248.474,196180664.062
196205760.956,1.01468659985e-09,4.75796235619e-09,196181053.162,196230468.75
196255565.643,7.89482069675e-10,4.51622857796e-09,196230857.849,196280273.438
196305370.331,9.00784511546e-10,4.51088784005e-09,196280662.537,196330078.125
196355175.018,9.8199614507e-10,4.44626842379e-09,196330467.224,196379882.812
196404979.706,9.11994367249e-10,5.31062800363e-09,196380271.912,196429687.5
196454784.393,1.10742352347e-09,6.3117421512e-09,196430076.599,196479492.188
196504589.081,1.20777289212e-09,8.04626893583e-09,196479881.287,196529296.875
196554393.768,1.05641475985e-09,7.18658116603e-09,196529685.974,196579101.562
196604198.456,9.66744276204e-10,4.10194636173e-09,196579490.662,196628906.25
196654003.143,6.52428117743e-10,2.77296265883e-09,196629295.349,196678710.938
196703807.831,1.01161985485e-09,4.321969918e-09,196679100.037,196728515.625
196753612.518,9.49101011064e-10,4.06406257623e-09,196728904.724,196778320.312
196803417.206,8.89759304914e-10,4.1031889245e-09,196778709.412,196828125
196853221.893,8.89897652752e-10,4.73613408445e-09,196828514.099,196877929.688
196903026.581,8.62217445747e-10,3.91036697442e-09,196878318.787,196927734.375
196952831.268,7.73548647365e-10,4.21307494967e-09,196928123.474,196977539.062
197002635.956,1.11646474262e-09,7.74202737166e-09,196977928.162,197027343.75
197052440.643,1.15970962428e-09,6.15627311592e-09,197027732.849,197077148.438
197102245.331,1.05772561999e-09,6.60359121425e-09,197077537.537,197126953.125
197152050.018,9.53293106093e-10,3.50629274401e-09,197127342.224,197176757.812
197201854.706,1.05246197641e-09,5.44934759302e-09,197177146.912,197226562.5
197251659.393,1.03622389156e-09,4.82549671029e-09,197226951.599,197276367.188
197301464.081,1.3282956235e-09,5.13797719646e-09,197276756.287,197326171.875
197351268.768,9.18535289286e-10,6.82207816844e-09,197326560.974,197375976.562
197401073.456,9.35830040188e-10,6.62871768765e-09,197376365.662,197425781.25
197450878.143,8.76155728246e-10,5.90922095798e-09,197426170.349,197475585.938
197500682.831,1.19234520649e-09,5.94591456238e-09,197475975.037,197525390.625
197550487.518,1.07881189623e-09,6.13413450151e-09,197525779.724,197575195.312
197600292.206,1.0058830522e-09,6.18334866294e-09,197575584.412,197625000
197650096.893,1.22029582597e-09,6.13618611845e-09,197625389.099,197674804.688
197699901.581,8.83107535725e-10,3.56352150127e-09,197675193.787,197724609.375
197749706.268,1.01709414867e-09,4.97656400915e-09,197724998.474,197774414.062
197799510.956,1.016149977e-09,4.10676330889e-09,197774803.162,197824218.75
197849315.643,8.48517827806e-10,3.8159015846e-09,197824607.849,197874023.438
197899120.331,8.21537746805e-10,4.48011465388e-09,197874412.537,197923828.125
197948925.018,9.55900221397e-10,5.60297529985e-09,197924217.224,197973632.812
197998729.706,1.16055026217e-09,9.91742048059e-09,197974021.912,198023437.5
198048534.393,9.24224678089e-10,4.33470930261e-09,198023826.599,198073242.188
198098339.081,9.34829685219e-10,5.40920940048e-09,198073631.287,198123046.875
198148143.768,8.74832222548e-10,4.85539229402e-09,198123435.974,198172851.562
198197948.456,8.35487531384e-10,3.73123760125e-09,198173240.662,198222656.25
198247753.143,9.9540242459e-10,8.995730694e-09,198223045.349,198272460.938
198297557.831,1.01507728499e-09,6.74316457448e-09,198272850.037,198322265.625
198347362.518,8.13816342412e-10,4.71356680568e-09,198322654.724,198372070.312
198397167.206,9.81115937498e-10,4.2052131932e-09,198372459.412,198421875
198446971.893,9.47229028888e-10,4.1821513306e-09,198422264.099,198471679.688
198496776.581,9.1277286779e-10,3.11457483456e-09,198472068.787,198521484.375
198546581.268,1.1242061894e-09,5.81174483924e-09,198521873.474,198571289.062
198596385.956,8.67737586797e-10,3.71876850879e-09,198571678.162,198621093.75
198646190.643,1.13590461907e-09,5.45209572105e-09,198621482.849,198670898.438
198695995.331,8.88292659499e-10,4.34245871462e-09,198671287.537,198720703.125
198745800.018,9.12078677096e-10,3.93193058192e-09,198721092.224,198770507.812
198795604.706,1.04301432867e-09,7.09273634862e-09,198770896.912,198820312.5
198845409.393,1.11459693389e-09,7.79028015998e-09,198820701.599,198870117.188
198895214.081,9.6952797966e-10,7.22691279522e-09,198870506.287,198919921.875
198945018.768,1.25451648461e-09,5.45996162265e-09,198920310.974,198969726.562
198994823.456,1.12525653382e-09,6.7616561953e-09,198970115.662,199019531.25
199044628.143,1.03705714991e-09,4.2799182604e-09,199019920.349,199069335.938
199094432.831,9.33525711198e-10,5.02249235527e-09,199069725.037,199119140.625
199144237.518,9.77274250431e-10,6.05449579503e-09,199119529.724,199168945.312
199194042.206,1.08921419582e-09,5.04060555695e-09,199169334.412,199218750
199243846.893,9.32299818912e-10,9.16396598507e-09,199219139.099,199268554.688
199293651.581,9.41777865565e-10,5.87384304158e-09,199268943.787,199318359.375
199343456.268,1.0100746312e-09,4.92507657366e-09,199318748.474,199368164.062
199393260.956,1.0524653613e-09,5.51215574576e-09,199368553.162,199417968.75
199443065.643,9.77260128157e-10,3.56678967898e-09,199418357.849,199467773.438
199492870.331,1.70267525446e-09,4.89669739657e-08,199468162.537,199517578.125
199542675.018,1.29766841665e-09,8.78101566846e-09,199517967.224,199567382.812
199592479.706,8.02161983073e-10,3.80365273174e-09,199567771.912,199617187.5
199642284.393,1.01090823377e-09,5.06616814513e-09,199617576.599,199666992.188
199692089.081,1.01125438915e-09,5.00820350905e-09,199667381.287,199716796.875
199741893.768,9.62825898296e-10,5.90884116584e-09,199717185.974,199766601.562
199791698.456,1.30359435032e-09,5.00105520245e-09,199766990.662,199816406.25
199841503.143,1.19177921256e-09,6.65290348218e-09,199816795.349,199866210.938
199891307.831,9.74388833162e-10,5.23464784125e-09,199866600.037,199916015.625
199941112.518,9.47814569609e-10,3.61176282251e-09,199916404.724,199965820.312
199990917.206,9.73649368649e-10,5.21228781069e-09,199966209.412,200015625
200040721.893,1.08027240017e-09,7.44990202906e-09,200016014.099,200065429.688
200090526.581,9.35456642501e-10,4.45022151875e-09,200065818.787,200115234.375
200140331.268,1.04352652897e-09,3.62256290509e-09,200115623.474,200165039.062
200190135.956,8.23443364814e-10,3.61853402594e-09,200165428.162,200214843.75
200239940.643,9.59287980048e-10,6.0654140588e-09,200215232.849,200264648.438
200289745.331,8.2515539432e-10,4.06664894371e-09,200265037.537,200314453.125
200339550.018,8.57997162716e-10,4.89945040564e-09,200314842.224,200364257.812
200389354.706,1.25430937762e-09,8.19038538386e-09,200364646.912,200414062.5
200439159.393,1.12471761623e-09,6.37053522458e-09,200414451.599,200463867.188
200488964.081,1.09766886185e-09,6.97480724401e-09,200464256.287,200513671.875
200538768.768,7.82042268426e-10,4.70729967049e-09,200514060.974,200563476.562
200588573.456,1.12092321926e-09,4.54608006115e-09,200563865.662,200613281.25
200638378.143,1.30186378497e-09,7.19113029239e-09,200613670.349,200663085.938
200688182.831,8.36557685726e-10,4.47932589101e-09,200663475.037,200712890.625
200737987.518,9.70040955543e-10,3.99579503728e-09,200713279.724,200762695.312
200787792.206,1.13490830457e-09,4.56329099515e-09,200763084.412,200812500
200837596.893,9.08174873278e-10,5.46403292356e-09,200812889.099,200862304.688
200887401.581,1.05712236031e-09,6.27877390313e-09,200862693.787,200912109.375
200937206.268,9.89408490413e-10,4.64865868619e-09,200912498.474,200961914.062
200987010.956,1.25818161423e-09,6.99496150317e-09,200962303.162,201011718.75
201036815.643,1.14807561743e-09,7.8160947451e-09,201012107.849,201061523.438
201086620.331,1.10303374418e-09,7.44780488242e-09,201061912.537,201111328.125
201136425.018,9.81861697245e-10,4.83583037722e-09,201111717.224,201161132.812
201186229.706,1.19807718778e-09,5.59313485242e-09,201161521.912,201210937.5
201236034.393,1.09814018077e-09,7.2301555314e-09,201211326.599,201260742.188
201285839.081,9.63464761782e-10,4.05101090637e-09,201261131.287,201310546.875
201335643.768,1.00910032663e-09,4.75079714543e-09,201310935.974,201360351.562
201385448.456,1.11160083948e-09,3.92800715561e-09,201360740.662,201410156.25
201435253.143,1.02870821342e-09,7.65766056183e-09,201410545.349,201459960.938
201485057.831,1.07134773289e-09,5.90595725989e-09,201460350.037,201509765.625
201534862.518,9.07971751979e-10,5.78402060913e-09,201510154.724,201559570.312
201584667.206,1.00507643851e-09,4.08501947024e-09,201559959.412,201609375
201634471.893,9.0280987623e-10,4.3966362083e-09,201609764.099,201659179.688
201684276.581,7.77805344371e-10,5.06183700279e-09,201659568.787,201708984.375
201734081.268,8.84485203124e-10,3.81235110685e-09,201709373.474,201758789.062
201783885.956,1.23745758502e-09,8.05140601252e-09,201759178.162,201808593.75
201833690.643,1.04499747539e-09,5.73070212597e-09,201808982.849,201858398.438
201883495.331,9.2491404185e-10,3.4733288987e-09,201858787.537,201908203.125
201933300.018,1.45481781728e-09,8.64681039202e-09,201908592.224,201958007.812
201983104.706,1.82881405881e-09,5.34145767492e-08,201958396.912,202007812.5
202032909.393,1.14014565969e-09,6.1774918365e-09,202008201.599,202057617.188
202082714.081,9.79277823109e-10,5.3356226719e-09,202058006.287,202107421.875
202132518.768,9.32661530024e-10,7.27207160754e-09,202107810.974,202157226.562
202182323.456,1.21046484524e-09,8.34709510824e-09,202157615.662,202207031.25
202232128.143,7.59620386787e-10,3.96916379953e-09,202207420.349,202256835.938
202281932.831,1.18065880622e-09,8.72846000535e-09,202257225.037,202306640.625
202331737.518,9.03666928813e-10,4.71876028941e-09,202307029.724,202356445.312
202381542.206,1.10730924128e-09,4.71057099208e-09,202356834.412,202406250
202431346.893,9.94083835319e-10,5.16197769456e-09,202406639.099,202456054.688
202481151.581,1.38018778964e-09,5.537760586e-09,202456443.787,202505859.375
202530956.268,1.10272344278e-09,6.00454693948e-09,202506248.474,202555664.062
202580760.956,8.77145800564e-10,5.02694980538e-09,202556053.162,202605468.75
202630565.643,8.94914523558e-10,4.05747638878e-09,202605857.849,202655273.438
202680370.331,1.02065067391e-09,4.5595298179e-09,202655662.537,202705078.125
202730175.018,1.23784538482e-09,5.48587062969e-09,202705467.224,202754882.812
202779979.706,7.88777168455e-10,4.2167691192e-09,202755271.912,202804687.5
202829784.393,1.10851996833e-09,5.31695568848e-09,202805076.599,202854492.188
202879589.081,9.69720977116e-10,5.46815402144e-09,202854881.287,202904296.875
202929393.768,8.79976938005e-10,4.45907764253e-09,202904685.974,202954101.562
202979198.456,1.16048185004e-09,1.25881009218e-08,202954490.662,203003906.25
203029003.143,1.16175934978e-09,6.45502698775e-09,203004295.349,203053710.938
203078807.831,1.04539787226e-09,5.97344700935e-09,203054100.037,203103515.625
203128612.518,1.23461932402e-09,6.75936895333e-09,203103904.724,203153320.312
203178417.206,8.75323849752e-10,5.3586771899e-09,203153709.412,203203125
203228221.893,1.16105316915e-09,5.60141159327e-09,203203514.099,203252929.688
203278026.581,1.12808871134e-09,5.16281701027e-09,203253318.787,203302734.375
203327831.268,7.36557987731e-10,3.56041140397e-09,203303123.474,203352539.062
203377635.956,9.11923892476e-10,4.57739473163e-09,203352928.162,203402343.75
203427440.643,8.75604763199e-10,3.23128064251e-09,203402732.849,203452148.438
203477245.331,7.73819157288e-10,4.95514468524e-09,203452537.537,203501953.125
203527050.018,8.99127815966e-10,5.84098625621e-09,203502342.224,203551757.812
203576854.706,9.56129795641e-10,5.24020927667e-09,203552146.912,203601562.5
203626659.393,9.85748163953e-10,5.24026794474e-09,203601951.599,203651367.188
203676464.081,8.55213173855e-10,4.65943208604e-09,203651756.287,203701171.875
203726268.768,1.10253535476e-09,7.03969206835e-09,203701560.974,203750976.562
203776073.456,1.07294084904e-09,5.0511887525e-09,203751365.662,203800781.25
203825878.143,1.02686161261e-09,4.73755875386e-09,203801170.349,203850585.938
203875682.831,9.80165268717e-10,4.48807192405e-09,203850975.037,203900390.625
203925487.518,1.0249298418e-09,4.88054990252e-09,203900779.724,203950195.312
203975292.206,7.28897657576e-09,4.55618966082e-07,203950584.412,204000000
